WHOREGION,COUNTRY_CODE,COUNTRY_AREA_TERRITORY,ISO2,HEMISPHERE,FLUSEASON,ORIGIN_SOURCE,ISO_WEEKSTARTDATE,ISO_YEAR,ISO_WEEK,ISOYW,INF_A,INF_B,INF_ALL,SPEC_PROCESSED_NB,INF_NEGATIVE,positive_specimen_count,positive_count_source,positivity_rate_percent
WPR,JPN,Japan,JP,NH,NH,SENTINEL,1996-10-07,1996,41,199641,1.0,0.0,1.0,,,1.0,INF_ALL,
WPR,JPN,Japan,JP,NH,NH,SENTINEL,1996-10-14,1996,42,199642,2.0,0.0,2.0,,,2.0,INF_ALL,
WPR,JPN,Japan,JP,NH,NH,SENTINEL,1996-10-21,1996,43,199643,1.0,0.0,1.0,,,1.0,INF_ALL,
WPR,JPN,Japan,JP,NH,NH,SENTINEL,1996-10-28,1996,44,199644,4.0,0.0,4.0,,,4.0,INF_ALL,
WPR,JPN,Japan,JP,NH,NH,SENTINEL,1996-11-04,1996,45,199645,11.0,0.0,11.0,,,11.0,INF_ALL,
WPR,JPN,Japan,JP,NH,NH,SENTINEL,1996-11-11,1996,46,199646,12.0,0.0,12.0,,,12.0,INF_ALL,
WPR,JPN,Japan,JP,NH,NH,SENTINEL,1996-11-18,1996,47,199647,25.0,1.0,26.0,,,26.0,INF_ALL,
WPR,JPN,Japan,JP,NH,NH,SENTINEL,1996-11-25,1996,48,199648,63.0,2.0,65.0,,,65.0,INF_ALL,
WPR,JPN,Japan,JP,NH,NH,SENTINEL,1996-12-02,1996,49,199649,190.0,4.0,194.0,,,194.0,INF_ALL,
WPR,JPN,Japan,JP,NH,NH,SENTINEL,1996-12-09,1996,50,199650,433.0,3.0,436.0,,,436.0,INF_ALL,
WPR,JPN,Japan,JP,NH,NH,SENTINEL,1996-12-16,1996,51,199651,401.0,10.0,411.0,,,411.0,INF_ALL,
WPR,JPN,Japan,JP,NH,NH,SENTINEL,1996-12-23,1996,52,199652,269.0,1.0,270.0,,,270.0,INF_ALL,
WPR,JPN,Japan,JP,NH,NH,SENTINEL,1996-12-30,1997,1,199701,52.0,1.0,53.0,,,53.0,INF_ALL,
WPR,JPN,Japan,JP,NH,NH,SENTINEL,1997-01-06,1997,2,199702,338.0,3.0,341.0,,,341.0,INF_ALL,
WPR,JPN,Japan,JP,NH,NH,SENTINEL,1997-01-13,1997,3,199703,515.0,4.0,519.0,,,519.0,INF_ALL,
WPR,JPN,Japan,JP,NH,NH,SENTINEL,1997-01-20,1997,4,199704,389.0,8.0,397.0,,,397.0,INF_ALL,
WPR,JPN,Japan,JP,NH,NH,SENTINEL,1997-01-27,1997,5,199705,189.0,19.0,208.0,,,208.0,INF_ALL,
WPR,JPN,Japan,JP,NH,NH,SENTINEL,1997-02-03,1997,6,199706,123.0,43.0,166.0,,,166.0,INF_ALL,
WPR,JPN,Japan,JP,NH,NH,SENTINEL,1997-02-10,1997,7,199707,46.0,57.0,103.0,,,103.0,INF_ALL,
WPR,JPN,Japan,JP,NH,NH,SENTINEL,1997-02-17,1997,8,199708,48.0,81.0,129.0,,,129.0,INF_ALL,
WPR,JPN,Japan,JP,NH,NH,SENTINEL,1997-02-24,1997,9,199709,14.0,144.0,158.0,,,158.0,INF_ALL,
WPR,JPN,Japan,JP,NH,NH,SENTINEL,1997-03-03,1997,10,199710,7.0,156.0,163.0,,,163.0,INF_ALL,
WPR,JPN,Japan,JP,NH,NH,SENTINEL,1997-03-10,1997,11,199711,2.0,177.0,179.0,,,179.0,INF_ALL,
WPR,JPN,Japan,JP,NH,NH,SENTINEL,1997-03-17,1997,12,199712,1.0,127.0,128.0,,,128.0,INF_ALL,
WPR,JPN,Japan,JP,NH,NH,SENTINEL,1997-03-24,1997,13,199713,0.0,101.0,101.0,,,101.0,INF_ALL,
WPR,JPN,Japan,JP,NH,NH,SENTINEL,1997-03-31,1997,14,199714,1.0,50.0,51.0,,,51.0,INF_ALL,
WPR,JPN,Japan,JP,NH,NH,SENTINEL,1997-04-07,1997,15,199715,0.0,29.0,29.0,,,29.0,INF_ALL,
WPR,JPN,Japan,JP,NH,NH,SENTINEL,1997-04-21,1997,17,199717,,,,,,,Missing,
WPR,JPN,Japan,JP,NH,NH,SENTINEL,1997-06-30,1997,27,199727,,,,,,,Missing,
WPR,JPN,Japan,JP,NH,NH,SENTINEL,1997-12-01,1997,49,199749,5.0,,5.0,,,5.0,INF_ALL,
WPR,JPN,Japan,JP,NH,NH,SENTINEL,1997-12-08,1997,50,199750,6.0,,6.0,,,6.0,INF_ALL,
WPR,JPN,Japan,JP,NH,NH,SENTINEL,1997-12-22,1997,52,199752,,,,,,,Missing,
WPR,JPN,Japan,JP,NH,NH,SENTINEL,1997-12-29,1998,1,199801,,,,,,,Missing,
WPR,JPN,Japan,JP,NH,NH,SENTINEL,1998-01-05,1998,2,199802,,,,,,,Missing,
WPR,JPN,Japan,JP,NH,NH,SENTINEL,1998-01-12,1998,3,199803,,6.0,6.0,,,6.0,INF_ALL,
WPR,JPN,Japan,JP,NH,NH,SENTINEL,1998-01-19,1998,4,199804,,,,,,,Missing,
WPR,JPN,Japan,JP,NH,NH,SENTINEL,1998-01-26,1998,5,199805,4.0,,4.0,,,4.0,INF_ALL,
WPR,JPN,Japan,JP,NH,NH,SENTINEL,1998-02-02,1998,6,199806,,,,,,,Missing,
WPR,JPN,Japan,JP,NH,NH,SENTINEL,1998-02-09,1998,7,199807,,1.0,1.0,,,1.0,INF_ALL,
WPR,JPN,Japan,JP,NH,NH,SENTINEL,1998-02-16,1998,8,199808,,,,,,,Missing,
WPR,JPN,Japan,JP,NH,NH,SENTINEL,1998-02-23,1998,9,199809,,,,,,,Missing,
WPR,JPN,Japan,JP,NH,NH,SENTINEL,1998-03-02,1998,10,199810,,,,,,,Missing,
WPR,JPN,Japan,JP,NH,NH,SENTINEL,1998-03-16,1998,12,199812,,,,,,,Missing,
WPR,JPN,Japan,JP,NH,NH,SENTINEL,1998-03-30,1998,14,199814,2.0,1.0,3.0,,,3.0,INF_ALL,
WPR,JPN,Japan,JP,NH,NH,SENTINEL,1998-04-06,1998,15,199815,1.0,3.0,4.0,,,4.0,INF_ALL,
WPR,JPN,Japan,JP,NH,NH,SENTINEL,1998-04-13,1998,16,199816,7.0,14.0,21.0,,,21.0,INF_ALL,
WPR,JPN,Japan,JP,NH,NH,SENTINEL,1998-04-20,1998,17,199817,0.0,9.0,9.0,,,9.0,INF_ALL,
WPR,JPN,Japan,JP,NH,NH,SENTINEL,1998-04-27,1998,18,199818,0.0,3.0,3.0,,,3.0,INF_ALL,
WPR,JPN,Japan,JP,NH,NH,SENTINEL,1998-05-04,1998,19,199819,0.0,3.0,3.0,,,3.0,INF_ALL,
WPR,JPN,Japan,JP,NH,NH,SENTINEL,1998-05-11,1998,20,199820,0.0,11.0,11.0,,,11.0,INF_ALL,
WPR,JPN,Japan,JP,NH,NH,SENTINEL,1998-05-18,1998,21,199821,0.0,1.0,1.0,,,1.0,INF_ALL,
WPR,JPN,Japan,JP,NH,NH,SENTINEL,1998-05-25,1998,22,199822,0.0,0.0,,,,0.0,INF_A + INF_B,
WPR,JPN,Japan,JP,NH,NH,SENTINEL,1998-06-01,1998,23,199823,0.0,18.0,18.0,,,18.0,INF_ALL,
WPR,JPN,Japan,JP,NH,NH,SENTINEL,1998-06-08,1998,24,199824,0.0,3.0,3.0,,,3.0,INF_ALL,
WPR,JPN,Japan,JP,NH,NH,SENTINEL,1998-06-15,1998,25,199825,0.0,3.0,3.0,,,3.0,INF_ALL,
WPR,JPN,Japan,JP,NH,NH,SENTINEL,1998-06-22,1998,26,199826,0.0,0.0,,,,0.0,INF_A + INF_B,
WPR,JPN,Japan,JP,NH,NH,SENTINEL,1998-06-29,1998,27,199827,0.0,0.0,,,,0.0,INF_A + INF_B,
WPR,JPN,Japan,JP,NH,NH,SENTINEL,1998-07-06,1998,28,199828,0.0,0.0,,,,0.0,INF_A + INF_B,
WPR,JPN,Japan,JP,NH,NH,SENTINEL,1998-07-13,1998,29,199829,0.0,0.0,,,,0.0,INF_A + INF_B,
WPR,JPN,Japan,JP,NH,NH,SENTINEL,1998-07-20,1998,30,199830,0.0,0.0,,,,0.0,INF_A + INF_B,
WPR,JPN,Japan,JP,NH,NH,SENTINEL,1998-07-27,1998,31,199831,0.0,0.0,,,,0.0,INF_A + INF_B,
WPR,JPN,Japan,JP,NH,NH,SENTINEL,1998-08-03,1998,32,199832,0.0,0.0,,,,0.0,INF_A + INF_B,
WPR,JPN,Japan,JP,NH,NH,SENTINEL,1998-08-10,1998,33,199833,0.0,0.0,,,,0.0,INF_A + INF_B,
WPR,JPN,Japan,JP,NH,NH,SENTINEL,1998-08-17,1998,34,199834,0.0,0.0,,,,0.0,INF_A + INF_B,
WPR,JPN,Japan,JP,NH,NH,SENTINEL,1998-08-24,1998,35,199835,0.0,0.0,,,,0.0,INF_A + INF_B,
WPR,JPN,Japan,JP,NH,NH,SENTINEL,1998-08-31,1998,36,199836,0.0,0.0,,,,0.0,INF_A + INF_B,
WPR,JPN,Japan,JP,NH,NH,SENTINEL,1998-09-07,1998,37,199837,0.0,0.0,,,,0.0,INF_A + INF_B,
WPR,JPN,Japan,JP,NH,NH,SENTINEL,1998-09-14,1998,38,199838,0.0,0.0,,,,0.0,INF_A + INF_B,
WPR,JPN,Japan,JP,NH,NH,SENTINEL,1998-09-21,1998,39,199839,1.0,,1.0,,,1.0,INF_ALL,
WPR,JPN,Japan,JP,NH,NH,SENTINEL,1998-09-28,1998,40,199840,0.0,0.0,,,,0.0,INF_A + INF_B,
WPR,JPN,Japan,JP,NH,NH,SENTINEL,1998-10-05,1998,41,199841,1.0,,1.0,,,1.0,INF_ALL,
WPR,JPN,Japan,JP,NH,NH,SENTINEL,1998-10-12,1998,42,199842,0.0,0.0,,,,0.0,INF_A + INF_B,
WPR,JPN,Japan,JP,NH,NH,SENTINEL,1998-10-19,1998,43,199843,1.0,,1.0,,,1.0,INF_ALL,
WPR,JPN,Japan,JP,NH,NH,SENTINEL,1998-10-26,1998,44,199844,,,,,,,Missing,
WPR,JPN,Japan,JP,NH,NH,SENTINEL,1998-11-02,1998,45,199845,3.0,0.0,3.0,,,3.0,INF_ALL,
WPR,JPN,Japan,JP,NH,NH,SENTINEL,1998-11-09,1998,46,199846,2.0,9.0,11.0,,,11.0,INF_ALL,
WPR,JPN,Japan,JP,NH,NH,SENTINEL,1998-11-16,1998,47,199847,10.0,0.0,10.0,,,10.0,INF_ALL,
WPR,JPN,Japan,JP,NH,NH,SENTINEL,1998-11-23,1998,48,199848,6.0,15.0,21.0,,,21.0,INF_ALL,
WPR,JPN,Japan,JP,NH,NH,SENTINEL,1998-11-30,1998,49,199849,9.0,17.0,26.0,,,26.0,INF_ALL,
WPR,JPN,Japan,JP,NH,NH,SENTINEL,1998-12-07,1998,50,199850,50.0,19.0,69.0,,,69.0,INF_ALL,
WPR,JPN,Japan,JP,NH,NH,SENTINEL,1998-12-14,1998,51,199851,88.0,11.0,99.0,,,99.0,INF_ALL,
WPR,JPN,Japan,JP,NH,NH,SENTINEL,1998-12-21,1998,52,199852,70.0,5.0,75.0,,,75.0,INF_ALL,
WPR,JPN,Japan,JP,NH,NH,SENTINEL,1998-12-28,1998,53,199853,689.0,16.0,705.0,,,705.0,INF_ALL,
WPR,JPN,Japan,JP,NH,NH,SENTINEL,1999-01-04,1999,1,199901,1040.0,40.0,1080.0,,,1080.0,INF_ALL,
WPR,JPN,Japan,JP,NH,NH,SENTINEL,1999-01-11,1999,2,199902,1292.0,135.0,1427.0,,,1427.0,INF_ALL,
WPR,JPN,Japan,JP,NH,NH,SENTINEL,1999-01-18,1999,3,199903,985.0,208.0,1193.0,,,1193.0,INF_ALL,
WPR,JPN,Japan,JP,NH,NH,SENTINEL,1999-01-25,1999,4,199904,543.0,343.0,886.0,,,886.0,INF_ALL,
WPR,JPN,Japan,JP,NH,NH,SENTINEL,1999-02-01,1999,5,199905,182.0,381.0,563.0,,,563.0,INF_ALL,
WPR,JPN,Japan,JP,NH,NH,SENTINEL,1999-02-08,1999,6,199906,106.0,487.0,593.0,,,593.0,INF_ALL,
WPR,JPN,Japan,JP,NH,NH,SENTINEL,1999-02-15,1999,7,199907,48.0,530.0,578.0,,,578.0,INF_ALL,
WPR,JPN,Japan,JP,NH,NH,SENTINEL,1999-02-22,1999,8,199908,19.0,576.0,595.0,,,595.0,INF_ALL,
WPR,JPN,Japan,JP,NH,NH,SENTINEL,1999-03-01,1999,9,199909,17.0,556.0,573.0,,,573.0,INF_ALL,
WPR,JPN,Japan,JP,NH,NH,SENTINEL,1999-03-08,1999,10,199910,2.0,372.0,374.0,,,374.0,INF_ALL,
WPR,JPN,Japan,JP,NH,NH,SENTINEL,1999-03-15,1999,11,199911,2.0,142.0,144.0,,,144.0,INF_ALL,
WPR,JPN,Japan,JP,NH,NH,SENTINEL,1999-03-22,1999,12,199912,0.0,125.0,125.0,,,125.0,INF_ALL,
WPR,JPN,Japan,JP,NH,NH,SENTINEL,1999-03-29,1999,13,199913,0.0,66.0,66.0,,,66.0,INF_ALL,
WPR,JPN,Japan,JP,NH,NH,SENTINEL,1999-04-05,1999,14,199914,1.0,78.0,79.0,,,79.0,INF_ALL,
WPR,JPN,Japan,JP,NH,NH,SENTINEL,1999-04-12,1999,15,199915,0.0,76.0,76.0,,,76.0,INF_ALL,
WPR,JPN,Japan,JP,NH,NH,SENTINEL,1999-04-19,1999,16,199916,0.0,18.0,18.0,,,18.0,INF_ALL,
WPR,JPN,Japan,JP,NH,NH,SENTINEL,1999-04-26,1999,17,199917,0.0,6.0,6.0,,,6.0,INF_ALL,
WPR,JPN,Japan,JP,NH,NH,SENTINEL,1999-05-03,1999,18,199918,0.0,5.0,5.0,,,5.0,INF_ALL,
WPR,JPN,Japan,JP,NH,NH,SENTINEL,1999-05-10,1999,19,199919,0.0,5.0,5.0,,,5.0,INF_ALL,
WPR,JPN,Japan,JP,NH,NH,SENTINEL,1999-05-17,1999,20,199920,0.0,1.0,1.0,,,1.0,INF_ALL,
WPR,JPN,Japan,JP,NH,NH,SENTINEL,1999-05-24,1999,21,199921,1.0,0.0,1.0,,,1.0,INF_ALL,
WPR,JPN,Japan,JP,NH,NH,SENTINEL,1999-05-31,1999,22,199922,0.0,0.0,,,,0.0,INF_A + INF_B,
WPR,JPN,Japan,JP,NH,NH,SENTINEL,1999-06-07,1999,23,199923,0.0,0.0,,,,0.0,INF_A + INF_B,
WPR,JPN,Japan,JP,NH,NH,SENTINEL,1999-06-14,1999,24,199924,0.0,0.0,,,,0.0,INF_A + INF_B,
WPR,JPN,Japan,JP,NH,NH,SENTINEL,1999-06-21,1999,25,199925,0.0,0.0,,,,0.0,INF_A + INF_B,
WPR,JPN,Japan,JP,NH,NH,SENTINEL,1999-06-28,1999,26,199926,0.0,0.0,,,,0.0,INF_A + INF_B,
WPR,JPN,Japan,JP,NH,NH,SENTINEL,1999-07-05,1999,27,199927,0.0,0.0,,,,0.0,INF_A + INF_B,
WPR,JPN,Japan,JP,NH,NH,SENTINEL,1999-07-12,1999,28,199928,0.0,0.0,,,,0.0,INF_A + INF_B,
WPR,JPN,Japan,JP,NH,NH,SENTINEL,1999-07-19,1999,29,199929,0.0,0.0,,,,0.0,INF_A + INF_B,
WPR,JPN,Japan,JP,NH,NH,SENTINEL,1999-07-26,1999,30,199930,0.0,0.0,,,,0.0,INF_A + INF_B,
WPR,JPN,Japan,JP,NH,NH,SENTINEL,1999-08-02,1999,31,199931,0.0,0.0,,,,0.0,INF_A + INF_B,
WPR,JPN,Japan,JP,NH,NH,SENTINEL,1999-08-09,1999,32,199932,0.0,0.0,,,,0.0,INF_A + INF_B,
WPR,JPN,Japan,JP,NH,NH,SENTINEL,1999-08-16,1999,33,199933,1.0,0.0,1.0,,,1.0,INF_ALL,
WPR,JPN,Japan,JP,NH,NH,SENTINEL,1999-08-23,1999,34,199934,0.0,0.0,,,,0.0,INF_A + INF_B,
WPR,JPN,Japan,JP,NH,NH,SENTINEL,1999-08-30,1999,35,199935,0.0,0.0,,,,0.0,INF_A + INF_B,
WPR,JPN,Japan,JP,NH,NH,SENTINEL,1999-09-06,1999,36,199936,0.0,0.0,,,,0.0,INF_A + INF_B,
WPR,JPN,Japan,JP,NH,NH,SENTINEL,1999-09-13,1999,37,199937,0.0,0.0,,,,0.0,INF_A + INF_B,
WPR,JPN,Japan,JP,NH,NH,SENTINEL,1999-09-20,1999,38,199938,0.0,0.0,,,,0.0,INF_A + INF_B,
WPR,JPN,Japan,JP,NH,NH,SENTINEL,1999-09-27,1999,39,199939,0.0,0.0,,,,0.0,INF_A + INF_B,
WPR,JPN,Japan,JP,NH,NH,SENTINEL,1999-10-04,1999,40,199940,0.0,0.0,,,,0.0,INF_A + INF_B,
WPR,JPN,Japan,JP,NH,NH,SENTINEL,1999-10-11,1999,41,199941,1.0,0.0,1.0,,,1.0,INF_ALL,
WPR,JPN,Japan,JP,NH,NH,SENTINEL,1999-10-18,1999,42,199942,0.0,0.0,,,,0.0,INF_A + INF_B,
WPR,JPN,Japan,JP,NH,NH,SENTINEL,1999-10-25,1999,43,199943,1.0,0.0,1.0,,,1.0,INF_ALL,
WPR,JPN,Japan,JP,NH,NH,SENTINEL,1999-11-01,1999,44,199944,7.0,0.0,7.0,,,7.0,INF_ALL,
WPR,JPN,Japan,JP,NH,NH,SENTINEL,1999-11-08,1999,45,199945,4.0,0.0,4.0,,,4.0,INF_ALL,
WPR,JPN,Japan,JP,NH,NH,SENTINEL,1999-11-15,1999,46,199946,13.0,0.0,13.0,,,13.0,INF_ALL,
WPR,JPN,Japan,JP,NH,NH,SENTINEL,1999-11-22,1999,47,199947,44.0,0.0,44.0,,,44.0,INF_ALL,
WPR,JPN,Japan,JP,NH,NH,SENTINEL,1999-11-29,1999,48,199948,84.0,1.0,85.0,,,85.0,INF_ALL,
WPR,JPN,Japan,JP,NH,NH,SENTINEL,1999-12-06,1999,49,199949,183.0,1.0,184.0,,,184.0,INF_ALL,
WPR,JPN,Japan,JP,NH,NH,SENTINEL,1999-12-13,1999,50,199950,262.0,0.0,262.0,,,262.0,INF_ALL,
WPR,JPN,Japan,JP,NH,NH,SENTINEL,1999-12-20,1999,51,199951,146.0,0.0,146.0,,,146.0,INF_ALL,
WPR,JPN,Japan,JP,NH,NH,SENTINEL,1999-12-27,1999,52,199952,405.0,0.0,405.0,,,405.0,INF_ALL,
WPR,JPN,Japan,JP,NH,NH,SENTINEL,2000-01-03,2000,1,200001,683.0,0.0,683.0,,,683.0,INF_ALL,
WPR,JPN,Japan,JP,NH,NH,SENTINEL,2000-01-10,2000,2,200002,1444.0,0.0,1444.0,,,1444.0,INF_ALL,
WPR,JPN,Japan,JP,NH,NH,SENTINEL,2000-01-17,2000,3,200003,1054.0,0.0,1054.0,,,1054.0,INF_ALL,
WPR,JPN,Japan,JP,NH,NH,SENTINEL,2000-01-24,2000,4,200004,979.0,1.0,980.0,,,980.0,INF_ALL,
WPR,JPN,Japan,JP,NH,NH,SENTINEL,2000-01-31,2000,5,200005,616.0,0.0,616.0,,,616.0,INF_ALL,
WPR,JPN,Japan,JP,NH,NH,SENTINEL,2000-02-07,2000,6,200006,460.0,0.0,460.0,,,460.0,INF_ALL,
WPR,JPN,Japan,JP,NH,NH,SENTINEL,2000-02-14,2000,7,200007,318.0,1.0,319.0,,,319.0,INF_ALL,
WPR,JPN,Japan,JP,NH,NH,SENTINEL,2000-02-21,2000,8,200008,210.0,0.0,210.0,,,210.0,INF_ALL,
WPR,JPN,Japan,JP,NH,NH,SENTINEL,2000-02-28,2000,9,200009,121.0,0.0,121.0,,,121.0,INF_ALL,
WPR,JPN,Japan,JP,NH,NH,SENTINEL,2000-03-06,2000,10,200010,66.0,1.0,67.0,,,67.0,INF_ALL,
WPR,JPN,Japan,JP,NH,NH,SENTINEL,2000-03-13,2000,11,200011,22.0,0.0,22.0,,,22.0,INF_ALL,
WPR,JPN,Japan,JP,NH,NH,SENTINEL,2000-03-20,2000,12,200012,14.0,0.0,14.0,,,14.0,INF_ALL,
WPR,JPN,Japan,JP,NH,NH,SENTINEL,2000-03-27,2000,13,200013,6.0,1.0,7.0,,,7.0,INF_ALL,
WPR,JPN,Japan,JP,NH,NH,SENTINEL,2000-04-03,2000,14,200014,4.0,1.0,5.0,,,5.0,INF_ALL,
WPR,JPN,Japan,JP,NH,NH,SENTINEL,2000-04-10,2000,15,200015,0.0,0.0,,,,0.0,INF_A + INF_B,
WPR,JPN,Japan,JP,NH,NH,SENTINEL,2000-04-17,2000,16,200016,0.0,0.0,,,,0.0,INF_A + INF_B,
WPR,JPN,Japan,JP,NH,NH,SENTINEL,2000-04-24,2000,17,200017,1.0,0.0,1.0,,,1.0,INF_ALL,
WPR,JPN,Japan,JP,NH,NH,SENTINEL,2000-05-01,2000,18,200018,0.0,1.0,1.0,,,1.0,INF_ALL,
WPR,JPN,Japan,JP,NH,NH,SENTINEL,2000-05-08,2000,19,200019,0.0,0.0,,,,0.0,INF_A + INF_B,
WPR,JPN,Japan,JP,NH,NH,SENTINEL,2000-05-15,2000,20,200020,0.0,0.0,,,,0.0,INF_A + INF_B,
WPR,JPN,Japan,JP,NH,NH,SENTINEL,2000-05-22,2000,21,200021,0.0,0.0,,,,0.0,INF_A + INF_B,
WPR,JPN,Japan,JP,NH,NH,SENTINEL,2000-05-29,2000,22,200022,1.0,0.0,1.0,,,1.0,INF_ALL,
WPR,JPN,Japan,JP,NH,NH,SENTINEL,2000-06-05,2000,23,200023,0.0,0.0,,,,0.0,INF_A + INF_B,
WPR,JPN,Japan,JP,NH,NH,SENTINEL,2000-06-12,2000,24,200024,0.0,0.0,,,,0.0,INF_A + INF_B,
WPR,JPN,Japan,JP,NH,NH,SENTINEL,2000-06-19,2000,25,200025,0.0,1.0,1.0,,,1.0,INF_ALL,
WPR,JPN,Japan,JP,NH,NH,SENTINEL,2000-06-26,2000,26,200026,0.0,0.0,,,,0.0,INF_A + INF_B,
WPR,JPN,Japan,JP,NH,NH,SENTINEL,2000-07-03,2000,27,200027,0.0,0.0,,,,0.0,INF_A + INF_B,
WPR,JPN,Japan,JP,NH,NH,SENTINEL,2000-07-10,2000,28,200028,0.0,0.0,,,,0.0,INF_A + INF_B,
WPR,JPN,Japan,JP,NH,NH,SENTINEL,2000-07-17,2000,29,200029,0.0,0.0,,,,0.0,INF_A + INF_B,
WPR,JPN,Japan,JP,NH,NH,SENTINEL,2000-07-24,2000,30,200030,0.0,1.0,1.0,,,1.0,INF_ALL,
WPR,JPN,Japan,JP,NH,NH,SENTINEL,2000-07-31,2000,31,200031,2.0,0.0,2.0,,,2.0,INF_ALL,
WPR,JPN,Japan,JP,NH,NH,SENTINEL,2000-08-07,2000,32,200032,0.0,0.0,,,,0.0,INF_A + INF_B,
WPR,JPN,Japan,JP,NH,NH,SENTINEL,2000-08-14,2000,33,200033,0.0,0.0,,,,0.0,INF_A + INF_B,
WPR,JPN,Japan,JP,NH,NH,SENTINEL,2000-08-21,2000,34,200034,0.0,0.0,,,,0.0,INF_A + INF_B,
WPR,JPN,Japan,JP,NH,NH,SENTINEL,2000-08-28,2000,35,200035,1.0,0.0,1.0,,,1.0,INF_ALL,
WPR,JPN,Japan,JP,NH,NH,SENTINEL,2000-09-04,2000,36,200036,0.0,0.0,,,,0.0,INF_A + INF_B,
WPR,JPN,Japan,JP,NH,NH,SENTINEL,2000-09-11,2000,37,200037,0.0,0.0,,,,0.0,INF_A + INF_B,
WPR,JPN,Japan,JP,NH,NH,SENTINEL,2000-09-18,2000,38,200038,0.0,1.0,1.0,,,1.0,INF_ALL,
WPR,JPN,Japan,JP,NH,NH,SENTINEL,2000-09-25,2000,39,200039,0.0,0.0,,,,0.0,INF_A + INF_B,
WPR,JPN,Japan,JP,NH,NH,SENTINEL,2000-10-02,2000,40,200040,0.0,0.0,,,,0.0,INF_A + INF_B,
WPR,JPN,Japan,JP,NH,NH,SENTINEL,2000-10-09,2000,41,200041,0.0,0.0,,,,0.0,INF_A + INF_B,
WPR,JPN,Japan,JP,NH,NH,SENTINEL,2000-10-16,2000,42,200042,0.0,0.0,,,,0.0,INF_A + INF_B,
WPR,JPN,Japan,JP,NH,NH,SENTINEL,2000-10-23,2000,43,200043,0.0,1.0,1.0,,,1.0,INF_ALL,
WPR,JPN,Japan,JP,NH,NH,SENTINEL,2000-10-30,2000,44,200044,0.0,0.0,,,,0.0,INF_A + INF_B,
WPR,JPN,Japan,JP,NH,NH,SENTINEL,2000-11-06,2000,45,200045,0.0,0.0,,,,0.0,INF_A + INF_B,
WPR,JPN,Japan,JP,NH,NH,SENTINEL,2000-11-13,2000,46,200046,1.0,0.0,1.0,,,1.0,INF_ALL,
WPR,JPN,Japan,JP,NH,NH,SENTINEL,2000-11-20,2000,47,200047,2.0,0.0,2.0,,,2.0,INF_ALL,
WPR,JPN,Japan,JP,NH,NH,SENTINEL,2000-11-27,2000,48,200048,0.0,1.0,1.0,,,1.0,INF_ALL,
WPR,JPN,Japan,JP,NH,NH,SENTINEL,2000-12-04,2000,49,200049,11.0,0.0,11.0,,,11.0,INF_ALL,
WPR,JPN,Japan,JP,NH,NH,SENTINEL,2000-12-11,2000,50,200050,10.0,2.0,12.0,,,12.0,INF_ALL,
WPR,JPN,Japan,JP,NH,NH,SENTINEL,2000-12-25,2000,52,200052,5.0,1.0,6.0,,,6.0,INF_ALL,
WPR,JPN,Japan,JP,NH,NH,SENTINEL,2001-01-01,2001,1,200101,17.0,8.0,25.0,,,25.0,INF_ALL,
WPR,JPN,Japan,JP,NH,NH,SENTINEL,2001-01-08,2001,2,200102,55.0,23.0,78.0,,,78.0,INF_ALL,
WPR,JPN,Japan,JP,NH,NH,SENTINEL,2001-01-15,2001,3,200103,81.0,61.0,142.0,,,142.0,INF_ALL,
WPR,JPN,Japan,JP,NH,NH,SENTINEL,2001-01-22,2001,4,200104,93.0,118.0,211.0,,,211.0,INF_ALL,
WPR,JPN,Japan,JP,NH,NH,SENTINEL,2001-01-29,2001,5,200105,212.0,182.0,394.0,,,394.0,INF_ALL,
WPR,JPN,Japan,JP,NH,NH,SENTINEL,2001-02-05,2001,6,200106,159.0,111.0,270.0,,,270.0,INF_ALL,
WPR,JPN,Japan,JP,NH,NH,SENTINEL,2001-02-12,2001,7,200107,338.0,231.0,569.0,,,569.0,INF_ALL,
WPR,JPN,Japan,JP,NH,NH,SENTINEL,2001-02-19,2001,8,200108,363.0,229.0,592.0,,,592.0,INF_ALL,
WPR,JPN,Japan,JP,NH,NH,SENTINEL,2001-02-26,2001,9,200109,395.0,277.0,672.0,,,672.0,INF_ALL,
WPR,JPN,Japan,JP,NH,NH,SENTINEL,2001-03-05,2001,10,200110,314.0,257.0,571.0,,,571.0,INF_ALL,
WPR,JPN,Japan,JP,NH,NH,SENTINEL,2001-03-12,2001,11,200111,169.0,166.0,335.0,,,335.0,INF_ALL,
WPR,JPN,Japan,JP,NH,NH,SENTINEL,2001-03-19,2001,12,200112,137.0,149.0,286.0,,,286.0,INF_ALL,
WPR,JPN,Japan,JP,NH,NH,SENTINEL,2001-03-26,2001,13,200113,114.0,130.0,244.0,,,244.0,INF_ALL,
WPR,JPN,Japan,JP,NH,NH,SENTINEL,2001-04-02,2001,14,200114,74.0,101.0,175.0,,,175.0,INF_ALL,
WPR,JPN,Japan,JP,NH,NH,SENTINEL,2001-04-09,2001,15,200115,54.0,79.0,133.0,,,133.0,INF_ALL,
WPR,JPN,Japan,JP,NH,NH,SENTINEL,2001-04-16,2001,16,200116,27.0,54.0,81.0,,,81.0,INF_ALL,
WPR,JPN,Japan,JP,NH,NH,SENTINEL,2001-04-23,2001,17,200117,7.0,21.0,28.0,,,28.0,INF_ALL,
WPR,JPN,Japan,JP,NH,NH,SENTINEL,2001-04-30,2001,18,200118,11.0,32.0,43.0,,,43.0,INF_ALL,
WPR,JPN,Japan,JP,NH,NH,SENTINEL,2001-05-07,2001,19,200119,5.0,18.0,23.0,,,23.0,INF_ALL,
WPR,JPN,Japan,JP,NH,NH,SENTINEL,2001-05-14,2001,20,200120,2.0,11.0,13.0,,,13.0,INF_ALL,
WPR,JPN,Japan,JP,NH,NH,SENTINEL,2001-05-21,2001,21,200121,3.0,7.0,10.0,,,10.0,INF_ALL,
WPR,JPN,Japan,JP,NH,NH,SENTINEL,2001-05-28,2001,22,200122,0.0,10.0,10.0,,,10.0,INF_ALL,
WPR,JPN,Japan,JP,NH,NH,SENTINEL,2001-06-04,2001,23,200123,1.0,12.0,13.0,,,13.0,INF_ALL,
WPR,JPN,Japan,JP,NH,NH,SENTINEL,2001-06-11,2001,24,200124,0.0,5.0,5.0,,,5.0,INF_ALL,
WPR,JPN,Japan,JP,NH,NH,SENTINEL,2001-06-18,2001,25,200125,0.0,5.0,5.0,,,5.0,INF_ALL,
WPR,JPN,Japan,JP,NH,NH,SENTINEL,2001-06-25,2001,26,200126,0.0,4.0,4.0,,,4.0,INF_ALL,
WPR,JPN,Japan,JP,NH,NH,SENTINEL,2001-07-02,2001,27,200127,1.0,1.0,2.0,,,2.0,INF_ALL,
WPR,JPN,Japan,JP,NH,NH,SENTINEL,2001-07-09,2001,28,200128,0.0,0.0,,,,0.0,INF_A + INF_B,
WPR,JPN,Japan,JP,NH,NH,SENTINEL,2001-07-16,2001,29,200129,0.0,0.0,,,,0.0,INF_A + INF_B,
WPR,JPN,Japan,JP,NH,NH,SENTINEL,2001-07-23,2001,30,200130,0.0,0.0,,,,0.0,INF_A + INF_B,
WPR,JPN,Japan,JP,NH,NH,SENTINEL,2001-07-30,2001,31,200131,0.0,0.0,,,,0.0,INF_A + INF_B,
WPR,JPN,Japan,JP,NH,NH,SENTINEL,2001-08-06,2001,32,200132,0.0,0.0,,,,0.0,INF_A + INF_B,
WPR,JPN,Japan,JP,NH,NH,SENTINEL,2001-08-13,2001,33,200133,0.0,0.0,,,,0.0,INF_A + INF_B,
WPR,JPN,Japan,JP,NH,NH,SENTINEL,2001-08-20,2001,34,200134,1.0,0.0,1.0,,,1.0,INF_ALL,
WPR,JPN,Japan,JP,NH,NH,SENTINEL,2001-08-27,2001,35,200135,0.0,0.0,,,,0.0,INF_A + INF_B,
WPR,JPN,Japan,JP,NH,NH,SENTINEL,2001-09-03,2001,36,200136,0.0,0.0,,,,0.0,INF_A + INF_B,
WPR,JPN,Japan,JP,NH,NH,SENTINEL,2001-09-10,2001,37,200137,0.0,0.0,,,,0.0,INF_A + INF_B,
WPR,JPN,Japan,JP,NH,NH,SENTINEL,2001-09-17,2001,38,200138,0.0,1.0,1.0,,,1.0,INF_ALL,
WPR,JPN,Japan,JP,NH,NH,SENTINEL,2001-09-24,2001,39,200139,0.0,0.0,,,,0.0,INF_A + INF_B,
WPR,JPN,Japan,JP,NH,NH,SENTINEL,2001-10-01,2001,40,200140,0.0,0.0,,,,0.0,INF_A + INF_B,
WPR,JPN,Japan,JP,NH,NH,SENTINEL,2001-10-08,2001,41,200141,1.0,0.0,1.0,,,1.0,INF_ALL,
WPR,JPN,Japan,JP,NH,NH,SENTINEL,2001-10-15,2001,42,200142,4.0,0.0,4.0,,,4.0,INF_ALL,
WPR,JPN,Japan,JP,NH,NH,SENTINEL,2001-10-22,2001,43,200143,1.0,0.0,1.0,,,1.0,INF_ALL,
WPR,JPN,Japan,JP,NH,NH,SENTINEL,2001-10-29,2001,44,200144,1.0,0.0,1.0,,,1.0,INF_ALL,
WPR,JPN,Japan,JP,NH,NH,SENTINEL,2001-11-05,2001,45,200145,4.0,0.0,4.0,,,4.0,INF_ALL,
WPR,JPN,Japan,JP,NH,NH,SENTINEL,2001-11-12,2001,46,200146,9.0,0.0,9.0,,,9.0,INF_ALL,
WPR,JPN,Japan,JP,NH,NH,SENTINEL,2001-11-19,2001,47,200147,7.0,0.0,7.0,,,7.0,INF_ALL,
WPR,JPN,Japan,JP,NH,NH,SENTINEL,2001-11-26,2001,48,200148,8.0,0.0,8.0,,,8.0,INF_ALL,
WPR,JPN,Japan,JP,NH,NH,SENTINEL,2001-12-03,2001,49,200149,16.0,1.0,17.0,,,17.0,INF_ALL,
WPR,JPN,Japan,JP,NH,NH,SENTINEL,2001-12-10,2001,50,200150,30.0,12.0,42.0,,,42.0,INF_ALL,
WPR,JPN,Japan,JP,NH,NH,SENTINEL,2001-12-17,2001,51,200151,37.0,1.0,38.0,,,38.0,INF_ALL,
WPR,JPN,Japan,JP,NH,NH,SENTINEL,2001-12-24,2001,52,200152,41.0,2.0,43.0,,,43.0,INF_ALL,
WPR,JPN,Japan,JP,NH,NH,SENTINEL,2001-12-31,2002,1,200201,217.0,4.0,221.0,,,221.0,INF_ALL,
WPR,JPN,Japan,JP,NH,NH,SENTINEL,2002-01-07,2002,2,200202,355.0,12.0,367.0,,,367.0,INF_ALL,
WPR,JPN,Japan,JP,NH,NH,SENTINEL,2002-01-14,2002,3,200203,736.0,52.0,788.0,,,788.0,INF_ALL,
WPR,JPN,Japan,JP,NH,NH,SENTINEL,2002-01-21,2002,4,200204,827.0,66.0,893.0,,,893.0,INF_ALL,
WPR,JPN,Japan,JP,NH,NH,SENTINEL,2002-01-28,2002,5,200205,930.0,86.0,1016.0,,,1016.0,INF_ALL,
WPR,JPN,Japan,JP,NH,NH,SENTINEL,2002-02-04,2002,6,200206,627.0,75.0,702.0,,,702.0,INF_ALL,
WPR,JPN,Japan,JP,NH,NH,SENTINEL,2002-02-11,2002,7,200207,796.0,158.0,954.0,,,954.0,INF_ALL,
WPR,JPN,Japan,JP,NH,NH,SENTINEL,2002-02-18,2002,8,200208,569.0,154.0,723.0,,,723.0,INF_ALL,
WPR,JPN,Japan,JP,NH,NH,SENTINEL,2002-02-25,2002,9,200209,383.0,204.0,587.0,,,587.0,INF_ALL,
WPR,JPN,Japan,JP,NH,NH,SENTINEL,2002-03-04,2002,10,200210,300.0,211.0,511.0,,,511.0,INF_ALL,
WPR,JPN,Japan,JP,NH,NH,SENTINEL,2002-03-11,2002,11,200211,181.0,183.0,364.0,,,364.0,INF_ALL,
WPR,JPN,Japan,JP,NH,NH,SENTINEL,2002-03-18,2002,12,200212,106.0,102.0,208.0,,,208.0,INF_ALL,
WPR,JPN,Japan,JP,NH,NH,SENTINEL,2002-03-25,2002,13,200213,55.0,57.0,112.0,,,112.0,INF_ALL,
WPR,JPN,Japan,JP,NH,NH,SENTINEL,2002-04-01,2002,14,200214,42.0,47.0,89.0,,,89.0,INF_ALL,
WPR,JPN,Japan,JP,NH,NH,SENTINEL,2002-04-08,2002,15,200215,25.0,85.0,110.0,,,110.0,INF_ALL,
WPR,JPN,Japan,JP,NH,NH,SENTINEL,2002-04-15,2002,16,200216,13.0,95.0,108.0,,,108.0,INF_ALL,
WPR,JPN,Japan,JP,NH,NH,SENTINEL,2002-04-22,2002,17,200217,7.0,22.0,29.0,,,29.0,INF_ALL,
WPR,JPN,Japan,JP,NH,NH,SENTINEL,2002-04-29,2002,18,200218,4.0,40.0,44.0,,,44.0,INF_ALL,
WPR,JPN,Japan,JP,NH,NH,SENTINEL,2002-05-06,2002,19,200219,3.0,38.0,41.0,,,41.0,INF_ALL,
WPR,JPN,Japan,JP,NH,NH,SENTINEL,2002-05-13,2002,20,200220,1.0,25.0,26.0,,,26.0,INF_ALL,
WPR,JPN,Japan,JP,NH,NH,SENTINEL,2002-05-20,2002,21,200221,3.0,53.0,56.0,,,56.0,INF_ALL,
WPR,JPN,Japan,JP,NH,NH,SENTINEL,2002-05-27,2002,22,200222,2.0,15.0,17.0,,,17.0,INF_ALL,
WPR,JPN,Japan,JP,NH,NH,SENTINEL,2002-06-03,2002,23,200223,0.0,4.0,4.0,,,4.0,INF_ALL,
WPR,JPN,Japan,JP,NH,NH,SENTINEL,2002-06-10,2002,24,200224,0.0,6.0,6.0,,,6.0,INF_ALL,
WPR,JPN,Japan,JP,NH,NH,SENTINEL,2002-06-17,2002,25,200225,0.0,5.0,5.0,,,5.0,INF_ALL,
WPR,JPN,Japan,JP,NH,NH,SENTINEL,2002-06-24,2002,26,200226,0.0,2.0,2.0,,,2.0,INF_ALL,
WPR,JPN,Japan,JP,NH,NH,SENTINEL,2002-07-01,2002,27,200227,0.0,2.0,2.0,,,2.0,INF_ALL,
WPR,JPN,Japan,JP,NH,NH,SENTINEL,2002-07-08,2002,28,200228,0.0,0.0,,,,0.0,INF_A + INF_B,
WPR,JPN,Japan,JP,NH,NH,SENTINEL,2002-07-15,2002,29,200229,0.0,0.0,,,,0.0,INF_A + INF_B,
WPR,JPN,Japan,JP,NH,NH,SENTINEL,2002-07-22,2002,30,200230,0.0,0.0,,,,0.0,INF_A + INF_B,
WPR,JPN,Japan,JP,NH,NH,SENTINEL,2002-07-29,2002,31,200231,0.0,0.0,,,,0.0,INF_A + INF_B,
WPR,JPN,Japan,JP,NH,NH,SENTINEL,2002-08-05,2002,32,200232,0.0,0.0,,,,0.0,INF_A + INF_B,
WPR,JPN,Japan,JP,NH,NH,SENTINEL,2002-08-12,2002,33,200233,1.0,0.0,1.0,,,1.0,INF_ALL,
WPR,JPN,Japan,JP,NH,NH,SENTINEL,2002-08-19,2002,34,200234,0.0,0.0,,,,0.0,INF_A + INF_B,
WPR,JPN,Japan,JP,NH,NH,SENTINEL,2002-08-26,2002,35,200235,0.0,0.0,,,,0.0,INF_A + INF_B,
WPR,JPN,Japan,JP,NH,NH,SENTINEL,2002-09-02,2002,36,200236,0.0,0.0,,,,0.0,INF_A + INF_B,
WPR,JPN,Japan,JP,NH,NH,SENTINEL,2002-09-09,2002,37,200237,0.0,0.0,,,,0.0,INF_A + INF_B,
WPR,JPN,Japan,JP,NH,NH,SENTINEL,2002-09-16,2002,38,200238,0.0,0.0,,,,0.0,INF_A + INF_B,
WPR,JPN,Japan,JP,NH,NH,SENTINEL,2002-09-23,2002,39,200239,0.0,0.0,,,,0.0,INF_A + INF_B,
WPR,JPN,Japan,JP,NH,NH,SENTINEL,2002-09-30,2002,40,200240,0.0,0.0,,,,0.0,INF_A + INF_B,
WPR,JPN,Japan,JP,NH,NH,SENTINEL,2002-10-07,2002,41,200241,0.0,0.0,,,,0.0,INF_A + INF_B,
WPR,JPN,Japan,JP,NH,NH,SENTINEL,2002-10-14,2002,42,200242,0.0,0.0,,,,0.0,INF_A + INF_B,
WPR,JPN,Japan,JP,NH,NH,SENTINEL,2002-10-21,2002,43,200243,0.0,0.0,,,,0.0,INF_A + INF_B,
WPR,JPN,Japan,JP,NH,NH,SENTINEL,2002-10-28,2002,44,200244,0.0,0.0,,,,0.0,INF_A + INF_B,
WPR,JPN,Japan,JP,NH,NH,SENTINEL,2002-11-04,2002,45,200245,7.0,1.0,8.0,,,8.0,INF_ALL,
WPR,JPN,Japan,JP,NH,NH,SENTINEL,2002-11-11,2002,46,200246,9.0,4.0,13.0,,,13.0,INF_ALL,
WPR,JPN,Japan,JP,NH,NH,SENTINEL,2002-11-18,2002,47,200247,33.0,8.0,41.0,,,41.0,INF_ALL,
WPR,JPN,Japan,JP,NH,NH,SENTINEL,2002-11-25,2002,48,200248,86.0,20.0,106.0,,,106.0,INF_ALL,
WPR,JPN,Japan,JP,NH,NH,SENTINEL,2002-12-02,2002,49,200249,206.0,13.0,219.0,,,219.0,INF_ALL,
WPR,JPN,Japan,JP,NH,NH,SENTINEL,2002-12-09,2002,50,200250,402.0,26.0,428.0,,,428.0,INF_ALL,
WPR,JPN,Japan,JP,NH,NH,SENTINEL,2002-12-16,2002,51,200251,329.0,15.0,344.0,,,344.0,INF_ALL,
WPR,JPN,Japan,JP,NH,NH,SENTINEL,2002-12-23,2002,52,200252,120.0,9.0,129.0,,,129.0,INF_ALL,
WPR,JPN,Japan,JP,NH,NH,SENTINEL,2002-12-30,2003,1,200301,764.0,50.0,814.0,,,814.0,INF_ALL,
WPR,JPN,Japan,JP,NH,NH,SENTINEL,2003-01-06,2003,2,200302,782.0,122.0,904.0,,,904.0,INF_ALL,
WPR,JPN,Japan,JP,NH,NH,SENTINEL,2003-01-13,2003,3,200303,813.0,214.0,1027.0,,,1027.0,INF_ALL,
WPR,JPN,Japan,JP,NH,NH,SENTINEL,2003-01-20,2003,4,200304,504.0,235.0,739.0,,,739.0,INF_ALL,
WPR,JPN,Japan,JP,NH,NH,SENTINEL,2003-01-27,2003,5,200305,328.0,294.0,622.0,,,622.0,INF_ALL,
WPR,JPN,Japan,JP,NH,NH,SENTINEL,2003-02-03,2003,6,200306,162.0,231.0,393.0,,,393.0,INF_ALL,
WPR,JPN,Japan,JP,NH,NH,SENTINEL,2003-02-10,2003,7,200307,116.0,250.0,366.0,,,366.0,INF_ALL,
WPR,JPN,Japan,JP,NH,NH,SENTINEL,2003-02-17,2003,8,200308,79.0,230.0,309.0,,,309.0,INF_ALL,
WPR,JPN,Japan,JP,NH,NH,SENTINEL,2003-02-24,2003,9,200309,53.0,253.0,306.0,,,306.0,INF_ALL,
WPR,JPN,Japan,JP,NH,NH,SENTINEL,2003-03-03,2003,10,200310,29.0,212.0,241.0,,,241.0,INF_ALL,
WPR,JPN,Japan,JP,NH,NH,SENTINEL,2003-03-10,2003,11,200311,23.0,159.0,182.0,,,182.0,INF_ALL,
WPR,JPN,Japan,JP,NH,NH,SENTINEL,2003-03-17,2003,12,200312,11.0,83.0,94.0,,,94.0,INF_ALL,
WPR,JPN,Japan,JP,NH,NH,SENTINEL,2003-03-24,2003,13,200313,5.0,45.0,50.0,,,50.0,INF_ALL,
WPR,JPN,Japan,JP,NH,NH,SENTINEL,2003-03-31,2003,14,200314,9.0,26.0,35.0,,,35.0,INF_ALL,
WPR,JPN,Japan,JP,NH,NH,SENTINEL,2003-04-07,2003,15,200315,6.0,28.0,34.0,,,34.0,INF_ALL,
WPR,JPN,Japan,JP,NH,NH,SENTINEL,2003-04-14,2003,16,200316,1.0,11.0,12.0,,,12.0,INF_ALL,
WPR,JPN,Japan,JP,NH,NH,SENTINEL,2003-04-21,2003,17,200317,1.0,4.0,5.0,,,5.0,INF_ALL,
WPR,JPN,Japan,JP,NH,NH,SENTINEL,2003-04-28,2003,18,200318,0.0,5.0,5.0,,,5.0,INF_ALL,
WPR,JPN,Japan,JP,NH,NH,SENTINEL,2003-05-05,2003,19,200319,0.0,5.0,5.0,,,5.0,INF_ALL,
WPR,JPN,Japan,JP,NH,NH,SENTINEL,2003-05-12,2003,20,200320,0.0,2.0,2.0,,,2.0,INF_ALL,
WPR,JPN,Japan,JP,NH,NH,SENTINEL,2003-05-19,2003,21,200321,0.0,0.0,,,,0.0,INF_A + INF_B,
WPR,JPN,Japan,JP,NH,NH,SENTINEL,2003-05-26,2003,22,200322,0.0,1.0,1.0,,,1.0,INF_ALL,
WPR,JPN,Japan,JP,NH,NH,SENTINEL,2003-06-02,2003,23,200323,0.0,0.0,,,,0.0,INF_A + INF_B,
WPR,JPN,Japan,JP,NH,NH,SENTINEL,2003-06-09,2003,24,200324,0.0,0.0,,,,0.0,INF_A + INF_B,
WPR,JPN,Japan,JP,NH,NH,SENTINEL,2003-06-16,2003,25,200325,0.0,0.0,,,,0.0,INF_A + INF_B,
WPR,JPN,Japan,JP,NH,NH,SENTINEL,2003-06-23,2003,26,200326,0.0,0.0,,,,0.0,INF_A + INF_B,
WPR,JPN,Japan,JP,NH,NH,SENTINEL,2003-06-30,2003,27,200327,1.0,0.0,1.0,,,1.0,INF_ALL,
WPR,JPN,Japan,JP,NH,NH,SENTINEL,2003-07-07,2003,28,200328,2.0,0.0,2.0,,,2.0,INF_ALL,
WPR,JPN,Japan,JP,NH,NH,SENTINEL,2003-07-14,2003,29,200329,0.0,0.0,,,,0.0,INF_A + INF_B,
WPR,JPN,Japan,JP,NH,NH,SENTINEL,2003-07-21,2003,30,200330,0.0,0.0,,,,0.0,INF_A + INF_B,
WPR,JPN,Japan,JP,NH,NH,SENTINEL,2003-07-28,2003,31,200331,1.0,0.0,1.0,,,1.0,INF_ALL,
WPR,JPN,Japan,JP,NH,NH,SENTINEL,2003-08-04,2003,32,200332,0.0,0.0,,,,0.0,INF_A + INF_B,
WPR,JPN,Japan,JP,NH,NH,SENTINEL,2003-08-11,2003,33,200333,1.0,0.0,1.0,,,1.0,INF_ALL,
WPR,JPN,Japan,JP,NH,NH,SENTINEL,2003-08-18,2003,34,200334,0.0,0.0,,,,0.0,INF_A + INF_B,
WPR,JPN,Japan,JP,NH,NH,SENTINEL,2003-08-25,2003,35,200335,0.0,1.0,1.0,,,1.0,INF_ALL,
WPR,JPN,Japan,JP,NH,NH,SENTINEL,2003-09-01,2003,36,200336,0.0,1.0,1.0,,,1.0,INF_ALL,
WPR,JPN,Japan,JP,NH,NH,SENTINEL,2003-09-08,2003,37,200337,2.0,0.0,2.0,,,2.0,INF_ALL,
WPR,JPN,Japan,JP,NH,NH,SENTINEL,2003-09-15,2003,38,200338,2.0,0.0,2.0,,,2.0,INF_ALL,
WPR,JPN,Japan,JP,NH,NH,SENTINEL,2003-09-22,2003,39,200339,0.0,0.0,,,,0.0,INF_A + INF_B,
WPR,JPN,Japan,JP,NH,NH,SENTINEL,2003-09-29,2003,40,200340,0.0,0.0,,,,0.0,INF_A + INF_B,
WPR,JPN,Japan,JP,NH,NH,SENTINEL,2003-10-06,2003,41,200341,0.0,0.0,,,,0.0,INF_A + INF_B,
WPR,JPN,Japan,JP,NH,NH,SENTINEL,2003-10-13,2003,42,200342,0.0,0.0,,,,0.0,INF_A + INF_B,
WPR,JPN,Japan,JP,NH,NH,SENTINEL,2003-10-20,2003,43,200343,0.0,1.0,1.0,,,1.0,INF_ALL,
WPR,JPN,Japan,JP,NH,NH,SENTINEL,2003-10-27,2003,44,200344,2.0,0.0,2.0,,,2.0,INF_ALL,
WPR,JPN,Japan,JP,NH,NH,SENTINEL,2003-11-03,2003,45,200345,0.0,0.0,,,,0.0,INF_A + INF_B,
WPR,JPN,Japan,JP,NH,NH,SENTINEL,2003-11-10,2003,46,200346,7.0,0.0,7.0,,,7.0,INF_ALL,
WPR,JPN,Japan,JP,NH,NH,SENTINEL,2003-11-17,2003,47,200347,5.0,1.0,6.0,,,6.0,INF_ALL,
WPR,JPN,Japan,JP,NH,NH,SENTINEL,2003-11-24,2003,48,200348,23.0,6.0,29.0,,,29.0,INF_ALL,
WPR,JPN,Japan,JP,NH,NH,SENTINEL,2003-12-01,2003,49,200349,32.0,1.0,33.0,,,33.0,INF_ALL,
WPR,JPN,Japan,JP,NH,NH,SENTINEL,2003-12-08,2003,50,200350,46.0,1.0,47.0,,,47.0,INF_ALL,
WPR,JPN,Japan,JP,NH,NH,SENTINEL,2003-12-15,2003,51,200351,104.0,2.0,106.0,,,106.0,INF_ALL,
WPR,JPN,Japan,JP,NH,NH,SENTINEL,2003-12-22,2003,52,200352,112.0,2.0,114.0,,,114.0,INF_ALL,
WPR,JPN,Japan,JP,NH,NH,SENTINEL,2003-12-29,2004,1,200401,29.0,2.0,31.0,,,31.0,INF_ALL,
WPR,JPN,Japan,JP,NH,NH,SENTINEL,2004-01-05,2004,2,200402,293.0,4.0,297.0,,,297.0,INF_ALL,
WPR,JPN,Japan,JP,NH,NH,SENTINEL,2004-01-12,2004,3,200403,563.0,5.0,568.0,,,568.0,INF_ALL,
WPR,JPN,Japan,JP,NH,NH,SENTINEL,2004-01-19,2004,4,200404,887.0,6.0,893.0,,,893.0,INF_ALL,
WPR,JPN,Japan,JP,NH,NH,SENTINEL,2004-01-26,2004,5,200405,828.0,7.0,835.0,,,835.0,INF_ALL,
WPR,JPN,Japan,JP,NH,NH,SENTINEL,2004-02-02,2004,6,200406,700.0,15.0,715.0,,,715.0,INF_ALL,
WPR,JPN,Japan,JP,NH,NH,SENTINEL,2004-02-09,2004,7,200407,403.0,18.0,421.0,,,421.0,INF_ALL,
WPR,JPN,Japan,JP,NH,NH,SENTINEL,2004-02-16,2004,8,200408,250.0,19.0,269.0,,,269.0,INF_ALL,
WPR,JPN,Japan,JP,NH,NH,SENTINEL,2004-02-23,2004,9,200409,177.0,9.0,186.0,,,186.0,INF_ALL,
WPR,JPN,Japan,JP,NH,NH,SENTINEL,2004-03-01,2004,10,200410,105.0,12.0,117.0,,,117.0,INF_ALL,
WPR,JPN,Japan,JP,NH,NH,SENTINEL,2004-03-08,2004,11,200411,73.0,20.0,93.0,,,93.0,INF_ALL,
WPR,JPN,Japan,JP,NH,NH,SENTINEL,2004-03-15,2004,12,200412,32.0,15.0,47.0,,,47.0,INF_ALL,
WPR,JPN,Japan,JP,NH,NH,SENTINEL,2004-03-22,2004,13,200413,21.0,15.0,36.0,,,36.0,INF_ALL,
WPR,JPN,Japan,JP,NH,NH,SENTINEL,2004-03-29,2004,14,200414,16.0,15.0,31.0,,,31.0,INF_ALL,
WPR,JPN,Japan,JP,NH,NH,SENTINEL,2004-04-05,2004,15,200415,9.0,14.0,23.0,,,23.0,INF_ALL,
WPR,JPN,Japan,JP,NH,NH,SENTINEL,2004-04-12,2004,16,200416,5.0,31.0,36.0,,,36.0,INF_ALL,
WPR,JPN,Japan,JP,NH,NH,SENTINEL,2004-04-19,2004,17,200417,4.0,21.0,25.0,,,25.0,INF_ALL,
WPR,JPN,Japan,JP,NH,NH,SENTINEL,2004-04-26,2004,18,200418,1.0,24.0,25.0,,,25.0,INF_ALL,
WPR,JPN,Japan,JP,NH,NH,SENTINEL,2004-05-03,2004,19,200419,0.0,4.0,4.0,,,4.0,INF_ALL,
WPR,JPN,Japan,JP,NH,NH,SENTINEL,2004-05-10,2004,20,200420,0.0,8.0,8.0,,,8.0,INF_ALL,
WPR,JPN,Japan,JP,NH,NH,SENTINEL,2004-05-17,2004,21,200421,0.0,5.0,5.0,,,5.0,INF_ALL,
WPR,JPN,Japan,JP,NH,NH,SENTINEL,2004-05-24,2004,22,200422,0.0,3.0,3.0,,,3.0,INF_ALL,
WPR,JPN,Japan,JP,NH,NH,SENTINEL,2004-05-31,2004,23,200423,0.0,1.0,1.0,,,1.0,INF_ALL,
WPR,JPN,Japan,JP,NH,NH,SENTINEL,2004-06-07,2004,24,200424,0.0,0.0,,,,0.0,INF_A + INF_B,
WPR,JPN,Japan,JP,NH,NH,SENTINEL,2004-06-14,2004,25,200425,1.0,1.0,2.0,,,2.0,INF_ALL,
WPR,JPN,Japan,JP,NH,NH,SENTINEL,2004-06-21,2004,26,200426,0.0,0.0,,,,0.0,INF_A + INF_B,
WPR,JPN,Japan,JP,NH,NH,SENTINEL,2004-06-28,2004,27,200427,0.0,0.0,,,,0.0,INF_A + INF_B,
WPR,JPN,Japan,JP,NH,NH,SENTINEL,2004-07-05,2004,28,200428,0.0,0.0,,,,0.0,INF_A + INF_B,
WPR,JPN,Japan,JP,NH,NH,SENTINEL,2004-07-12,2004,29,200429,0.0,0.0,,,,0.0,INF_A + INF_B,
WPR,JPN,Japan,JP,NH,NH,SENTINEL,2004-07-19,2004,30,200430,0.0,0.0,,,,0.0,INF_A + INF_B,
WPR,JPN,Japan,JP,NH,NH,SENTINEL,2004-07-26,2004,31,200431,0.0,1.0,1.0,,,1.0,INF_ALL,
WPR,JPN,Japan,JP,NH,NH,SENTINEL,2004-08-02,2004,32,200432,2.0,0.0,2.0,,,2.0,INF_ALL,
WPR,JPN,Japan,JP,NH,NH,SENTINEL,2004-08-09,2004,33,200433,2.0,0.0,2.0,,,2.0,INF_ALL,
WPR,JPN,Japan,JP,NH,NH,SENTINEL,2004-08-16,2004,34,200434,1.0,0.0,1.0,,,1.0,INF_ALL,
WPR,JPN,Japan,JP,NH,NH,SENTINEL,2004-08-23,2004,35,200435,2.0,0.0,2.0,,,2.0,INF_ALL,
WPR,JPN,Japan,JP,NH,NH,SENTINEL,2004-08-30,2004,36,200436,1.0,0.0,1.0,,,1.0,INF_ALL,
WPR,JPN,Japan,JP,NH,NH,SENTINEL,2004-09-06,2004,37,200437,0.0,0.0,,,,0.0,INF_A + INF_B,
WPR,JPN,Japan,JP,NH,NH,SENTINEL,2004-09-13,2004,38,200438,0.0,0.0,,,,0.0,INF_A + INF_B,
WPR,JPN,Japan,JP,NH,NH,SENTINEL,2004-09-20,2004,39,200439,2.0,0.0,2.0,,,2.0,INF_ALL,
WPR,JPN,Japan,JP,NH,NH,SENTINEL,2004-09-27,2004,40,200440,0.0,0.0,,,,0.0,INF_A + INF_B,
WPR,JPN,Japan,JP,NH,NH,SENTINEL,2004-10-04,2004,41,200441,4.0,0.0,4.0,,,4.0,INF_ALL,
WPR,JPN,Japan,JP,NH,NH,SENTINEL,2004-10-11,2004,42,200442,1.0,1.0,2.0,,,2.0,INF_ALL,
WPR,JPN,Japan,JP,NH,NH,SENTINEL,2004-10-18,2004,43,200443,2.0,1.0,3.0,,,3.0,INF_ALL,
WPR,JPN,Japan,JP,NH,NH,SENTINEL,2004-10-25,2004,44,200444,2.0,0.0,2.0,,,2.0,INF_ALL,
WPR,JPN,Japan,JP,NH,NH,SENTINEL,2004-11-01,2004,45,200445,2.0,0.0,2.0,,,2.0,INF_ALL,
WPR,JPN,Japan,JP,NH,NH,SENTINEL,2004-11-08,2004,46,200446,5.0,6.0,11.0,,,11.0,INF_ALL,
WPR,JPN,Japan,JP,NH,NH,SENTINEL,2004-11-15,2004,47,200447,4.0,2.0,6.0,,,6.0,INF_ALL,
WPR,JPN,Japan,JP,NH,NH,SENTINEL,2004-11-22,2004,48,200448,21.0,5.0,26.0,,,26.0,INF_ALL,
WPR,JPN,Japan,JP,NH,NH,SENTINEL,2004-11-29,2004,49,200449,10.0,8.0,18.0,,,18.0,INF_ALL,
WPR,JPN,Japan,JP,NH,NH,SENTINEL,2004-12-06,2004,50,200450,19.0,15.0,34.0,,,34.0,INF_ALL,
WPR,JPN,Japan,JP,NH,NH,SENTINEL,2004-12-13,2004,51,200451,12.0,17.0,29.0,,,29.0,INF_ALL,
WPR,JPN,Japan,JP,NH,NH,SENTINEL,2004-12-20,2004,52,200452,43.0,11.0,54.0,,,54.0,INF_ALL,
WPR,JPN,Japan,JP,NH,NH,SENTINEL,2004-12-27,2004,53,200453,16.0,2.0,18.0,,,18.0,INF_ALL,
WPR,JPN,Japan,JP,NH,NH,SENTINEL,2005-01-03,2005,1,200501,18.0,12.0,30.0,,,30.0,INF_ALL,
WPR,JPN,Japan,JP,NH,NH,SENTINEL,2005-01-10,2005,2,200502,45.0,60.0,105.0,,,105.0,INF_ALL,
WPR,JPN,Japan,JP,NH,NH,SENTINEL,2005-01-17,2005,3,200503,132.0,194.0,326.0,,,326.0,INF_ALL,
WPR,JPN,Japan,JP,NH,NH,SENTINEL,2005-01-24,2005,4,200504,206.0,352.0,558.0,,,558.0,INF_ALL,
WPR,JPN,Japan,JP,NH,NH,SENTINEL,2005-01-31,2005,5,200505,299.0,381.0,680.0,,,680.0,INF_ALL,
WPR,JPN,Japan,JP,NH,NH,SENTINEL,2005-02-07,2005,6,200506,258.0,461.0,719.0,,,719.0,INF_ALL,
WPR,JPN,Japan,JP,NH,NH,SENTINEL,2005-02-14,2005,7,200507,228.0,483.0,711.0,,,711.0,INF_ALL,
WPR,JPN,Japan,JP,NH,NH,SENTINEL,2005-02-21,2005,8,200508,224.0,413.0,637.0,,,637.0,INF_ALL,
WPR,JPN,Japan,JP,NH,NH,SENTINEL,2005-02-28,2005,9,200509,261.0,342.0,603.0,,,603.0,INF_ALL,
WPR,JPN,Japan,JP,NH,NH,SENTINEL,2005-03-07,2005,10,200510,166.0,218.0,384.0,,,384.0,INF_ALL,
WPR,JPN,Japan,JP,NH,NH,SENTINEL,2005-03-14,2005,11,200511,127.0,149.0,276.0,,,276.0,INF_ALL,
WPR,JPN,Japan,JP,NH,NH,SENTINEL,2005-03-21,2005,12,200512,100.0,57.0,157.0,,,157.0,INF_ALL,
WPR,JPN,Japan,JP,NH,NH,SENTINEL,2005-03-28,2005,13,200513,80.0,62.0,142.0,,,142.0,INF_ALL,
WPR,JPN,Japan,JP,NH,NH,SENTINEL,2005-04-04,2005,14,200514,72.0,42.0,114.0,,,114.0,INF_ALL,
WPR,JPN,Japan,JP,NH,NH,SENTINEL,2005-04-11,2005,15,200515,72.0,22.0,94.0,,,94.0,INF_ALL,
WPR,JPN,Japan,JP,NH,NH,SENTINEL,2005-04-18,2005,16,200516,63.0,19.0,82.0,,,82.0,INF_ALL,
WPR,JPN,Japan,JP,NH,NH,SENTINEL,2005-04-25,2005,17,200517,41.0,9.0,50.0,,,50.0,INF_ALL,
WPR,JPN,Japan,JP,NH,NH,SENTINEL,2005-05-02,2005,18,200518,14.0,2.0,16.0,,,16.0,INF_ALL,
WPR,JPN,Japan,JP,NH,NH,SENTINEL,2005-05-09,2005,19,200519,32.0,3.0,35.0,,,35.0,INF_ALL,
WPR,JPN,Japan,JP,NH,NH,SENTINEL,2005-05-16,2005,20,200520,41.0,1.0,42.0,,,42.0,INF_ALL,
WPR,JPN,Japan,JP,NH,NH,SENTINEL,2005-05-23,2005,21,200521,23.0,0.0,23.0,,,23.0,INF_ALL,
WPR,JPN,Japan,JP,NH,NH,SENTINEL,2005-05-30,2005,22,200522,13.0,0.0,13.0,,,13.0,INF_ALL,
WPR,JPN,Japan,JP,NH,NH,SENTINEL,2005-06-06,2005,23,200523,3.0,0.0,3.0,,,3.0,INF_ALL,
WPR,JPN,Japan,JP,NH,NH,SENTINEL,2005-06-13,2005,24,200524,3.0,0.0,3.0,,,3.0,INF_ALL,
WPR,JPN,Japan,JP,NH,NH,SENTINEL,2005-06-20,2005,25,200525,8.0,0.0,8.0,,,8.0,INF_ALL,
WPR,JPN,Japan,JP,NH,NH,SENTINEL,2005-06-27,2005,26,200526,1.0,0.0,1.0,,,1.0,INF_ALL,
WPR,JPN,Japan,JP,NH,NH,SENTINEL,2005-07-04,2005,27,200527,4.0,0.0,4.0,,,4.0,INF_ALL,
WPR,JPN,Japan,JP,NH,NH,SENTINEL,2005-07-11,2005,28,200528,6.0,0.0,6.0,,,6.0,INF_ALL,
WPR,JPN,Japan,JP,NH,NH,SENTINEL,2005-07-18,2005,29,200529,5.0,0.0,5.0,,,5.0,INF_ALL,
WPR,JPN,Japan,JP,NH,NH,SENTINEL,2005-07-25,2005,30,200530,1.0,0.0,1.0,,,1.0,INF_ALL,
WPR,JPN,Japan,JP,NH,NH,SENTINEL,2005-08-01,2005,31,200531,4.0,0.0,4.0,,,4.0,INF_ALL,
WPR,JPN,Japan,JP,NH,NH,SENTINEL,2005-08-08,2005,32,200532,11.0,0.0,11.0,,,11.0,INF_ALL,
WPR,JPN,Japan,JP,NH,NH,SENTINEL,2005-08-15,2005,33,200533,0.0,0.0,,,,0.0,INF_A + INF_B,
WPR,JPN,Japan,JP,NH,NH,SENTINEL,2005-08-22,2005,34,200534,1.0,0.0,1.0,,,1.0,INF_ALL,
WPR,JPN,Japan,JP,NH,NH,SENTINEL,2005-08-29,2005,35,200535,0.0,0.0,,,,0.0,INF_A + INF_B,
WPR,JPN,Japan,JP,NH,NH,SENTINEL,2005-09-05,2005,36,200536,3.0,0.0,3.0,,,3.0,INF_ALL,
WPR,JPN,Japan,JP,NH,NH,SENTINEL,2005-09-12,2005,37,200537,4.0,0.0,4.0,,,4.0,INF_ALL,
WPR,JPN,Japan,JP,NH,NH,SENTINEL,2005-09-19,2005,38,200538,1.0,0.0,1.0,,,1.0,INF_ALL,
WPR,JPN,Japan,JP,NH,NH,SENTINEL,2005-09-26,2005,39,200539,1.0,0.0,1.0,,,1.0,INF_ALL,
WPR,JPN,Japan,JP,NH,NH,SENTINEL,2005-10-03,2005,40,200540,0.0,0.0,,,,0.0,INF_A + INF_B,
WPR,JPN,Japan,JP,NH,NH,SENTINEL,2005-10-10,2005,41,200541,1.0,0.0,1.0,,,1.0,INF_ALL,
WPR,JPN,Japan,JP,NH,NH,SENTINEL,2005-10-17,2005,42,200542,1.0,0.0,1.0,,,1.0,INF_ALL,
WPR,JPN,Japan,JP,NH,NH,SENTINEL,2005-10-24,2005,43,200543,4.0,0.0,4.0,,,4.0,INF_ALL,
WPR,JPN,Japan,JP,NH,NH,SENTINEL,2005-10-31,2005,44,200544,6.0,0.0,6.0,,,6.0,INF_ALL,
WPR,JPN,Japan,JP,NH,NH,SENTINEL,2005-11-07,2005,45,200545,14.0,0.0,14.0,,,14.0,INF_ALL,
WPR,JPN,Japan,JP,NH,NH,SENTINEL,2005-11-14,2005,46,200546,24.0,0.0,24.0,,,24.0,INF_ALL,
WPR,JPN,Japan,JP,NH,NH,SENTINEL,2005-11-21,2005,47,200547,26.0,0.0,26.0,,,26.0,INF_ALL,
WPR,JPN,Japan,JP,NH,NH,SENTINEL,2005-11-28,2005,48,200548,55.0,0.0,55.0,,,55.0,INF_ALL,
WPR,JPN,Japan,JP,NH,NH,SENTINEL,2005-12-05,2005,49,200549,82.0,0.0,82.0,,,82.0,INF_ALL,
WPR,JPN,Japan,JP,NH,NH,SENTINEL,2005-12-12,2005,50,200550,134.0,2.0,136.0,,,136.0,INF_ALL,
WPR,JPN,Japan,JP,NH,NH,SENTINEL,2005-12-19,2005,51,200551,190.0,0.0,190.0,,,190.0,INF_ALL,
WPR,JPN,Japan,JP,NH,NH,SENTINEL,2005-12-26,2005,52,200552,164.0,0.0,164.0,,,164.0,INF_ALL,
WPR,JPN,Japan,JP,NH,NH,SENTINEL,2006-01-02,2006,1,200601,192.0,1.0,193.0,,,193.0,INF_ALL,
WPR,JPN,Japan,JP,NH,NH,SENTINEL,2006-01-09,2006,2,200602,431.0,2.0,433.0,,,433.0,INF_ALL,
WPR,JPN,Japan,JP,NH,NH,SENTINEL,2006-01-16,2006,3,200603,773.0,9.0,782.0,,,782.0,INF_ALL,
WPR,JPN,Japan,JP,NH,NH,SENTINEL,2006-01-23,2006,4,200604,654.0,11.0,665.0,,,665.0,INF_ALL,
WPR,JPN,Japan,JP,NH,NH,SENTINEL,2006-01-30,2006,5,200605,429.0,12.0,441.0,,,441.0,INF_ALL,
WPR,JPN,Japan,JP,NH,NH,SENTINEL,2006-02-06,2006,6,200606,330.0,9.0,339.0,,,339.0,INF_ALL,
WPR,JPN,Japan,JP,NH,NH,SENTINEL,2006-02-13,2006,7,200607,270.0,6.0,276.0,,,276.0,INF_ALL,
WPR,JPN,Japan,JP,NH,NH,SENTINEL,2006-02-20,2006,8,200608,217.0,14.0,231.0,,,231.0,INF_ALL,
WPR,JPN,Japan,JP,NH,NH,SENTINEL,2006-02-27,2006,9,200609,202.0,9.0,211.0,,,211.0,INF_ALL,
WPR,JPN,Japan,JP,NH,NH,SENTINEL,2006-03-06,2006,10,200610,142.0,19.0,161.0,,,161.0,INF_ALL,
WPR,JPN,Japan,JP,NH,NH,SENTINEL,2006-03-13,2006,11,200611,118.0,24.0,142.0,,,142.0,INF_ALL,
WPR,JPN,Japan,JP,NH,NH,SENTINEL,2006-03-20,2006,12,200612,56.0,11.0,67.0,,,67.0,INF_ALL,
WPR,JPN,Japan,JP,NH,NH,SENTINEL,2006-03-27,2006,13,200613,45.0,6.0,51.0,,,51.0,INF_ALL,
WPR,JPN,Japan,JP,NH,NH,SENTINEL,2006-04-03,2006,14,200614,32.0,4.0,36.0,,,36.0,INF_ALL,
WPR,JPN,Japan,JP,NH,NH,SENTINEL,2006-04-10,2006,15,200615,32.0,12.0,44.0,,,44.0,INF_ALL,
WPR,JPN,Japan,JP,NH,NH,SENTINEL,2006-04-17,2006,16,200616,34.0,37.0,71.0,,,71.0,INF_ALL,
WPR,JPN,Japan,JP,NH,NH,SENTINEL,2006-04-24,2006,17,200617,19.0,36.0,55.0,,,55.0,INF_ALL,
WPR,JPN,Japan,JP,NH,NH,SENTINEL,2006-05-01,2006,18,200618,6.0,26.0,32.0,,,32.0,INF_ALL,
WPR,JPN,Japan,JP,NH,NH,SENTINEL,2006-05-08,2006,19,200619,4.0,34.0,38.0,,,38.0,INF_ALL,
WPR,JPN,Japan,JP,NH,NH,SENTINEL,2006-05-15,2006,20,200620,8.0,42.0,50.0,,,50.0,INF_ALL,
WPR,JPN,Japan,JP,NH,NH,SENTINEL,2006-05-22,2006,21,200621,3.0,55.0,58.0,,,58.0,INF_ALL,
WPR,JPN,Japan,JP,NH,NH,SENTINEL,2006-05-29,2006,22,200622,3.0,50.0,53.0,,,53.0,INF_ALL,
WPR,JPN,Japan,JP,NH,NH,SENTINEL,2006-06-05,2006,23,200623,1.0,36.0,37.0,,,37.0,INF_ALL,
WPR,JPN,Japan,JP,NH,NH,SENTINEL,2006-06-12,2006,24,200624,1.0,15.0,16.0,,,16.0,INF_ALL,
WPR,JPN,Japan,JP,NH,NH,SENTINEL,2006-06-19,2006,25,200625,4.0,7.0,11.0,,,11.0,INF_ALL,
WPR,JPN,Japan,JP,NH,NH,SENTINEL,2006-06-26,2006,26,200626,4.0,6.0,10.0,,,10.0,INF_ALL,
WPR,JPN,Japan,JP,NH,NH,SENTINEL,2006-07-03,2006,27,200627,1.0,1.0,2.0,,,2.0,INF_ALL,
WPR,JPN,Japan,JP,NH,NH,SENTINEL,2006-07-10,2006,28,200628,4.0,3.0,7.0,,,7.0,INF_ALL,
WPR,JPN,Japan,JP,NH,NH,SENTINEL,2006-07-17,2006,29,200629,0.0,6.0,6.0,,,6.0,INF_ALL,
WPR,JPN,Japan,JP,NH,NH,SENTINEL,2006-07-24,2006,30,200630,1.0,8.0,9.0,,,9.0,INF_ALL,
WPR,JPN,Japan,JP,NH,NH,SENTINEL,2006-07-31,2006,31,200631,5.0,1.0,6.0,,,6.0,INF_ALL,
WPR,JPN,Japan,JP,NH,NH,SENTINEL,2006-08-07,2006,32,200632,1.0,0.0,1.0,,,1.0,INF_ALL,
WPR,JPN,Japan,JP,NH,NH,SENTINEL,2006-08-14,2006,33,200633,0.0,0.0,,,,0.0,INF_A + INF_B,
WPR,JPN,Japan,JP,NH,NH,SENTINEL,2006-08-21,2006,34,200634,0.0,0.0,,,,0.0,INF_A + INF_B,
WPR,JPN,Japan,JP,NH,NH,SENTINEL,2006-08-28,2006,35,200635,0.0,0.0,,,,0.0,INF_A + INF_B,
WPR,JPN,Japan,JP,NH,NH,SENTINEL,2006-09-04,2006,36,200636,0.0,2.0,2.0,,,2.0,INF_ALL,
WPR,JPN,Japan,JP,NH,NH,SENTINEL,2006-09-11,2006,37,200637,0.0,0.0,,,,0.0,INF_A + INF_B,
WPR,JPN,Japan,JP,NH,NH,SENTINEL,2006-09-18,2006,38,200638,0.0,3.0,3.0,,,3.0,INF_ALL,
WPR,JPN,Japan,JP,NH,NH,SENTINEL,2006-09-25,2006,39,200639,4.0,0.0,4.0,,,4.0,INF_ALL,
WPR,JPN,Japan,JP,NH,NH,SENTINEL,2006-10-02,2006,40,200640,0.0,0.0,,,,0.0,INF_A + INF_B,
WPR,JPN,Japan,JP,NH,NH,SENTINEL,2006-10-09,2006,41,200641,0.0,0.0,,,,0.0,INF_A + INF_B,
WPR,JPN,Japan,JP,NH,NH,SENTINEL,2006-10-16,2006,42,200642,1.0,1.0,2.0,,,2.0,INF_ALL,
WPR,JPN,Japan,JP,NH,NH,SENTINEL,2006-10-23,2006,43,200643,0.0,1.0,1.0,,,1.0,INF_ALL,
WPR,JPN,Japan,JP,NH,NH,SENTINEL,2006-10-30,2006,44,200644,0.0,1.0,1.0,,,1.0,INF_ALL,
WPR,JPN,Japan,JP,NH,NH,SENTINEL,2006-11-06,2006,45,200645,1.0,5.0,6.0,,,6.0,INF_ALL,
WPR,JPN,Japan,JP,NH,NH,SENTINEL,2006-11-13,2006,46,200646,4.0,2.0,6.0,,,6.0,INF_ALL,
WPR,JPN,Japan,JP,NH,NH,SENTINEL,2006-11-20,2006,47,200647,4.0,2.0,6.0,,,6.0,INF_ALL,
WPR,JPN,Japan,JP,NH,NH,SENTINEL,2006-11-27,2006,48,200648,1.0,3.0,4.0,,,4.0,INF_ALL,
WPR,JPN,Japan,JP,NH,NH,SENTINEL,2006-12-04,2006,49,200649,3.0,8.0,11.0,,,11.0,INF_ALL,
WPR,JPN,Japan,JP,NH,NH,SENTINEL,2006-12-11,2006,50,200650,10.0,13.0,23.0,,,23.0,INF_ALL,
WPR,JPN,Japan,JP,NH,NH,SENTINEL,2006-12-18,2006,51,200651,4.0,14.0,18.0,,,18.0,INF_ALL,
WPR,JPN,Japan,JP,NH,NH,SENTINEL,2006-12-25,2006,52,200652,10.0,0.0,10.0,,,10.0,INF_ALL,
WPR,JPN,Japan,JP,NH,NH,SENTINEL,2007-01-01,2007,1,200701,18.0,4.0,22.0,,,22.0,INF_ALL,
WPR,JPN,Japan,JP,NH,NH,SENTINEL,2007-01-08,2007,2,200702,34.0,8.0,42.0,,,42.0,INF_ALL,
WPR,JPN,Japan,JP,NH,NH,SENTINEL,2007-01-15,2007,3,200703,104.0,43.0,147.0,,,147.0,INF_ALL,
WPR,JPN,Japan,JP,NH,NH,SENTINEL,2007-01-22,2007,4,200704,189.0,95.0,284.0,,,284.0,INF_ALL,
WPR,JPN,Japan,JP,NH,NH,SENTINEL,2007-01-29,2007,5,200705,224.0,89.0,313.0,,,313.0,INF_ALL,
WPR,JPN,Japan,JP,NH,NH,SENTINEL,2007-02-05,2007,6,200706,245.0,161.0,406.0,,,406.0,INF_ALL,
WPR,JPN,Japan,JP,NH,NH,SENTINEL,2007-02-12,2007,7,200707,201.0,129.0,330.0,,,330.0,INF_ALL,
WPR,JPN,Japan,JP,NH,NH,SENTINEL,2007-02-19,2007,8,200708,306.0,203.0,509.0,,,509.0,INF_ALL,
WPR,JPN,Japan,JP,NH,NH,SENTINEL,2007-02-26,2007,9,200709,323.0,258.0,581.0,,,581.0,INF_ALL,
WPR,JPN,Japan,JP,NH,NH,SENTINEL,2007-03-05,2007,10,200710,240.0,239.0,479.0,,,479.0,INF_ALL,
WPR,JPN,Japan,JP,NH,NH,SENTINEL,2007-03-12,2007,11,200711,171.0,235.0,406.0,,,406.0,INF_ALL,
WPR,JPN,Japan,JP,NH,NH,SENTINEL,2007-03-19,2007,12,200712,143.0,118.0,261.0,,,261.0,INF_ALL,
WPR,JPN,Japan,JP,NH,NH,SENTINEL,2007-03-26,2007,13,200713,158.0,107.0,265.0,,,265.0,INF_ALL,
WPR,JPN,Japan,JP,NH,NH,SENTINEL,2007-04-02,2007,14,200714,81.0,36.0,117.0,,,117.0,INF_ALL,
WPR,JPN,Japan,JP,NH,NH,SENTINEL,2007-04-09,2007,15,200715,95.0,46.0,141.0,,,141.0,INF_ALL,
WPR,JPN,Japan,JP,NH,NH,SENTINEL,2007-04-16,2007,16,200716,69.0,40.0,109.0,,,109.0,INF_ALL,
WPR,JPN,Japan,JP,NH,NH,SENTINEL,2007-04-23,2007,17,200717,61.0,28.0,89.0,,,89.0,INF_ALL,
WPR,JPN,Japan,JP,NH,NH,SENTINEL,2007-04-30,2007,18,200718,23.0,19.0,42.0,,,42.0,INF_ALL,
WPR,JPN,Japan,JP,NH,NH,SENTINEL,2007-05-07,2007,19,200719,25.0,17.0,42.0,,,42.0,INF_ALL,
WPR,JPN,Japan,JP,NH,NH,SENTINEL,2007-05-14,2007,20,200720,34.0,19.0,53.0,,,53.0,INF_ALL,
WPR,JPN,Japan,JP,NH,NH,SENTINEL,2007-05-21,2007,21,200721,32.0,22.0,54.0,,,54.0,INF_ALL,
WPR,JPN,Japan,JP,NH,NH,SENTINEL,2007-05-28,2007,22,200722,8.0,12.0,20.0,,,20.0,INF_ALL,
WPR,JPN,Japan,JP,NH,NH,SENTINEL,2007-06-04,2007,23,200723,11.0,0.0,11.0,,,11.0,INF_ALL,
WPR,JPN,Japan,JP,NH,NH,SENTINEL,2007-06-11,2007,24,200724,3.0,4.0,7.0,,,7.0,INF_ALL,
WPR,JPN,Japan,JP,NH,NH,SENTINEL,2007-06-18,2007,25,200725,1.0,0.0,1.0,,,1.0,INF_ALL,
WPR,JPN,Japan,JP,NH,NH,SENTINEL,2007-06-25,2007,26,200726,3.0,0.0,3.0,,,3.0,INF_ALL,
WPR,JPN,Japan,JP,NH,NH,SENTINEL,2007-07-02,2007,27,200727,1.0,0.0,1.0,,,1.0,INF_ALL,
WPR,JPN,Japan,JP,NH,NH,SENTINEL,2007-07-09,2007,28,200728,5.0,0.0,5.0,,,5.0,INF_ALL,
WPR,JPN,Japan,JP,NH,NH,SENTINEL,2007-07-16,2007,29,200729,4.0,0.0,4.0,,,4.0,INF_ALL,
WPR,JPN,Japan,JP,NH,NH,SENTINEL,2007-07-23,2007,30,200730,4.0,0.0,4.0,,,4.0,INF_ALL,
WPR,JPN,Japan,JP,NH,NH,SENTINEL,2007-07-30,2007,31,200731,0.0,0.0,,,,0.0,INF_A + INF_B,
WPR,JPN,Japan,JP,NH,NH,SENTINEL,2007-08-06,2007,32,200732,0.0,0.0,,,,0.0,INF_A + INF_B,
WPR,JPN,Japan,JP,NH,NH,SENTINEL,2007-08-13,2007,33,200733,6.0,0.0,6.0,,,6.0,INF_ALL,
WPR,JPN,Japan,JP,NH,NH,SENTINEL,2007-08-20,2007,34,200734,2.0,0.0,2.0,,,2.0,INF_ALL,
WPR,JPN,Japan,JP,NH,NH,SENTINEL,2007-08-27,2007,35,200735,0.0,0.0,,,,0.0,INF_A + INF_B,
WPR,JPN,Japan,JP,NH,NH,SENTINEL,2007-09-03,2007,36,200736,2.0,0.0,2.0,,,2.0,INF_ALL,
WPR,JPN,Japan,JP,NH,NH,SENTINEL,2007-09-10,2007,37,200737,2.0,0.0,2.0,,,2.0,INF_ALL,
WPR,JPN,Japan,JP,NH,NH,SENTINEL,2007-09-17,2007,38,200738,1.0,0.0,1.0,,,1.0,INF_ALL,
WPR,JPN,Japan,JP,NH,NH,SENTINEL,2007-09-24,2007,39,200739,6.0,0.0,6.0,,,6.0,INF_ALL,
WPR,JPN,Japan,JP,NH,NH,SENTINEL,2007-10-01,2007,40,200740,11.0,0.0,11.0,,,11.0,INF_ALL,
WPR,JPN,Japan,JP,NH,NH,SENTINEL,2007-10-08,2007,41,200741,10.0,0.0,10.0,,,10.0,INF_ALL,
WPR,JPN,Japan,JP,NH,NH,SENTINEL,2007-10-15,2007,42,200742,22.0,0.0,22.0,,,22.0,INF_ALL,
WPR,JPN,Japan,JP,NH,NH,SENTINEL,2007-10-22,2007,43,200743,34.0,2.0,36.0,,,36.0,INF_ALL,
WPR,JPN,Japan,JP,NH,NH,SENTINEL,2007-10-29,2007,44,200744,30.0,3.0,33.0,,,33.0,INF_ALL,
WPR,JPN,Japan,JP,NH,NH,SENTINEL,2007-11-05,2007,45,200745,55.0,1.0,56.0,,,56.0,INF_ALL,
WPR,JPN,Japan,JP,NH,NH,SENTINEL,2007-11-12,2007,46,200746,92.0,1.0,93.0,,,93.0,INF_ALL,
WPR,JPN,Japan,JP,NH,NH,SENTINEL,2007-11-19,2007,47,200747,83.0,1.0,84.0,,,84.0,INF_ALL,
WPR,JPN,Japan,JP,NH,NH,SENTINEL,2007-11-26,2007,48,200748,179.0,2.0,181.0,,,181.0,INF_ALL,
WPR,JPN,Japan,JP,NH,NH,SENTINEL,2007-12-03,2007,49,200749,220.0,5.0,225.0,,,225.0,INF_ALL,
WPR,JPN,Japan,JP,NH,NH,SENTINEL,2007-12-10,2007,50,200750,334.0,1.0,335.0,,,335.0,INF_ALL,
WPR,JPN,Japan,JP,NH,NH,SENTINEL,2007-12-17,2007,51,200751,298.0,1.0,299.0,,,299.0,INF_ALL,
WPR,JPN,Japan,JP,NH,NH,SENTINEL,2007-12-24,2007,52,200752,150.0,2.0,152.0,,,152.0,INF_ALL,
WPR,JPN,Japan,JP,NH,NH,SENTINEL,2007-12-31,2008,1,200801,49.0,0.0,49.0,,,49.0,INF_ALL,
WPR,JPN,Japan,JP,NH,NH,SENTINEL,2008-01-07,2008,2,200802,276.0,1.0,277.0,,,277.0,INF_ALL,
WPR,JPN,Japan,JP,NH,NH,SENTINEL,2008-01-14,2008,3,200803,316.0,6.0,322.0,,,322.0,INF_ALL,
WPR,JPN,Japan,JP,NH,NH,SENTINEL,2008-01-21,2008,4,200804,444.0,11.0,455.0,,,455.0,INF_ALL,
WPR,JPN,Japan,JP,NH,NH,SENTINEL,2008-01-28,2008,5,200805,374.0,17.0,391.0,,,391.0,INF_ALL,
WPR,JPN,Japan,JP,NH,NH,SENTINEL,2008-02-04,2008,6,200806,287.0,12.0,299.0,,,299.0,INF_ALL,
WPR,JPN,Japan,JP,NH,NH,SENTINEL,2008-02-11,2008,7,200807,170.0,22.0,192.0,,,192.0,INF_ALL,
WPR,JPN,Japan,JP,NH,NH,SENTINEL,2008-02-18,2008,8,200808,245.0,28.0,273.0,,,273.0,INF_ALL,
WPR,JPN,Japan,JP,NH,NH,SENTINEL,2008-02-25,2008,9,200809,149.0,26.0,175.0,,,175.0,INF_ALL,
WPR,JPN,Japan,JP,NH,NH,SENTINEL,2008-03-03,2008,10,200810,112.0,25.0,137.0,,,137.0,INF_ALL,
WPR,JPN,Japan,JP,NH,NH,SENTINEL,2008-03-10,2008,11,200811,85.0,23.0,108.0,,,108.0,INF_ALL,
WPR,JPN,Japan,JP,NH,NH,SENTINEL,2008-03-17,2008,12,200812,74.0,17.0,91.0,,,91.0,INF_ALL,
WPR,JPN,Japan,JP,NH,NH,SENTINEL,2008-03-24,2008,13,200813,47.0,21.0,68.0,,,68.0,INF_ALL,
WPR,JPN,Japan,JP,NH,NH,SENTINEL,2008-03-31,2008,14,200814,32.0,16.0,48.0,,,48.0,INF_ALL,
WPR,JPN,Japan,JP,NH,NH,SENTINEL,2008-04-07,2008,15,200815,26.0,9.0,35.0,,,35.0,INF_ALL,
WPR,JPN,Japan,JP,NH,NH,SENTINEL,2008-04-14,2008,16,200816,27.0,24.0,51.0,,,51.0,INF_ALL,
WPR,JPN,Japan,JP,NH,NH,SENTINEL,2008-04-21,2008,17,200817,18.0,18.0,36.0,,,36.0,INF_ALL,
WPR,JPN,Japan,JP,NH,NH,SENTINEL,2008-04-28,2008,18,200818,8.0,6.0,14.0,,,14.0,INF_ALL,
WPR,JPN,Japan,JP,NH,NH,SENTINEL,2008-05-05,2008,19,200819,5.0,4.0,9.0,,,9.0,INF_ALL,
WPR,JPN,Japan,JP,NH,NH,SENTINEL,2008-05-12,2008,20,200820,10.0,1.0,11.0,,,11.0,INF_ALL,
WPR,JPN,Japan,JP,NH,NH,SENTINEL,2008-05-19,2008,21,200821,26.0,2.0,28.0,,,28.0,INF_ALL,
WPR,JPN,Japan,JP,NH,NH,SENTINEL,2008-05-26,2008,22,200822,7.0,1.0,8.0,,,8.0,INF_ALL,
WPR,JPN,Japan,JP,NH,NH,SENTINEL,2008-06-02,2008,23,200823,6.0,1.0,7.0,,,7.0,INF_ALL,
WPR,JPN,Japan,JP,NH,NH,SENTINEL,2008-06-09,2008,24,200824,8.0,0.0,8.0,,,8.0,INF_ALL,
WPR,JPN,Japan,JP,NH,NH,SENTINEL,2008-06-16,2008,25,200825,2.0,0.0,2.0,,,2.0,INF_ALL,
WPR,JPN,Japan,JP,NH,NH,SENTINEL,2008-06-23,2008,26,200826,8.0,0.0,8.0,,,8.0,INF_ALL,
WPR,JPN,Japan,JP,NH,NH,SENTINEL,2008-06-30,2008,27,200827,1.0,2.0,3.0,,,3.0,INF_ALL,
WPR,JPN,Japan,JP,NH,NH,SENTINEL,2008-07-07,2008,28,200828,3.0,5.0,8.0,,,8.0,INF_ALL,
WPR,JPN,Japan,JP,NH,NH,SENTINEL,2008-07-14,2008,29,200829,2.0,3.0,5.0,,,5.0,INF_ALL,
WPR,JPN,Japan,JP,NH,NH,SENTINEL,2008-07-21,2008,30,200830,0.0,0.0,,,,0.0,INF_A + INF_B,
WPR,JPN,Japan,JP,NH,NH,SENTINEL,2008-07-28,2008,31,200831,0.0,0.0,,,,0.0,INF_A + INF_B,
WPR,JPN,Japan,JP,NH,NH,SENTINEL,2008-08-04,2008,32,200832,1.0,0.0,1.0,,,1.0,INF_ALL,
WPR,JPN,Japan,JP,NH,NH,SENTINEL,2008-08-11,2008,33,200833,0.0,0.0,,,,0.0,INF_A + INF_B,
WPR,JPN,Japan,JP,NH,NH,SENTINEL,2008-08-18,2008,34,200834,0.0,0.0,,,,0.0,INF_A + INF_B,
WPR,JPN,Japan,JP,NH,NH,SENTINEL,2008-08-25,2008,35,200835,4.0,0.0,4.0,,,4.0,INF_ALL,
WPR,JPN,Japan,JP,NH,NH,SENTINEL,2008-09-01,2008,36,200836,4.0,0.0,4.0,,,4.0,INF_ALL,
WPR,JPN,Japan,JP,NH,NH,SENTINEL,2008-09-08,2008,37,200837,2.0,2.0,4.0,,,4.0,INF_ALL,
WPR,JPN,Japan,JP,NH,NH,SENTINEL,2008-09-15,2008,38,200838,0.0,4.0,4.0,,,4.0,INF_ALL,
WPR,JPN,Japan,JP,NH,NH,SENTINEL,2008-09-22,2008,39,200839,0.0,0.0,,,,0.0,INF_A + INF_B,
WPR,JPN,Japan,JP,NH,NH,SENTINEL,2008-09-29,2008,40,200840,0.0,2.0,2.0,,,2.0,INF_ALL,
WPR,JPN,Japan,JP,NH,NH,SENTINEL,2008-10-06,2008,41,200841,1.0,18.0,19.0,,,19.0,INF_ALL,
WPR,JPN,Japan,JP,NH,NH,SENTINEL,2008-10-13,2008,42,200842,4.0,1.0,5.0,,,5.0,INF_ALL,
WPR,JPN,Japan,JP,NH,NH,SENTINEL,2008-10-20,2008,43,200843,8.0,2.0,10.0,,,10.0,INF_ALL,
WPR,JPN,Japan,JP,NH,NH,SENTINEL,2008-10-27,2008,44,200844,18.0,3.0,21.0,,,21.0,INF_ALL,
WPR,JPN,Japan,JP,NH,NH,SENTINEL,2008-11-03,2008,45,200845,26.0,5.0,31.0,,,31.0,INF_ALL,
WPR,JPN,Japan,JP,NH,NH,SENTINEL,2008-11-10,2008,46,200846,51.0,4.0,55.0,,,55.0,INF_ALL,
WPR,JPN,Japan,JP,NH,NH,SENTINEL,2008-11-17,2008,47,200847,36.0,16.0,52.0,,,52.0,INF_ALL,
WPR,JPN,Japan,JP,NH,NH,SENTINEL,2008-11-24,2008,48,200848,49.0,15.0,64.0,,,64.0,INF_ALL,
WPR,JPN,Japan,JP,NH,NH,SENTINEL,2008-12-01,2008,49,200849,167.0,36.0,203.0,,,203.0,INF_ALL,
WPR,JPN,Japan,JP,NH,NH,SENTINEL,2008-12-08,2008,50,200850,253.0,21.0,274.0,,,274.0,INF_ALL,
WPR,JPN,Japan,JP,NH,NH,SENTINEL,2008-12-15,2008,51,200851,253.0,26.0,279.0,,,279.0,INF_ALL,
WPR,JPN,Japan,JP,NH,NH,SENTINEL,2008-12-22,2008,52,200852,209.0,27.0,236.0,,,236.0,INF_ALL,
WPR,JPN,Japan,JP,NH,NH,SENTINEL,2008-12-29,2009,1,200901,40.0,6.0,46.0,,,46.0,INF_ALL,
WPR,JPN,Japan,JP,NH,NH,SENTINEL,2009-01-05,2009,2,200902,462.0,23.0,485.0,,,485.0,INF_ALL,
WPR,JPN,Japan,JP,NH,NH,SENTINEL,2009-01-12,2009,3,200903,544.0,47.0,591.0,,,591.0,INF_ALL,
WPR,JPN,Japan,JP,NH,NH,SENTINEL,2009-01-19,2009,4,200904,872.0,77.0,949.0,,,949.0,INF_ALL,
WPR,JPN,Japan,JP,NH,NH,SENTINEL,2009-01-26,2009,5,200905,757.0,86.0,843.0,,,843.0,INF_ALL,
WPR,JPN,Japan,JP,NH,NH,SENTINEL,2009-02-02,2009,6,200906,474.0,86.0,560.0,,,560.0,INF_ALL,
WPR,JPN,Japan,JP,NH,NH,SENTINEL,2009-02-09,2009,7,200907,284.0,102.0,386.0,,,386.0,INF_ALL,
WPR,JPN,Japan,JP,NH,NH,SENTINEL,2009-02-16,2009,8,200908,207.0,125.0,332.0,,,332.0,INF_ALL,
WPR,JPN,Japan,JP,NH,NH,SENTINEL,2009-02-23,2009,9,200909,152.0,175.0,327.0,,,327.0,INF_ALL,
WPR,JPN,Japan,JP,NH,NH,SENTINEL,2009-03-02,2009,10,200910,105.0,241.0,346.0,,,346.0,INF_ALL,
WPR,JPN,Japan,JP,NH,NH,SENTINEL,2009-03-09,2009,11,200911,65.0,239.0,304.0,,,304.0,INF_ALL,
WPR,JPN,Japan,JP,NH,NH,SENTINEL,2009-03-16,2009,12,200912,36.0,140.0,176.0,,,176.0,INF_ALL,
WPR,JPN,Japan,JP,NH,NH,SENTINEL,2009-03-23,2009,13,200913,21.0,87.0,108.0,,,108.0,INF_ALL,
WPR,JPN,Japan,JP,NH,NH,SENTINEL,2009-03-30,2009,14,200914,31.0,70.0,101.0,,,101.0,INF_ALL,
WPR,JPN,Japan,JP,NH,NH,SENTINEL,2009-04-06,2009,15,200915,21.0,62.0,83.0,,,83.0,INF_ALL,
WPR,JPN,Japan,JP,NH,NH,SENTINEL,2009-04-13,2009,16,200916,25.0,76.0,101.0,,,101.0,INF_ALL,
WPR,JPN,Japan,JP,NH,NH,SENTINEL,2009-04-20,2009,17,200917,29.0,73.0,102.0,,,102.0,INF_ALL,
WPR,JPN,Japan,JP,NH,NH,SENTINEL,2009-04-27,2009,18,200918,76.0,39.0,115.0,,,115.0,INF_ALL,
WPR,JPN,Japan,JP,NH,NH,SENTINEL,2009-05-04,2009,19,200919,72.0,18.0,90.0,,,90.0,INF_ALL,
WPR,JPN,Japan,JP,NH,NH,SENTINEL,2009-05-11,2009,20,200920,208.0,30.0,238.0,,,238.0,INF_ALL,
WPR,JPN,Japan,JP,NH,NH,SENTINEL,2009-05-18,2009,21,200921,494.0,23.0,517.0,,,517.0,INF_ALL,
WPR,JPN,Japan,JP,NH,NH,SENTINEL,2009-05-25,2009,22,200922,174.0,10.0,184.0,,,184.0,INF_ALL,
WPR,JPN,Japan,JP,NH,NH,SENTINEL,2009-06-01,2009,23,200923,104.0,6.0,110.0,,,110.0,INF_ALL,
WPR,JPN,Japan,JP,NH,NH,SENTINEL,2009-06-08,2009,24,200924,201.0,4.0,205.0,,,205.0,INF_ALL,
WPR,JPN,Japan,JP,NH,NH,SENTINEL,2009-06-15,2009,25,200925,248.0,4.0,252.0,,,252.0,INF_ALL,
WPR,JPN,Japan,JP,NH,NH,SENTINEL,2009-06-22,2009,26,200926,277.0,4.0,281.0,,,281.0,INF_ALL,
WPR,JPN,Japan,JP,NH,NH,SENTINEL,2009-06-29,2009,27,200927,423.0,0.0,423.0,,,423.0,INF_ALL,
WPR,JPN,Japan,JP,NH,NH,SENTINEL,2009-07-06,2009,28,200928,819.0,4.0,823.0,,,823.0,INF_ALL,
WPR,JPN,Japan,JP,NH,NH,SENTINEL,2009-07-13,2009,29,200929,1151.0,0.0,1151.0,,,1151.0,INF_ALL,
WPR,JPN,Japan,JP,NH,NH,SENTINEL,2009-07-20,2009,30,200930,1039.0,0.0,1039.0,,,1039.0,INF_ALL,
WPR,JPN,Japan,JP,NH,NH,SENTINEL,2009-07-27,2009,31,200931,761.0,0.0,761.0,,,761.0,INF_ALL,
WPR,JPN,Japan,JP,NH,NH,SENTINEL,2009-08-03,2009,32,200932,1060.0,0.0,1060.0,,,1060.0,INF_ALL,
WPR,JPN,Japan,JP,NH,NH,SENTINEL,2009-08-10,2009,33,200933,1134.0,0.0,1134.0,,,1134.0,INF_ALL,
WPR,JPN,Japan,JP,NH,NH,SENTINEL,2009-08-17,2009,34,200934,1528.0,0.0,1528.0,,,1528.0,INF_ALL,
WPR,JPN,Japan,JP,NH,NH,SENTINEL,2009-08-24,2009,35,200935,1008.0,0.0,1008.0,,,1008.0,INF_ALL,
WPR,JPN,Japan,JP,NH,NH,SENTINEL,2009-08-31,2009,36,200936,599.0,0.0,599.0,,,599.0,INF_ALL,
WPR,JPN,Japan,JP,NH,NH,SENTINEL,2009-09-07,2009,37,200937,521.0,0.0,521.0,,,521.0,INF_ALL,
WPR,JPN,Japan,JP,NH,NH,SENTINEL,2009-09-14,2009,38,200938,720.0,0.0,720.0,,,720.0,INF_ALL,
WPR,JPN,Japan,JP,NH,NH,SENTINEL,2009-09-21,2009,39,200939,477.0,0.0,477.0,,,477.0,INF_ALL,
WPR,JPN,Japan,JP,NH,NH,SENTINEL,2009-09-28,2009,40,200940,755.0,0.0,755.0,,,755.0,INF_ALL,
WPR,JPN,Japan,JP,NH,NH,SENTINEL,2009-10-05,2009,41,200941,999.0,0.0,999.0,,,999.0,INF_ALL,
WPR,JPN,Japan,JP,NH,NH,SENTINEL,2009-10-12,2009,42,200942,1027.0,0.0,1027.0,,,1027.0,INF_ALL,
WPR,JPN,Japan,JP,NH,NH,SENTINEL,2009-10-19,2009,43,200943,1399.0,0.0,1399.0,,,1399.0,INF_ALL,
WPR,JPN,Japan,JP,NH,NH,SENTINEL,2009-10-26,2009,44,200944,1656.0,0.0,1656.0,,,1656.0,INF_ALL,
WPR,JPN,Japan,JP,NH,NH,SENTINEL,2009-11-02,2009,45,200945,1431.0,0.0,1431.0,,,1431.0,INF_ALL,
WPR,JPN,Japan,JP,NH,NH,SENTINEL,2009-11-09,2009,46,200946,1554.0,0.0,1554.0,,,1554.0,INF_ALL,
WPR,JPN,Japan,JP,NH,NH,SENTINEL,2009-11-16,2009,47,200947,1573.0,1.0,1574.0,,,1574.0,INF_ALL,
WPR,JPN,Japan,JP,NH,NH,SENTINEL,2009-11-23,2009,48,200948,1399.0,0.0,1399.0,,,1399.0,INF_ALL,
WPR,JPN,Japan,JP,NH,NH,SENTINEL,2009-11-30,2009,49,200949,1424.0,0.0,1424.0,,,1424.0,INF_ALL,
WPR,JPN,Japan,JP,NH,NH,SENTINEL,2009-12-07,2009,50,200950,1284.0,1.0,1285.0,,,1285.0,INF_ALL,
WPR,JPN,Japan,JP,NH,NH,SENTINEL,2009-12-14,2009,51,200951,1019.0,0.0,1019.0,,,1019.0,INF_ALL,
WPR,JPN,Japan,JP,NH,NH,SENTINEL,2009-12-21,2009,52,200952,604.0,0.0,604.0,,,604.0,INF_ALL,
WPR,JPN,Japan,JP,NH,NH,SENTINEL,2009-12-28,2009,53,200953,174.0,0.0,174.0,,,174.0,INF_ALL,
WPR,JPN,Japan,JP,NH,NH,SENTINEL,2010-01-04,2010,1,201001,503.0,0.0,503.0,,,503.0,INF_ALL,
WPR,JPN,Japan,JP,NH,NH,SENTINEL,2010-01-11,2010,2,201002,479.0,1.0,480.0,,,480.0,INF_ALL,
WPR,JPN,Japan,JP,NH,NH,SENTINEL,2010-01-18,2010,3,201003,541.0,1.0,542.0,,,542.0,INF_ALL,
WPR,JPN,Japan,JP,NH,NH,SENTINEL,2010-01-25,2010,4,201004,407.0,2.0,409.0,,,409.0,INF_ALL,
WPR,JPN,Japan,JP,NH,NH,SENTINEL,2010-02-01,2010,5,201005,342.0,4.0,346.0,,,346.0,INF_ALL,
WPR,JPN,Japan,JP,NH,NH,SENTINEL,2010-02-08,2010,6,201006,262.0,3.0,265.0,,,265.0,INF_ALL,
WPR,JPN,Japan,JP,NH,NH,SENTINEL,2010-02-15,2010,7,201007,251.0,4.0,255.0,,,255.0,INF_ALL,
WPR,JPN,Japan,JP,NH,NH,SENTINEL,2010-02-22,2010,8,201008,170.0,8.0,178.0,,,178.0,INF_ALL,
WPR,JPN,Japan,JP,NH,NH,SENTINEL,2010-03-01,2010,9,201009,101.0,14.0,115.0,,,115.0,INF_ALL,
WPR,JPN,Japan,JP,NH,NH,SENTINEL,2010-03-08,2010,10,201010,78.0,10.0,88.0,,,88.0,INF_ALL,
WPR,JPN,Japan,JP,NH,NH,SENTINEL,2010-03-15,2010,11,201011,50.0,16.0,66.0,,,66.0,INF_ALL,
WPR,JPN,Japan,JP,NH,NH,SENTINEL,2010-03-22,2010,12,201012,19.0,10.0,29.0,,,29.0,INF_ALL,
WPR,JPN,Japan,JP,NH,NH,SENTINEL,2010-03-29,2010,13,201013,20.0,13.0,33.0,,,33.0,INF_ALL,
WPR,JPN,Japan,JP,NH,NH,SENTINEL,2010-04-05,2010,14,201014,20.0,6.0,26.0,,,26.0,INF_ALL,
WPR,JPN,Japan,JP,NH,NH,SENTINEL,2010-04-12,2010,15,201015,29.0,13.0,42.0,,,42.0,INF_ALL,
WPR,JPN,Japan,JP,NH,NH,SENTINEL,2010-04-19,2010,16,201016,21.0,10.0,31.0,,,31.0,INF_ALL,
WPR,JPN,Japan,JP,NH,NH,SENTINEL,2010-04-26,2010,17,201017,10.0,6.0,16.0,,,16.0,INF_ALL,
WPR,JPN,Japan,JP,NH,NH,SENTINEL,2010-05-03,2010,18,201018,10.0,4.0,14.0,,,14.0,INF_ALL,
WPR,JPN,Japan,JP,NH,NH,SENTINEL,2010-05-10,2010,19,201019,21.0,23.0,44.0,,,44.0,INF_ALL,
WPR,JPN,Japan,JP,NH,NH,SENTINEL,2010-05-17,2010,20,201020,30.0,13.0,43.0,,,43.0,INF_ALL,
WPR,JPN,Japan,JP,NH,NH,SENTINEL,2010-05-24,2010,21,201021,16.0,8.0,24.0,,,24.0,INF_ALL,
WPR,JPN,Japan,JP,NH,NH,SENTINEL,2010-05-31,2010,22,201022,8.0,4.0,12.0,,,12.0,INF_ALL,
WPR,JPN,Japan,JP,NH,NH,SENTINEL,2010-06-07,2010,23,201023,9.0,4.0,13.0,,,13.0,INF_ALL,
WPR,JPN,Japan,JP,NH,NH,SENTINEL,2010-06-14,2010,24,201024,13.0,0.0,13.0,,,13.0,INF_ALL,
WPR,JPN,Japan,JP,NH,NH,SENTINEL,2010-06-21,2010,25,201025,3.0,2.0,5.0,,,5.0,INF_ALL,
WPR,JPN,Japan,JP,NH,NH,SENTINEL,2010-06-28,2010,26,201026,8.0,2.0,10.0,,,10.0,INF_ALL,
WPR,JPN,Japan,JP,NH,NH,SENTINEL,2010-07-05,2010,27,201027,15.0,0.0,15.0,,,15.0,INF_ALL,
WPR,JPN,Japan,JP,NH,NH,SENTINEL,2010-07-12,2010,28,201028,14.0,2.0,16.0,,,16.0,INF_ALL,
WPR,JPN,Japan,JP,NH,NH,SENTINEL,2010-07-19,2010,29,201029,9.0,3.0,12.0,,,12.0,INF_ALL,
WPR,JPN,Japan,JP,NH,NH,SENTINEL,2010-07-26,2010,30,201030,5.0,2.0,7.0,,,7.0,INF_ALL,
WPR,JPN,Japan,JP,NH,NH,SENTINEL,2010-08-02,2010,31,201031,27.0,0.0,27.0,,,27.0,INF_ALL,
WPR,JPN,Japan,JP,NH,NH,SENTINEL,2010-08-09,2010,32,201032,23.0,1.0,24.0,,,24.0,INF_ALL,
WPR,JPN,Japan,JP,NH,NH,SENTINEL,2010-08-16,2010,33,201033,14.0,0.0,14.0,,,14.0,INF_ALL,
WPR,JPN,Japan,JP,NH,NH,SENTINEL,2010-08-23,2010,34,201034,21.0,1.0,22.0,,,22.0,INF_ALL,
WPR,JPN,Japan,JP,NH,NH,SENTINEL,2010-08-30,2010,35,201035,29.0,3.0,32.0,,,32.0,INF_ALL,
WPR,JPN,Japan,JP,NH,NH,SENTINEL,2010-09-06,2010,36,201036,49.0,1.0,50.0,,,50.0,INF_ALL,
WPR,JPN,Japan,JP,NH,NH,SENTINEL,2010-09-13,2010,37,201037,29.0,2.0,31.0,,,31.0,INF_ALL,
WPR,JPN,Japan,JP,NH,NH,SENTINEL,2010-09-20,2010,38,201038,30.0,1.0,31.0,,,31.0,INF_ALL,
WPR,JPN,Japan,JP,NH,NH,SENTINEL,2010-09-27,2010,39,201039,38.0,1.0,39.0,,,39.0,INF_ALL,
WPR,JPN,Japan,JP,NH,NH,SENTINEL,2010-10-04,2010,40,201040,60.0,4.0,64.0,,,64.0,INF_ALL,
WPR,JPN,Japan,JP,NH,NH,SENTINEL,2010-10-11,2010,41,201041,39.0,1.0,40.0,,,40.0,INF_ALL,
WPR,JPN,Japan,JP,NH,NH,SENTINEL,2010-10-18,2010,42,201042,48.0,2.0,50.0,,,50.0,INF_ALL,
WPR,JPN,Japan,JP,NH,NH,SENTINEL,2010-10-25,2010,43,201043,73.0,2.0,75.0,,,75.0,INF_ALL,
WPR,JPN,Japan,JP,NH,NH,SENTINEL,2010-11-01,2010,44,201044,59.0,0.0,59.0,,,59.0,INF_ALL,
WPR,JPN,Japan,JP,NH,NH,SENTINEL,2010-11-08,2010,45,201045,77.0,1.0,78.0,,,78.0,INF_ALL,
WPR,JPN,Japan,JP,NH,NH,SENTINEL,2010-11-15,2010,46,201046,120.0,17.0,137.0,,,137.0,INF_ALL,
WPR,JPN,Japan,JP,NH,NH,SENTINEL,2010-11-22,2010,47,201047,137.0,8.0,145.0,,,145.0,INF_ALL,
WPR,JPN,Japan,JP,NH,NH,SENTINEL,2010-11-29,2010,48,201048,155.0,15.0,170.0,,,170.0,INF_ALL,
WPR,JPN,Japan,JP,NH,NH,SENTINEL,2010-12-06,2010,49,201049,248.0,8.0,256.0,,,256.0,INF_ALL,
WPR,JPN,Japan,JP,NH,NH,SENTINEL,2010-12-13,2010,50,201050,346.0,26.0,372.0,,,372.0,INF_ALL,
WPR,JPN,Japan,JP,NH,NH,SENTINEL,2010-12-20,2010,51,201051,399.0,20.0,419.0,,,419.0,INF_ALL,
WPR,JPN,Japan,JP,NH,NH,SENTINEL,2010-12-27,2010,52,201052,232.0,13.0,245.0,,,245.0,INF_ALL,
WPR,JPN,Japan,JP,NH,NH,SENTINEL,2011-01-03,2011,1,201101,669.0,12.0,681.0,,,681.0,INF_ALL,
WPR,JPN,Japan,JP,NH,NH,SENTINEL,2011-01-10,2011,2,201102,1114.0,16.0,1130.0,,,1130.0,INF_ALL,
WPR,JPN,Japan,JP,NH,NH,SENTINEL,2011-01-17,2011,3,201103,1589.0,61.0,1650.0,,,1650.0,INF_ALL,
WPR,JPN,Japan,JP,NH,NH,SENTINEL,2011-01-24,2011,4,201104,1051.0,67.0,1118.0,,,1118.0,INF_ALL,
WPR,JPN,Japan,JP,NH,NH,SENTINEL,2011-01-31,2011,5,201105,861.0,92.0,953.0,,,953.0,INF_ALL,
WPR,JPN,Japan,JP,NH,NH,SENTINEL,2011-02-07,2011,6,201106,552.0,83.0,635.0,,,635.0,INF_ALL,
WPR,JPN,Japan,JP,NH,NH,SENTINEL,2011-02-14,2011,7,201107,432.0,81.0,513.0,,,513.0,INF_ALL,
WPR,JPN,Japan,JP,NH,NH,SENTINEL,2011-02-21,2011,8,201108,413.0,111.0,524.0,,,524.0,INF_ALL,
WPR,JPN,Japan,JP,NH,NH,SENTINEL,2011-02-28,2011,9,201109,325.0,116.0,441.0,,,441.0,INF_ALL,
WPR,JPN,Japan,JP,NH,NH,SENTINEL,2011-03-07,2011,10,201110,272.0,143.0,415.0,,,415.0,INF_ALL,
WPR,JPN,Japan,JP,NH,NH,SENTINEL,2011-03-14,2011,11,201111,146.0,137.0,283.0,,,283.0,INF_ALL,
WPR,JPN,Japan,JP,NH,NH,SENTINEL,2011-03-21,2011,12,201112,91.0,97.0,188.0,,,188.0,INF_ALL,
WPR,JPN,Japan,JP,NH,NH,SENTINEL,2011-03-28,2011,13,201113,79.0,95.0,174.0,,,174.0,INF_ALL,
WPR,JPN,Japan,JP,NH,NH,SENTINEL,2011-04-04,2011,14,201114,65.0,95.0,160.0,,,160.0,INF_ALL,
WPR,JPN,Japan,JP,NH,NH,SENTINEL,2011-04-11,2011,15,201115,66.0,115.0,181.0,,,181.0,INF_ALL,
WPR,JPN,Japan,JP,NH,NH,SENTINEL,2011-04-18,2011,16,201116,81.0,94.0,175.0,,,175.0,INF_ALL,
WPR,JPN,Japan,JP,NH,NH,SENTINEL,2011-04-25,2011,17,201117,55.0,98.0,153.0,,,153.0,INF_ALL,
WPR,JPN,Japan,JP,NH,NH,SENTINEL,2011-05-02,2011,18,201118,18.0,38.0,56.0,,,56.0,INF_ALL,
WPR,JPN,Japan,JP,NH,NH,SENTINEL,2011-05-09,2011,19,201119,17.0,43.0,60.0,,,60.0,INF_ALL,
WPR,JPN,Japan,JP,NH,NH,SENTINEL,2011-05-16,2011,20,201120,19.0,33.0,52.0,,,52.0,INF_ALL,
WPR,JPN,Japan,JP,NH,NH,SENTINEL,2011-05-23,2011,21,201121,13.0,25.0,38.0,,,38.0,INF_ALL,
WPR,JPN,Japan,JP,NH,NH,SENTINEL,2011-05-30,2011,22,201122,8.0,29.0,37.0,,,37.0,INF_ALL,
WPR,JPN,Japan,JP,NH,NH,SENTINEL,2011-06-06,2011,23,201123,1.0,14.0,15.0,,,15.0,INF_ALL,
WPR,JPN,Japan,JP,NH,NH,SENTINEL,2011-06-13,2011,24,201124,2.0,7.0,9.0,,,9.0,INF_ALL,
WPR,JPN,Japan,JP,NH,NH,SENTINEL,2011-06-20,2011,25,201125,0.0,4.0,4.0,,,4.0,INF_ALL,
WPR,JPN,Japan,JP,NH,NH,SENTINEL,2011-06-27,2011,26,201126,3.0,5.0,8.0,,,8.0,INF_ALL,
WPR,JPN,Japan,JP,NH,NH,SENTINEL,2011-07-04,2011,27,201127,0.0,1.0,1.0,,,1.0,INF_ALL,
WPR,JPN,Japan,JP,NH,NH,SENTINEL,2011-07-11,2011,28,201128,0.0,2.0,2.0,,,2.0,INF_ALL,
WPR,JPN,Japan,JP,NH,NH,SENTINEL,2011-07-18,2011,29,201129,2.0,2.0,4.0,,,4.0,INF_ALL,
WPR,JPN,Japan,JP,NH,NH,SENTINEL,2011-07-25,2011,30,201130,1.0,1.0,2.0,,,2.0,INF_ALL,
WPR,JPN,Japan,JP,NH,NH,SENTINEL,2011-08-01,2011,31,201131,0.0,1.0,1.0,,,1.0,INF_ALL,
WPR,JPN,Japan,JP,NH,NH,SENTINEL,2011-08-08,2011,32,201132,1.0,0.0,1.0,,,1.0,INF_ALL,
WPR,JPN,Japan,JP,NH,NH,SENTINEL,2011-08-15,2011,33,201133,1.0,0.0,1.0,,,1.0,INF_ALL,
WPR,JPN,Japan,JP,NH,NH,SENTINEL,2011-08-22,2011,34,201134,1.0,0.0,1.0,,,1.0,INF_ALL,
WPR,JPN,Japan,JP,NH,NH,SENTINEL,2011-08-29,2011,35,201135,0.0,0.0,,,,0.0,INF_A + INF_B,
WPR,JPN,Japan,JP,NH,NH,SENTINEL,2011-09-05,2011,36,201136,5.0,0.0,5.0,,,5.0,INF_ALL,
WPR,JPN,Japan,JP,NH,NH,SENTINEL,2011-09-12,2011,37,201137,1.0,0.0,1.0,,,1.0,INF_ALL,
WPR,JPN,Japan,JP,NH,NH,SENTINEL,2011-09-19,2011,38,201138,2.0,0.0,2.0,,,2.0,INF_ALL,
WPR,JPN,Japan,JP,NH,NH,SENTINEL,2011-09-26,2011,39,201139,6.0,1.0,7.0,,,7.0,INF_ALL,
WPR,JPN,Japan,JP,NH,NH,SENTINEL,2011-10-03,2011,40,201140,5.0,5.0,10.0,,,10.0,INF_ALL,
WPR,JPN,Japan,JP,NH,NH,SENTINEL,2011-10-10,2011,41,201141,19.0,0.0,19.0,,,19.0,INF_ALL,
WPR,JPN,Japan,JP,NH,NH,SENTINEL,2011-10-17,2011,42,201142,18.0,3.0,21.0,,,21.0,INF_ALL,
WPR,JPN,Japan,JP,NH,NH,SENTINEL,2011-10-24,2011,43,201143,22.0,3.0,25.0,,,25.0,INF_ALL,
WPR,JPN,Japan,JP,NH,NH,SENTINEL,2011-10-31,2011,44,201144,26.0,7.0,33.0,,,33.0,INF_ALL,
WPR,JPN,Japan,JP,NH,NH,SENTINEL,2011-11-07,2011,45,201145,7.0,2.0,9.0,,,9.0,INF_ALL,
WPR,JPN,Japan,JP,NH,NH,SENTINEL,2011-11-14,2011,46,201146,46.0,2.0,48.0,,,48.0,INF_ALL,
WPR,JPN,Japan,JP,NH,NH,SENTINEL,2011-11-21,2011,47,201147,44.0,2.0,46.0,,,46.0,INF_ALL,
WPR,JPN,Japan,JP,NH,NH,SENTINEL,2011-11-28,2011,48,201148,75.0,3.0,78.0,,,78.0,INF_ALL,
WPR,JPN,Japan,JP,NH,NH,SENTINEL,2011-12-05,2011,49,201149,116.0,4.0,120.0,,,120.0,INF_ALL,
WPR,JPN,Japan,JP,NH,NH,SENTINEL,2011-12-12,2011,50,201150,157.0,15.0,172.0,,,172.0,INF_ALL,
WPR,JPN,Japan,JP,NH,NH,SENTINEL,2011-12-19,2011,51,201151,169.0,7.0,176.0,,,176.0,INF_ALL,
WPR,JPN,Japan,JP,NH,NH,SENTINEL,2011-12-26,2011,52,201152,107.0,7.0,114.0,,,114.0,INF_ALL,
WPR,JPN,Japan,JP,NH,NH,SENTINEL,2012-01-02,2012,1,201201,159.0,11.0,170.0,,,170.0,INF_ALL,
WPR,JPN,Japan,JP,NH,NH,SENTINEL,2012-01-09,2012,2,201202,415.0,40.0,455.0,,,455.0,INF_ALL,
WPR,JPN,Japan,JP,NH,NH,SENTINEL,2012-01-16,2012,3,201203,868.0,94.0,962.0,,,962.0,INF_ALL,
WPR,JPN,Japan,JP,NH,NH,SENTINEL,2012-01-23,2012,4,201204,615.0,117.0,732.0,,,732.0,INF_ALL,
WPR,JPN,Japan,JP,NH,NH,SENTINEL,2012-01-30,2012,5,201205,549.0,114.0,663.0,,,663.0,INF_ALL,
WPR,JPN,Japan,JP,NH,NH,SENTINEL,2012-02-06,2012,6,201206,412.0,124.0,536.0,,,536.0,INF_ALL,
WPR,JPN,Japan,JP,NH,NH,SENTINEL,2012-02-13,2012,7,201207,348.0,155.0,503.0,,,503.0,INF_ALL,
WPR,JPN,Japan,JP,NH,NH,SENTINEL,2012-02-20,2012,8,201208,271.0,130.0,401.0,,,401.0,INF_ALL,
WPR,JPN,Japan,JP,NH,NH,SENTINEL,2012-02-27,2012,9,201209,171.0,156.0,327.0,,,327.0,INF_ALL,
WPR,JPN,Japan,JP,NH,NH,SENTINEL,2012-03-05,2012,10,201210,129.0,179.0,308.0,,,308.0,INF_ALL,
WPR,JPN,Japan,JP,NH,NH,SENTINEL,2012-03-12,2012,11,201211,80.0,162.0,242.0,,,242.0,INF_ALL,
WPR,JPN,Japan,JP,NH,NH,SENTINEL,2012-03-19,2012,12,201212,51.0,120.0,171.0,,,171.0,INF_ALL,
WPR,JPN,Japan,JP,NH,NH,SENTINEL,2012-03-26,2012,13,201213,32.0,114.0,146.0,,,146.0,INF_ALL,
WPR,JPN,Japan,JP,NH,NH,SENTINEL,2012-04-02,2012,14,201214,38.0,83.0,121.0,,,121.0,INF_ALL,
WPR,JPN,Japan,JP,NH,NH,SENTINEL,2012-04-09,2012,15,201215,36.0,106.0,142.0,,,142.0,INF_ALL,
WPR,JPN,Japan,JP,NH,NH,SENTINEL,2012-04-16,2012,16,201216,18.0,94.0,112.0,,,112.0,INF_ALL,
WPR,JPN,Japan,JP,NH,NH,SENTINEL,2012-04-23,2012,17,201217,18.0,72.0,90.0,,,90.0,INF_ALL,
WPR,JPN,Japan,JP,NH,NH,SENTINEL,2012-04-30,2012,18,201218,3.0,21.0,24.0,,,24.0,INF_ALL,
WPR,JPN,Japan,JP,NH,NH,SENTINEL,2012-05-07,2012,19,201219,4.0,22.0,26.0,,,26.0,INF_ALL,
WPR,JPN,Japan,JP,NH,NH,SENTINEL,2012-05-14,2012,20,201220,13.0,22.0,35.0,,,35.0,INF_ALL,
WPR,JPN,Japan,JP,NH,NH,SENTINEL,2012-05-21,2012,21,201221,2.0,15.0,17.0,,,17.0,INF_ALL,
WPR,JPN,Japan,JP,NH,NH,SENTINEL,2012-05-28,2012,22,201222,3.0,12.0,15.0,,,15.0,INF_ALL,
WPR,JPN,Japan,JP,NH,NH,SENTINEL,2012-06-04,2012,23,201223,2.0,5.0,7.0,,,7.0,INF_ALL,
WPR,JPN,Japan,JP,NH,NH,SENTINEL,2012-06-11,2012,24,201224,1.0,2.0,3.0,,,3.0,INF_ALL,
WPR,JPN,Japan,JP,NH,NH,SENTINEL,2012-06-18,2012,25,201225,2.0,2.0,4.0,,,4.0,INF_ALL,
WPR,JPN,Japan,JP,NH,NH,SENTINEL,2012-06-25,2012,26,201226,18.0,1.0,19.0,,,19.0,INF_ALL,
WPR,JPN,Japan,JP,NH,NH,SENTINEL,2012-07-02,2012,27,201227,5.0,1.0,6.0,,,6.0,INF_ALL,
WPR,JPN,Japan,JP,NH,NH,SENTINEL,2012-07-09,2012,28,201228,12.0,0.0,12.0,,,12.0,INF_ALL,
WPR,JPN,Japan,JP,NH,NH,SENTINEL,2012-07-16,2012,29,201229,3.0,1.0,4.0,,,4.0,INF_ALL,
WPR,JPN,Japan,JP,NH,NH,SENTINEL,2012-07-23,2012,30,201230,8.0,1.0,9.0,,,9.0,INF_ALL,
WPR,JPN,Japan,JP,NH,NH,SENTINEL,2012-07-30,2012,31,201231,9.0,1.0,10.0,,,10.0,INF_ALL,
WPR,JPN,Japan,JP,NH,NH,SENTINEL,2012-08-06,2012,32,201232,16.0,2.0,18.0,,,18.0,INF_ALL,
WPR,JPN,Japan,JP,NH,NH,SENTINEL,2012-08-13,2012,33,201233,6.0,1.0,7.0,,,7.0,INF_ALL,
WPR,JPN,Japan,JP,NH,NH,SENTINEL,2012-08-20,2012,34,201234,5.0,0.0,5.0,,,5.0,INF_ALL,
WPR,JPN,Japan,JP,NH,NH,SENTINEL,2012-08-27,2012,35,201235,11.0,2.0,13.0,,,13.0,INF_ALL,
WPR,JPN,Japan,JP,NH,NH,SENTINEL,2012-09-03,2012,36,201236,40.0,0.0,40.0,,,40.0,INF_ALL,
WPR,JPN,Japan,JP,NH,NH,SENTINEL,2012-09-10,2012,37,201237,20.0,0.0,20.0,,,20.0,INF_ALL,
WPR,JPN,Japan,JP,NH,NH,SENTINEL,2012-09-17,2012,38,201238,5.0,0.0,5.0,,,5.0,INF_ALL,
WPR,JPN,Japan,JP,NH,NH,SENTINEL,2012-09-24,2012,39,201239,32.0,1.0,33.0,,,33.0,INF_ALL,
WPR,JPN,Japan,JP,NH,NH,SENTINEL,2012-10-01,2012,40,201240,11.0,0.0,11.0,,,11.0,INF_ALL,
WPR,JPN,Japan,JP,NH,NH,SENTINEL,2012-10-08,2012,41,201241,6.0,2.0,8.0,,,8.0,INF_ALL,
WPR,JPN,Japan,JP,NH,NH,SENTINEL,2012-10-15,2012,42,201242,3.0,1.0,4.0,,,4.0,INF_ALL,
WPR,JPN,Japan,JP,NH,NH,SENTINEL,2012-10-22,2012,43,201243,10.0,1.0,11.0,,,11.0,INF_ALL,
WPR,JPN,Japan,JP,NH,NH,SENTINEL,2012-10-29,2012,44,201244,11.0,0.0,11.0,,,11.0,INF_ALL,
WPR,JPN,Japan,JP,NH,NH,SENTINEL,2012-11-05,2012,45,201245,12.0,2.0,14.0,,,14.0,INF_ALL,
WPR,JPN,Japan,JP,NH,NH,SENTINEL,2012-11-12,2012,46,201246,10.0,1.0,11.0,,,11.0,INF_ALL,
WPR,JPN,Japan,JP,NH,NH,SENTINEL,2012-11-19,2012,47,201247,25.0,5.0,30.0,,,30.0,INF_ALL,
WPR,JPN,Japan,JP,NH,NH,SENTINEL,2012-11-26,2012,48,201248,37.0,7.0,44.0,,,44.0,INF_ALL,
WPR,JPN,Japan,JP,NH,NH,SENTINEL,2012-12-03,2012,49,201249,82.0,9.0,91.0,,,91.0,INF_ALL,
WPR,JPN,Japan,JP,NH,NH,SENTINEL,2012-12-10,2012,50,201250,127.0,12.0,139.0,,,139.0,INF_ALL,
WPR,JPN,Japan,JP,NH,NH,SENTINEL,2012-12-17,2012,51,201251,218.0,15.0,233.0,,,233.0,INF_ALL,
WPR,JPN,Japan,JP,NH,NH,SENTINEL,2012-12-24,2012,52,201252,138.0,10.0,148.0,,,148.0,INF_ALL,
WPR,JPN,Japan,JP,NH,NH,SENTINEL,2012-12-31,2013,1,201301,141.0,5.0,146.0,,,146.0,INF_ALL,
WPR,JPN,Japan,JP,NH,NH,SENTINEL,2013-01-07,2013,2,201302,594.0,28.0,622.0,,,622.0,INF_ALL,
WPR,JPN,Japan,JP,NH,NH,SENTINEL,2013-01-14,2013,3,201303,678.0,56.0,734.0,,,734.0,INF_ALL,
WPR,JPN,Japan,JP,NH,NH,SENTINEL,2013-01-21,2013,4,201304,750.0,68.0,818.0,,,818.0,INF_ALL,
WPR,JPN,Japan,JP,NH,NH,SENTINEL,2013-01-28,2013,5,201305,505.0,81.0,586.0,,,586.0,INF_ALL,
WPR,JPN,Japan,JP,NH,NH,SENTINEL,2013-02-04,2013,6,201306,373.0,87.0,460.0,,,460.0,INF_ALL,
WPR,JPN,Japan,JP,NH,NH,SENTINEL,2013-02-11,2013,7,201307,233.0,66.0,299.0,,,299.0,INF_ALL,
WPR,JPN,Japan,JP,NH,NH,SENTINEL,2013-02-18,2013,8,201308,256.0,60.0,316.0,,,316.0,INF_ALL,
WPR,JPN,Japan,JP,NH,NH,SENTINEL,2013-02-25,2013,9,201309,227.0,96.0,323.0,,,323.0,INF_ALL,
WPR,JPN,Japan,JP,NH,NH,SENTINEL,2013-03-04,2013,10,201310,172.0,81.0,253.0,,,253.0,INF_ALL,
WPR,JPN,Japan,JP,NH,NH,SENTINEL,2013-03-11,2013,11,201311,105.0,94.0,199.0,,,199.0,INF_ALL,
WPR,JPN,Japan,JP,NH,NH,SENTINEL,2013-03-18,2013,12,201312,68.0,93.0,161.0,,,161.0,INF_ALL,
WPR,JPN,Japan,JP,NH,NH,SENTINEL,2013-03-25,2013,13,201313,45.0,86.0,131.0,,,131.0,INF_ALL,
WPR,JPN,Japan,JP,NH,NH,SENTINEL,2013-04-01,2013,14,201314,46.0,49.0,95.0,,,95.0,INF_ALL,
WPR,JPN,Japan,JP,NH,NH,SENTINEL,2013-04-08,2013,15,201315,38.0,45.0,83.0,,,83.0,INF_ALL,
WPR,JPN,Japan,JP,NH,NH,SENTINEL,2013-04-15,2013,16,201316,40.0,81.0,121.0,,,121.0,INF_ALL,
WPR,JPN,Japan,JP,NH,NH,SENTINEL,2013-04-22,2013,17,201317,34.0,58.0,92.0,,,92.0,INF_ALL,
WPR,JPN,Japan,JP,NH,NH,SENTINEL,2013-04-29,2013,18,201318,16.0,35.0,51.0,,,51.0,INF_ALL,
WPR,JPN,Japan,JP,NH,NH,SENTINEL,2013-05-06,2013,19,201319,13.0,52.0,65.0,,,65.0,INF_ALL,
WPR,JPN,Japan,JP,NH,NH,SENTINEL,2013-05-13,2013,20,201320,18.0,62.0,80.0,,,80.0,INF_ALL,
WPR,JPN,Japan,JP,NH,NH,SENTINEL,2013-05-20,2013,21,201321,9.0,39.0,48.0,,,48.0,INF_ALL,
WPR,JPN,Japan,JP,NH,NH,SENTINEL,2013-05-27,2013,22,201322,9.0,21.0,30.0,,,30.0,INF_ALL,
WPR,JPN,Japan,JP,NH,NH,SENTINEL,2013-06-03,2013,23,201323,9.0,12.0,21.0,,,21.0,INF_ALL,
WPR,JPN,Japan,JP,NH,NH,SENTINEL,2013-06-10,2013,24,201324,6.0,14.0,20.0,,,20.0,INF_ALL,
WPR,JPN,Japan,JP,NH,NH,SENTINEL,2013-06-17,2013,25,201325,1.0,5.0,6.0,,,6.0,INF_ALL,
WPR,JPN,Japan,JP,NH,NH,SENTINEL,2013-06-24,2013,26,201326,2.0,2.0,4.0,,,4.0,INF_ALL,
WPR,JPN,Japan,JP,NH,NH,SENTINEL,2013-07-01,2013,27,201327,2.0,1.0,3.0,,,3.0,INF_ALL,
WPR,JPN,Japan,JP,NH,NH,SENTINEL,2013-07-08,2013,28,201328,7.0,0.0,7.0,,,7.0,INF_ALL,
WPR,JPN,Japan,JP,NH,NH,SENTINEL,2013-07-15,2013,29,201329,0.0,1.0,1.0,,,1.0,INF_ALL,
WPR,JPN,Japan,JP,NH,NH,SENTINEL,2013-07-22,2013,30,201330,0.0,1.0,1.0,,,1.0,INF_ALL,
WPR,JPN,Japan,JP,NH,NH,SENTINEL,2013-07-29,2013,31,201331,3.0,0.0,3.0,,,3.0,INF_ALL,
WPR,JPN,Japan,JP,NH,NH,SENTINEL,2013-08-05,2013,32,201332,2.0,3.0,5.0,,,5.0,INF_ALL,
WPR,JPN,Japan,JP,NH,NH,SENTINEL,2013-08-12,2013,33,201333,1.0,0.0,1.0,,,1.0,INF_ALL,
WPR,JPN,Japan,JP,NH,NH,SENTINEL,2013-08-19,2013,34,201334,1.0,0.0,1.0,,,1.0,INF_ALL,
WPR,JPN,Japan,JP,NH,NH,SENTINEL,2013-08-26,2013,35,201335,1.0,1.0,2.0,,,2.0,INF_ALL,
WPR,JPN,Japan,JP,NH,NH,SENTINEL,2013-09-02,2013,36,201336,4.0,0.0,4.0,,,4.0,INF_ALL,
WPR,JPN,Japan,JP,NH,NH,SENTINEL,2013-09-09,2013,37,201337,3.0,0.0,3.0,,,3.0,INF_ALL,
WPR,JPN,Japan,JP,NH,NH,SENTINEL,2013-09-16,2013,38,201338,8.0,0.0,8.0,,,8.0,INF_ALL,
WPR,JPN,Japan,JP,NH,NH,SENTINEL,2013-09-23,2013,39,201339,6.0,1.0,7.0,,,7.0,INF_ALL,
WPR,JPN,Japan,JP,NH,NH,SENTINEL,2013-09-30,2013,40,201340,14.0,1.0,15.0,,,15.0,INF_ALL,
WPR,JPN,Japan,JP,NH,NH,SENTINEL,2013-10-07,2013,41,201341,10.0,6.0,16.0,,,16.0,INF_ALL,
WPR,JPN,Japan,JP,NH,NH,SENTINEL,2013-10-14,2013,42,201342,5.0,1.0,6.0,,,6.0,INF_ALL,
WPR,JPN,Japan,JP,NH,NH,SENTINEL,2013-10-21,2013,43,201343,4.0,15.0,19.0,,,19.0,INF_ALL,
WPR,JPN,Japan,JP,NH,NH,SENTINEL,2013-10-28,2013,44,201344,8.0,5.0,13.0,,,13.0,INF_ALL,
WPR,JPN,Japan,JP,NH,NH,SENTINEL,2013-11-04,2013,45,201345,13.0,1.0,14.0,,,14.0,INF_ALL,
WPR,JPN,Japan,JP,NH,NH,SENTINEL,2013-11-11,2013,46,201346,15.0,2.0,17.0,,,17.0,INF_ALL,
WPR,JPN,Japan,JP,NH,NH,SENTINEL,2013-11-18,2013,47,201347,38.0,15.0,53.0,,,53.0,INF_ALL,
WPR,JPN,Japan,JP,NH,NH,SENTINEL,2013-11-25,2013,48,201348,83.0,14.0,97.0,,,97.0,INF_ALL,
WPR,JPN,Japan,JP,NH,NH,SENTINEL,2013-12-02,2013,49,201349,84.0,21.0,105.0,,,105.0,INF_ALL,
WPR,JPN,Japan,JP,NH,NH,SENTINEL,2013-12-09,2013,50,201350,77.0,27.0,104.0,,,104.0,INF_ALL,
WPR,JPN,Japan,JP,NH,NH,SENTINEL,2013-12-16,2013,51,201351,120.0,34.0,154.0,,,154.0,INF_ALL,
WPR,JPN,Japan,JP,NH,NH,SENTINEL,2013-12-23,2013,52,201352,93.0,40.0,133.0,,,133.0,INF_ALL,
WPR,JPN,Japan,JP,NH,NH,SENTINEL,2013-12-30,2014,1,201401,51.0,14.0,65.0,,,65.0,INF_ALL,
WPR,JPN,Japan,JP,NH,NH,SENTINEL,2014-01-06,2014,2,201402,389.0,85.0,474.0,,,474.0,INF_ALL,
WPR,JPN,Japan,JP,NH,NH,SENTINEL,2014-01-13,2014,3,201403,554.0,185.0,739.0,,,739.0,INF_ALL,
WPR,JPN,Japan,JP,NH,NH,SENTINEL,2014-01-20,2014,4,201404,786.0,223.0,1009.0,,,1009.0,INF_ALL,
WPR,JPN,Japan,JP,NH,NH,SENTINEL,2014-01-27,2014,5,201405,665.0,215.0,880.0,,,880.0,INF_ALL,
WPR,JPN,Japan,JP,NH,NH,SENTINEL,2014-02-03,2014,6,201406,496.0,201.0,697.0,,,697.0,INF_ALL,
WPR,JPN,Japan,JP,NH,NH,SENTINEL,2014-02-10,2014,7,201407,313.0,185.0,498.0,,,498.0,INF_ALL,
WPR,JPN,Japan,JP,NH,NH,SENTINEL,2014-02-17,2014,8,201408,304.0,221.0,525.0,,,525.0,INF_ALL,
WPR,JPN,Japan,JP,NH,NH,SENTINEL,2014-02-24,2014,9,201409,291.0,221.0,512.0,,,512.0,INF_ALL,
WPR,JPN,Japan,JP,NH,NH,SENTINEL,2014-03-03,2014,10,201410,192.0,203.0,395.0,,,395.0,INF_ALL,
WPR,JPN,Japan,JP,NH,NH,SENTINEL,2014-03-10,2014,11,201411,201.0,228.0,429.0,,,429.0,INF_ALL,
WPR,JPN,Japan,JP,NH,NH,SENTINEL,2014-03-17,2014,12,201412,106.0,192.0,298.0,,,298.0,INF_ALL,
WPR,JPN,Japan,JP,NH,NH,SENTINEL,2014-03-24,2014,13,201413,80.0,141.0,221.0,,,221.0,INF_ALL,
WPR,JPN,Japan,JP,NH,NH,SENTINEL,2014-03-31,2014,14,201414,48.0,102.0,150.0,,,150.0,INF_ALL,
WPR,JPN,Japan,JP,NH,NH,SENTINEL,2014-04-07,2014,15,201415,36.0,78.0,114.0,,,114.0,INF_ALL,
WPR,JPN,Japan,JP,NH,NH,SENTINEL,2014-04-14,2014,16,201416,40.0,86.0,126.0,,,126.0,INF_ALL,
WPR,JPN,Japan,JP,NH,NH,SENTINEL,2014-04-21,2014,17,201417,21.0,78.0,99.0,,,99.0,INF_ALL,
WPR,JPN,Japan,JP,NH,NH,SENTINEL,2014-04-28,2014,18,201418,12.0,43.0,55.0,,,55.0,INF_ALL,
WPR,JPN,Japan,JP,NH,NH,SENTINEL,2014-05-05,2014,19,201419,6.0,22.0,28.0,,,28.0,INF_ALL,
WPR,JPN,Japan,JP,NH,NH,SENTINEL,2014-05-12,2014,20,201420,10.0,23.0,33.0,,,33.0,INF_ALL,
WPR,JPN,Japan,JP,NH,NH,SENTINEL,2014-05-19,2014,21,201421,8.0,12.0,20.0,,,20.0,INF_ALL,
WPR,JPN,Japan,JP,NH,NH,SENTINEL,2014-05-26,2014,22,201422,7.0,12.0,19.0,,,19.0,INF_ALL,
WPR,JPN,Japan,JP,NH,NH,SENTINEL,2014-06-02,2014,23,201423,1.0,1.0,2.0,,,2.0,INF_ALL,
WPR,JPN,Japan,JP,NH,NH,SENTINEL,2014-06-09,2014,24,201424,2.0,4.0,6.0,,,6.0,INF_ALL,
WPR,JPN,Japan,JP,NH,NH,SENTINEL,2014-06-16,2014,25,201425,3.0,4.0,7.0,,,7.0,INF_ALL,
WPR,JPN,Japan,JP,NH,NH,SENTINEL,2014-06-23,2014,26,201426,1.0,2.0,3.0,,,3.0,INF_ALL,
WPR,JPN,Japan,JP,NH,NH,SENTINEL,2014-06-30,2014,27,201427,1.0,0.0,1.0,,,1.0,INF_ALL,
WPR,JPN,Japan,JP,NH,NH,SENTINEL,2014-07-07,2014,28,201428,0.0,0.0,,,,0.0,INF_A + INF_B,
WPR,JPN,Japan,JP,NH,NH,SENTINEL,2014-07-14,2014,29,201429,4.0,1.0,5.0,,,5.0,INF_ALL,
WPR,JPN,Japan,JP,NH,NH,SENTINEL,2014-07-21,2014,30,201430,1.0,0.0,1.0,,,1.0,INF_ALL,
WPR,JPN,Japan,JP,NH,NH,SENTINEL,2014-07-28,2014,31,201431,1.0,0.0,1.0,,,1.0,INF_ALL,
WPR,JPN,Japan,JP,NH,NH,SENTINEL,2014-08-04,2014,32,201432,2.0,1.0,3.0,,,3.0,INF_ALL,
WPR,JPN,Japan,JP,NH,NH,SENTINEL,2014-08-11,2014,33,201433,2.0,0.0,2.0,,,2.0,INF_ALL,
WPR,JPN,Japan,JP,NH,NH,SENTINEL,2014-08-18,2014,34,201434,4.0,1.0,5.0,,,5.0,INF_ALL,
WPR,JPN,Japan,JP,NH,NH,SENTINEL,2014-08-25,2014,35,201435,6.0,0.0,6.0,,,6.0,INF_ALL,
WPR,JPN,Japan,JP,NH,NH,SENTINEL,2014-09-01,2014,36,201436,5.0,0.0,5.0,,,5.0,INF_ALL,
WPR,JPN,Japan,JP,NH,NH,SENTINEL,2014-09-08,2014,37,201437,13.0,0.0,13.0,,,13.0,INF_ALL,
WPR,JPN,Japan,JP,NH,NH,SENTINEL,2014-09-15,2014,38,201438,10.0,0.0,10.0,,,10.0,INF_ALL,
WPR,JPN,Japan,JP,NH,NH,SENTINEL,2014-09-22,2014,39,201439,13.0,2.0,15.0,,,15.0,INF_ALL,
WPR,JPN,Japan,JP,NH,NH,SENTINEL,2014-09-29,2014,40,201440,16.0,3.0,19.0,,,19.0,INF_ALL,
WPR,JPN,Japan,JP,NH,NH,SENTINEL,2014-10-06,2014,41,201441,3.0,1.0,4.0,,,4.0,INF_ALL,
WPR,JPN,Japan,JP,NH,NH,SENTINEL,2014-10-13,2014,42,201442,5.0,1.0,6.0,,,6.0,INF_ALL,
WPR,JPN,Japan,JP,NH,NH,SENTINEL,2014-10-20,2014,43,201443,11.0,3.0,14.0,,,14.0,INF_ALL,
WPR,JPN,Japan,JP,NH,NH,SENTINEL,2014-10-27,2014,44,201444,27.0,0.0,27.0,,,27.0,INF_ALL,
WPR,JPN,Japan,JP,NH,NH,SENTINEL,2014-11-03,2014,45,201445,29.0,1.0,30.0,,,30.0,INF_ALL,
WPR,JPN,Japan,JP,NH,NH,SENTINEL,2014-11-10,2014,46,201446,78.0,3.0,81.0,,,81.0,INF_ALL,
WPR,JPN,Japan,JP,NH,NH,SENTINEL,2014-11-17,2014,47,201447,108.0,3.0,111.0,,,111.0,INF_ALL,
WPR,JPN,Japan,JP,NH,NH,SENTINEL,2014-11-24,2014,48,201448,192.0,2.0,194.0,,,194.0,INF_ALL,
WPR,JPN,Japan,JP,NH,NH,SENTINEL,2014-12-01,2014,49,201449,301.0,2.0,303.0,,,303.0,INF_ALL,
WPR,JPN,Japan,JP,NH,NH,SENTINEL,2014-12-08,2014,50,201450,376.0,7.0,383.0,,,383.0,INF_ALL,
WPR,JPN,Japan,JP,NH,NH,SENTINEL,2014-12-15,2014,51,201451,524.0,7.0,531.0,,,531.0,INF_ALL,
WPR,JPN,Japan,JP,NH,NH,SENTINEL,2014-12-22,2014,52,201452,374.0,8.0,382.0,,,382.0,INF_ALL,
WPR,JPN,Japan,JP,NH,NH,SENTINEL,2014-12-29,2015,1,201501,71.0,2.0,73.0,,,73.0,INF_ALL,
WPR,JPN,Japan,JP,NH,NH,SENTINEL,2015-01-05,2015,2,201502,596.0,15.0,611.0,,,611.0,INF_ALL,
WPR,JPN,Japan,JP,NH,NH,SENTINEL,2015-01-12,2015,3,201503,481.0,20.0,501.0,,,501.0,INF_ALL,
WPR,JPN,Japan,JP,NH,NH,SENTINEL,2015-01-19,2015,4,201504,486.0,44.0,530.0,,,530.0,INF_ALL,
WPR,JPN,Japan,JP,NH,NH,SENTINEL,2015-01-26,2015,5,201505,377.0,35.0,412.0,,,412.0,INF_ALL,
WPR,JPN,Japan,JP,NH,NH,SENTINEL,2015-02-02,2015,6,201506,277.0,33.0,310.0,,,310.0,INF_ALL,
WPR,JPN,Japan,JP,NH,NH,SENTINEL,2015-02-09,2015,7,201507,178.0,26.0,204.0,,,204.0,INF_ALL,
WPR,JPN,Japan,JP,NH,NH,SENTINEL,2015-02-16,2015,8,201508,213.0,49.0,262.0,,,262.0,INF_ALL,
WPR,JPN,Japan,JP,NH,NH,SENTINEL,2015-02-23,2015,9,201509,118.0,46.0,164.0,,,164.0,INF_ALL,
WPR,JPN,Japan,JP,NH,NH,SENTINEL,2015-03-02,2015,10,201510,94.0,56.0,150.0,,,150.0,INF_ALL,
WPR,JPN,Japan,JP,NH,NH,SENTINEL,2015-03-09,2015,11,201511,84.0,60.0,144.0,,,144.0,INF_ALL,
WPR,JPN,Japan,JP,NH,NH,SENTINEL,2015-03-16,2015,12,201512,69.0,77.0,146.0,,,146.0,INF_ALL,
WPR,JPN,Japan,JP,NH,NH,SENTINEL,2015-03-23,2015,13,201513,38.0,59.0,97.0,,,97.0,INF_ALL,
WPR,JPN,Japan,JP,NH,NH,SENTINEL,2015-03-30,2015,14,201514,28.0,42.0,70.0,,,70.0,INF_ALL,
WPR,JPN,Japan,JP,NH,NH,SENTINEL,2015-04-06,2015,15,201515,15.0,42.0,57.0,,,57.0,INF_ALL,
WPR,JPN,Japan,JP,NH,NH,SENTINEL,2015-04-13,2015,16,201516,24.0,59.0,83.0,,,83.0,INF_ALL,
WPR,JPN,Japan,JP,NH,NH,SENTINEL,2015-04-20,2015,17,201517,13.0,51.0,64.0,,,64.0,INF_ALL,
WPR,JPN,Japan,JP,NH,NH,SENTINEL,2015-04-27,2015,18,201518,5.0,20.0,25.0,,,25.0,INF_ALL,
WPR,JPN,Japan,JP,NH,NH,SENTINEL,2015-05-04,2015,19,201519,2.0,11.0,13.0,,,13.0,INF_ALL,
WPR,JPN,Japan,JP,NH,NH,SENTINEL,2015-05-11,2015,20,201520,3.0,19.0,22.0,,,22.0,INF_ALL,
WPR,JPN,Japan,JP,NH,NH,SENTINEL,2015-05-18,2015,21,201521,1.0,17.0,18.0,,,18.0,INF_ALL,
WPR,JPN,Japan,JP,NH,NH,SENTINEL,2015-05-25,2015,22,201522,2.0,8.0,10.0,,,10.0,INF_ALL,
WPR,JPN,Japan,JP,NH,NH,SENTINEL,2015-06-01,2015,23,201523,1.0,10.0,11.0,,,11.0,INF_ALL,
WPR,JPN,Japan,JP,NH,NH,SENTINEL,2015-06-08,2015,24,201524,2.0,6.0,8.0,,,8.0,INF_ALL,
WPR,JPN,Japan,JP,NH,NH,SENTINEL,2015-06-15,2015,25,201525,2.0,5.0,7.0,,,7.0,INF_ALL,
WPR,JPN,Japan,JP,NH,NH,SENTINEL,2015-06-22,2015,26,201526,6.0,1.0,7.0,,,7.0,INF_ALL,
WPR,JPN,Japan,JP,NH,NH,SENTINEL,2015-06-29,2015,27,201527,1.0,2.0,3.0,,,3.0,INF_ALL,
WPR,JPN,Japan,JP,NH,NH,SENTINEL,2015-07-06,2015,28,201528,5.0,0.0,5.0,,,5.0,INF_ALL,
WPR,JPN,Japan,JP,NH,NH,SENTINEL,2015-07-13,2015,29,201529,1.0,0.0,1.0,,,1.0,INF_ALL,
WPR,JPN,Japan,JP,NH,NH,SENTINEL,2015-07-20,2015,30,201530,1.0,0.0,1.0,,,1.0,INF_ALL,
WPR,JPN,Japan,JP,NH,NH,SENTINEL,2015-07-27,2015,31,201531,1.0,3.0,4.0,,,4.0,INF_ALL,
WPR,JPN,Japan,JP,NH,NH,SENTINEL,2015-08-03,2015,32,201532,2.0,1.0,3.0,,,3.0,INF_ALL,
WPR,JPN,Japan,JP,NH,NH,SENTINEL,2015-08-10,2015,33,201533,2.0,1.0,3.0,,,3.0,INF_ALL,
WPR,JPN,Japan,JP,NH,NH,SENTINEL,2015-08-17,2015,34,201534,2.0,3.0,5.0,,,5.0,INF_ALL,
WPR,JPN,Japan,JP,NH,NH,SENTINEL,2015-08-24,2015,35,201535,4.0,1.0,5.0,,,5.0,INF_ALL,
WPR,JPN,Japan,JP,NH,NH,SENTINEL,2015-08-31,2015,36,201536,16.0,1.0,17.0,,,17.0,INF_ALL,
WPR,JPN,Japan,JP,NH,NH,SENTINEL,2015-09-07,2015,37,201537,5.0,1.0,6.0,,,6.0,INF_ALL,
WPR,JPN,Japan,JP,NH,NH,SENTINEL,2015-09-14,2015,38,201538,7.0,0.0,7.0,,,7.0,INF_ALL,
WPR,JPN,Japan,JP,NH,NH,SENTINEL,2015-09-21,2015,39,201539,2.0,1.0,3.0,,,3.0,INF_ALL,
WPR,JPN,Japan,JP,NH,NH,SENTINEL,2015-09-28,2015,40,201540,7.0,3.0,10.0,,,10.0,INF_ALL,
WPR,JPN,Japan,JP,NH,NH,SENTINEL,2015-10-05,2015,41,201541,11.0,2.0,13.0,,,13.0,INF_ALL,
WPR,JPN,Japan,JP,NH,NH,SENTINEL,2015-10-12,2015,42,201542,5.0,3.0,8.0,,,8.0,INF_ALL,
WPR,JPN,Japan,JP,NH,NH,SENTINEL,2015-10-19,2015,43,201543,23.0,10.0,33.0,,,33.0,INF_ALL,
WPR,JPN,Japan,JP,NH,NH,SENTINEL,2015-10-26,2015,44,201544,6.0,4.0,10.0,,,10.0,INF_ALL,
WPR,JPN,Japan,JP,NH,NH,SENTINEL,2015-11-02,2015,45,201545,17.0,5.0,22.0,,,22.0,INF_ALL,
WPR,JPN,Japan,JP,NH,NH,SENTINEL,2015-11-09,2015,46,201546,9.0,15.0,24.0,,,24.0,INF_ALL,
WPR,JPN,Japan,JP,NH,NH,SENTINEL,2015-11-16,2015,47,201547,21.0,9.0,30.0,,,30.0,INF_ALL,
WPR,JPN,Japan,JP,NH,NH,SENTINEL,2015-11-23,2015,48,201548,17.0,5.0,22.0,,,22.0,INF_ALL,
WPR,JPN,Japan,JP,NH,NH,SENTINEL,2015-11-30,2015,49,201549,29.0,9.0,38.0,,,38.0,INF_ALL,
WPR,JPN,Japan,JP,NH,NH,SENTINEL,2015-12-07,2015,50,201550,42.0,3.0,45.0,,,45.0,INF_ALL,
WPR,JPN,Japan,JP,NH,NH,SENTINEL,2015-12-14,2015,51,201551,36.0,19.0,55.0,,,55.0,INF_ALL,
WPR,JPN,Japan,JP,NH,NH,SENTINEL,2015-12-21,2015,52,201552,59.0,19.0,78.0,,,78.0,INF_ALL,
WPR,JPN,Japan,JP,NH,NH,SENTINEL,2015-12-28,2015,53,201553,38.0,11.0,49.0,,,49.0,INF_ALL,
WPR,JPN,Japan,JP,NH,NH,SENTINEL,2016-01-04,2016,1,201601,171.0,39.0,210.0,,2.0,210.0,INF_ALL,
WPR,JPN,Japan,JP,NH,NH,SENTINEL,2016-01-11,2016,2,201602,329.0,83.0,412.0,,6.0,412.0,INF_ALL,
WPR,JPN,Japan,JP,NH,NH,SENTINEL,2016-01-18,2016,3,201603,515.0,252.0,767.0,,7.0,767.0,INF_ALL,
WPR,JPN,Japan,JP,NH,NH,SENTINEL,2016-01-25,2016,4,201604,517.0,206.0,723.0,,4.0,723.0,INF_ALL,
WPR,JPN,Japan,JP,NH,NH,SENTINEL,2016-02-01,2016,5,201605,563.0,252.0,815.0,,0.0,815.0,INF_ALL,
WPR,JPN,Japan,JP,NH,NH,SENTINEL,2016-02-08,2016,6,201606,355.0,176.0,531.0,,2.0,531.0,INF_ALL,
WPR,JPN,Japan,JP,NH,NH,SENTINEL,2016-02-15,2016,7,201607,343.0,197.0,540.0,,4.0,540.0,INF_ALL,
WPR,JPN,Japan,JP,NH,NH,SENTINEL,2016-02-22,2016,8,201608,264.0,198.0,462.0,,7.0,462.0,INF_ALL,
WPR,JPN,Japan,JP,NH,NH,SENTINEL,2016-02-29,2016,9,201609,218.0,247.0,465.0,,8.0,465.0,INF_ALL,
WPR,JPN,Japan,JP,NH,NH,SENTINEL,2016-03-07,2016,10,201610,159.0,224.0,383.0,,8.0,383.0,INF_ALL,
WPR,JPN,Japan,JP,NH,NH,SENTINEL,2016-03-14,2016,11,201611,118.0,194.0,312.0,,2.0,312.0,INF_ALL,
WPR,JPN,Japan,JP,NH,NH,SENTINEL,2016-03-21,2016,12,201612,63.0,150.0,213.0,,9.0,213.0,INF_ALL,
WPR,JPN,Japan,JP,NH,NH,SENTINEL,2016-03-28,2016,13,201613,74.0,148.0,222.0,,13.0,222.0,INF_ALL,
WPR,JPN,Japan,JP,NH,NH,SENTINEL,2016-04-04,2016,14,201614,72.0,202.0,274.0,,46.0,274.0,INF_ALL,
WPR,JPN,Japan,JP,NH,NH,SENTINEL,2016-04-11,2016,15,201615,50.0,167.0,217.0,,29.0,217.0,INF_ALL,
WPR,JPN,Japan,JP,NH,NH,SENTINEL,2016-04-18,2016,16,201616,24.0,181.0,205.0,,29.0,205.0,INF_ALL,
WPR,JPN,Japan,JP,NH,NH,SENTINEL,2016-04-25,2016,17,201617,21.0,93.0,114.0,,18.0,114.0,INF_ALL,
WPR,JPN,Japan,JP,NH,NH,SENTINEL,2016-05-02,2016,18,201618,17.0,46.0,63.0,,25.0,63.0,INF_ALL,
WPR,JPN,Japan,JP,NH,NH,SENTINEL,2016-05-09,2016,19,201619,10.0,59.0,69.0,,26.0,69.0,INF_ALL,
WPR,JPN,Japan,JP,NH,NH,SENTINEL,2016-05-16,2016,20,201620,2.0,30.0,32.0,,38.0,32.0,INF_ALL,
WPR,JPN,Japan,JP,NH,NH,SENTINEL,2016-05-23,2016,21,201621,4.0,23.0,27.0,,24.0,27.0,INF_ALL,
WPR,JPN,Japan,JP,NH,NH,SENTINEL,2016-05-30,2016,22,201622,6.0,7.0,13.0,,31.0,13.0,INF_ALL,
WPR,JPN,Japan,JP,NH,NH,SENTINEL,2016-06-06,2016,23,201623,1.0,4.0,5.0,,28.0,5.0,INF_ALL,
WPR,JPN,Japan,JP,NH,NH,SENTINEL,2016-06-13,2016,24,201624,2.0,6.0,8.0,,32.0,8.0,INF_ALL,
WPR,JPN,Japan,JP,NH,NH,SENTINEL,2016-06-20,2016,25,201625,7.0,2.0,9.0,,27.0,9.0,INF_ALL,
WPR,JPN,Japan,JP,NH,NH,SENTINEL,2016-06-27,2016,26,201626,0.0,2.0,2.0,,28.0,2.0,INF_ALL,
WPR,JPN,Japan,JP,NH,NH,SENTINEL,2016-07-04,2016,27,201627,4.0,1.0,5.0,,36.0,5.0,INF_ALL,
WPR,JPN,Japan,JP,NH,NH,SENTINEL,2016-07-11,2016,28,201628,5.0,2.0,7.0,,42.0,7.0,INF_ALL,
WPR,JPN,Japan,JP,NH,NH,SENTINEL,2016-07-18,2016,29,201629,1.0,1.0,2.0,,25.0,2.0,INF_ALL,
WPR,JPN,Japan,JP,NH,NH,SENTINEL,2016-07-25,2016,30,201630,7.0,0.0,7.0,,36.0,7.0,INF_ALL,
WPR,JPN,Japan,JP,NH,NH,SENTINEL,2016-08-01,2016,31,201631,7.0,0.0,7.0,,20.0,7.0,INF_ALL,
WPR,JPN,Japan,JP,NH,NH,SENTINEL,2016-08-08,2016,32,201632,10.0,0.0,10.0,,16.0,10.0,INF_ALL,
WPR,JPN,Japan,JP,NH,NH,SENTINEL,2016-08-15,2016,33,201633,5.0,2.0,7.0,,15.0,7.0,INF_ALL,
WPR,JPN,Japan,JP,NH,NH,SENTINEL,2016-08-22,2016,34,201634,3.0,0.0,3.0,,21.0,3.0,INF_ALL,
WPR,JPN,Japan,JP,NH,NH,SENTINEL,2016-08-29,2016,35,201635,6.0,0.0,6.0,,29.0,6.0,INF_ALL,
WPR,JPN,Japan,JP,NH,NH,SENTINEL,2016-09-05,2016,36,201636,19.0,0.0,19.0,,40.0,19.0,INF_ALL,
WPR,JPN,Japan,JP,NH,NH,SENTINEL,2016-09-12,2016,37,201637,25.0,0.0,25.0,,37.0,25.0,INF_ALL,
WPR,JPN,Japan,JP,NH,NH,SENTINEL,2016-09-19,2016,38,201638,33.0,1.0,34.0,,12.0,34.0,INF_ALL,
WPR,JPN,Japan,JP,NH,NH,SENTINEL,2016-09-26,2016,39,201639,21.0,2.0,23.0,,38.0,23.0,INF_ALL,
WPR,JPN,Japan,JP,NH,NH,SENTINEL,2016-10-03,2016,40,201640,29.0,2.0,31.0,,28.0,31.0,INF_ALL,
WPR,JPN,Japan,JP,NH,NH,SENTINEL,2016-10-10,2016,41,201641,35.0,0.0,35.0,,31.0,35.0,INF_ALL,
WPR,JPN,Japan,JP,NH,NH,SENTINEL,2016-10-17,2016,42,201642,67.0,1.0,68.0,,29.0,68.0,INF_ALL,
WPR,JPN,Japan,JP,NH,NH,SENTINEL,2016-10-24,2016,43,201643,82.0,1.0,83.0,,17.0,83.0,INF_ALL,
WPR,JPN,Japan,JP,NH,NH,SENTINEL,2016-10-31,2016,44,201644,95.0,0.0,95.0,,28.0,95.0,INF_ALL,
WPR,JPN,Japan,JP,NH,NH,SENTINEL,2016-11-07,2016,45,201645,106.0,2.0,108.0,,21.0,108.0,INF_ALL,
WPR,JPN,Japan,JP,NH,NH,SENTINEL,2016-11-14,2016,46,201646,178.0,8.0,186.0,,37.0,186.0,INF_ALL,
WPR,JPN,Japan,JP,NH,NH,SENTINEL,2016-11-21,2016,47,201647,157.0,6.0,163.0,,28.0,163.0,INF_ALL,
WPR,JPN,Japan,JP,NH,NH,SENTINEL,2016-11-28,2016,48,201648,265.0,5.0,270.0,,45.0,270.0,INF_ALL,
WPR,JPN,Japan,JP,NH,NH,SENTINEL,2016-12-05,2016,49,201649,295.0,12.0,307.0,,75.0,307.0,INF_ALL,
WPR,JPN,Japan,JP,NH,NH,SENTINEL,2016-12-12,2016,50,201650,326.0,15.0,341.0,,86.0,341.0,INF_ALL,
WPR,JPN,Japan,JP,NH,NH,SENTINEL,2016-12-19,2016,51,201651,376.0,14.0,390.0,,96.0,390.0,INF_ALL,
WPR,JPN,Japan,JP,NH,NH,SENTINEL,2016-12-26,2016,52,201652,205.0,10.0,215.0,,34.0,215.0,INF_ALL,
WPR,JPN,Japan,JP,NH,NH,SENTINEL,2017-01-02,2017,1,201701,332.0,16.0,348.0,,37.0,348.0,INF_ALL,
WPR,JPN,Japan,JP,NH,NH,SENTINEL,2017-01-09,2017,2,201702,492.0,22.0,514.0,,48.0,514.0,INF_ALL,
WPR,JPN,Japan,JP,NH,NH,SENTINEL,2017-01-16,2017,3,201703,694.0,45.0,739.0,,53.0,739.0,INF_ALL,
WPR,JPN,Japan,JP,NH,NH,SENTINEL,2017-01-23,2017,4,201704,591.0,46.0,637.0,,56.0,637.0,INF_ALL,
WPR,JPN,Japan,JP,NH,NH,SENTINEL,2017-01-30,2017,5,201705,534.0,47.0,581.0,,65.0,581.0,INF_ALL,
WPR,JPN,Japan,JP,NH,NH,SENTINEL,2017-02-06,2017,6,201706,459.0,47.0,506.0,,52.0,506.0,INF_ALL,
WPR,JPN,Japan,JP,NH,NH,SENTINEL,2017-02-13,2017,7,201707,448.0,70.0,518.0,,51.0,518.0,INF_ALL,
WPR,JPN,Japan,JP,NH,NH,SENTINEL,2017-02-20,2017,8,201708,374.0,63.0,437.0,,49.0,437.0,INF_ALL,
WPR,JPN,Japan,JP,NH,NH,SENTINEL,2017-02-27,2017,9,201709,317.0,108.0,425.0,,30.0,425.0,INF_ALL,
WPR,JPN,Japan,JP,NH,NH,SENTINEL,2017-03-06,2017,10,201710,270.0,96.0,366.0,,41.0,366.0,INF_ALL,
WPR,JPN,Japan,JP,NH,NH,SENTINEL,2017-03-13,2017,11,201711,252.0,112.0,364.0,,37.0,364.0,INF_ALL,
WPR,JPN,Japan,JP,NH,NH,SENTINEL,2017-03-20,2017,12,201712,167.0,99.0,266.0,,27.0,266.0,INF_ALL,
WPR,JPN,Japan,JP,NH,NH,SENTINEL,2017-03-27,2017,13,201713,153.0,141.0,294.0,,29.0,294.0,INF_ALL,
WPR,JPN,Japan,JP,NH,NH,SENTINEL,2017-04-03,2017,14,201714,116.0,126.0,242.0,,26.0,242.0,INF_ALL,
WPR,JPN,Japan,JP,NH,NH,SENTINEL,2017-04-10,2017,15,201715,113.0,125.0,238.0,,31.0,238.0,INF_ALL,
WPR,JPN,Japan,JP,NH,NH,SENTINEL,2017-04-17,2017,16,201716,84.0,165.0,249.0,,34.0,249.0,INF_ALL,
WPR,JPN,Japan,JP,NH,NH,SENTINEL,2017-04-24,2017,17,201717,52.0,107.0,159.0,,36.0,159.0,INF_ALL,
WPR,JPN,Japan,JP,NH,NH,SENTINEL,2017-05-01,2017,18,201718,34.0,49.0,83.0,,22.0,83.0,INF_ALL,
WPR,JPN,Japan,JP,NH,NH,SENTINEL,2017-05-08,2017,19,201719,26.0,73.0,99.0,,29.0,99.0,INF_ALL,
WPR,JPN,Japan,JP,NH,NH,SENTINEL,2017-05-15,2017,20,201720,21.0,56.0,77.0,,35.0,77.0,INF_ALL,
WPR,JPN,Japan,JP,NH,NH,SENTINEL,2017-05-22,2017,21,201721,9.0,25.0,34.0,,22.0,34.0,INF_ALL,
WPR,JPN,Japan,JP,NH,NH,SENTINEL,2017-05-29,2017,22,201722,7.0,22.0,29.0,,26.0,29.0,INF_ALL,
WPR,JPN,Japan,JP,NH,NH,SENTINEL,2017-06-05,2017,23,201723,8.0,15.0,23.0,,56.0,23.0,INF_ALL,
WPR,JPN,Japan,JP,NH,NH,SENTINEL,2017-06-12,2017,24,201724,8.0,10.0,18.0,,42.0,18.0,INF_ALL,
WPR,JPN,Japan,JP,NH,NH,SENTINEL,2017-06-19,2017,25,201725,8.0,12.0,20.0,,24.0,20.0,INF_ALL,
WPR,JPN,Japan,JP,NH,NH,SENTINEL,2017-06-26,2017,26,201726,8.0,13.0,21.0,,37.0,21.0,INF_ALL,
WPR,JPN,Japan,JP,NH,NH,SENTINEL,2017-07-03,2017,27,201727,14.0,11.0,25.0,,37.0,25.0,INF_ALL,
WPR,JPN,Japan,JP,NH,NH,SENTINEL,2017-07-10,2017,28,201728,11.0,1.0,12.0,,19.0,12.0,INF_ALL,
WPR,JPN,Japan,JP,NH,NH,SENTINEL,2017-07-17,2017,29,201729,12.0,0.0,12.0,,18.0,12.0,INF_ALL,
WPR,JPN,Japan,JP,NH,NH,SENTINEL,2017-07-24,2017,30,201730,17.0,0.0,17.0,,21.0,17.0,INF_ALL,
WPR,JPN,Japan,JP,NH,NH,SENTINEL,2017-07-31,2017,31,201731,27.0,1.0,28.0,,33.0,28.0,INF_ALL,
WPR,JPN,Japan,JP,NH,NH,SENTINEL,2017-08-07,2017,32,201732,24.0,1.0,25.0,,11.0,25.0,INF_ALL,
WPR,JPN,Japan,JP,NH,NH,SENTINEL,2017-08-14,2017,33,201733,24.0,3.0,27.0,,15.0,27.0,INF_ALL,
WPR,JPN,Japan,JP,NH,NH,SENTINEL,2017-08-21,2017,34,201734,24.0,0.0,24.0,,25.0,24.0,INF_ALL,
WPR,JPN,Japan,JP,NH,NH,SENTINEL,2017-08-28,2017,35,201735,30.0,8.0,38.0,,28.0,38.0,INF_ALL,
WPR,JPN,Japan,JP,NH,NH,SENTINEL,2017-09-04,2017,36,201736,31.0,8.0,39.0,,22.0,39.0,INF_ALL,
WPR,JPN,Japan,JP,NH,NH,SENTINEL,2017-09-11,2017,37,201737,42.0,6.0,48.0,,27.0,48.0,INF_ALL,
WPR,JPN,Japan,JP,NH,NH,SENTINEL,2017-09-18,2017,38,201738,19.0,4.0,23.0,,11.0,23.0,INF_ALL,
WPR,JPN,Japan,JP,NH,NH,SENTINEL,2017-09-25,2017,39,201739,19.0,2.0,21.0,,,21.0,INF_ALL,
WPR,JPN,Japan,JP,NH,NH,SENTINEL,2017-10-02,2017,40,201740,26.0,11.0,37.0,,29.0,37.0,INF_ALL,
WPR,JPN,Japan,JP,NH,NH,SENTINEL,2017-10-09,2017,41,201741,18.0,13.0,31.0,,30.0,31.0,INF_ALL,
WPR,JPN,Japan,JP,NH,NH,SENTINEL,2017-10-16,2017,42,201742,33.0,11.0,44.0,,24.0,44.0,INF_ALL,
WPR,JPN,Japan,JP,NH,NH,SENTINEL,2017-10-23,2017,43,201743,35.0,16.0,51.0,,37.0,51.0,INF_ALL,
WPR,JPN,Japan,JP,NH,NH,SENTINEL,2017-10-30,2017,44,201744,34.0,13.0,47.0,,44.0,47.0,INF_ALL,
WPR,JPN,Japan,JP,NH,NH,SENTINEL,2017-11-06,2017,45,201745,45.0,18.0,63.0,,26.0,63.0,INF_ALL,
WPR,JPN,Japan,JP,NH,NH,SENTINEL,2017-11-13,2017,46,201746,99.0,25.0,124.0,,24.0,124.0,INF_ALL,
WPR,JPN,Japan,JP,NH,NH,SENTINEL,2017-11-20,2017,47,201747,155.0,34.0,189.0,,35.0,189.0,INF_ALL,
WPR,JPN,Japan,JP,NH,NH,SENTINEL,2017-11-27,2017,48,201748,194.0,87.0,281.0,,33.0,281.0,INF_ALL,
WPR,JPN,Japan,JP,NH,NH,SENTINEL,2017-12-04,2017,49,201749,274.0,108.0,382.0,,55.0,382.0,INF_ALL,
WPR,JPN,Japan,JP,NH,NH,SENTINEL,2017-12-11,2017,50,201750,319.0,176.0,495.0,,81.0,495.0,INF_ALL,
WPR,JPN,Japan,JP,NH,NH,SENTINEL,2017-12-18,2017,51,201751,346.0,212.0,558.0,,47.0,558.0,INF_ALL,
WPR,JPN,Japan,JP,NH,NH,SENTINEL,2017-12-25,2017,52,201752,238.0,178.0,416.0,,29.0,416.0,INF_ALL,
WPR,JPN,Japan,JP,NH,NH,SENTINEL,2018-01-01,2018,1,201801,201.0,151.0,352.0,,25.0,352.0,INF_ALL,
WPR,JPN,Japan,JP,NH,NH,SENTINEL,2018-01-08,2018,2,201802,379.0,315.0,694.0,,51.0,694.0,INF_ALL,
WPR,JPN,Japan,JP,NH,NH,SENTINEL,2018-01-15,2018,3,201803,433.0,487.0,920.0,,76.0,920.0,INF_ALL,
WPR,JPN,Japan,JP,NH,NH,SENTINEL,2018-01-22,2018,4,201804,320.0,440.0,760.0,,43.0,760.0,INF_ALL,
WPR,JPN,Japan,JP,NH,NH,SENTINEL,2018-01-29,2018,5,201805,297.0,470.0,767.0,,57.0,767.0,INF_ALL,
WPR,JPN,Japan,JP,NH,NH,SENTINEL,2018-02-05,2018,6,201806,252.0,398.0,650.0,,48.0,650.0,INF_ALL,
WPR,JPN,Japan,JP,NH,NH,SENTINEL,2018-02-12,2018,7,201807,206.0,289.0,495.0,,49.0,495.0,INF_ALL,
WPR,JPN,Japan,JP,NH,NH,SENTINEL,2018-02-19,2018,8,201808,216.0,296.0,512.0,,43.0,512.0,INF_ALL,
WPR,JPN,Japan,JP,NH,NH,SENTINEL,2018-02-26,2018,9,201809,230.0,231.0,461.0,,40.0,461.0,INF_ALL,
WPR,JPN,Japan,JP,NH,NH,SENTINEL,2018-03-05,2018,10,201810,188.0,208.0,396.0,,34.0,396.0,INF_ALL,
WPR,JPN,Japan,JP,NH,NH,SENTINEL,2018-03-12,2018,11,201811,172.0,150.0,322.0,,39.0,322.0,INF_ALL,
WPR,JPN,Japan,JP,NH,NH,SENTINEL,2018-03-19,2018,12,201812,128.0,100.0,228.0,,24.0,228.0,INF_ALL,
WPR,JPN,Japan,JP,NH,NH,SENTINEL,2018-03-26,2018,13,201813,127.0,69.0,196.0,,19.0,196.0,INF_ALL,
WPR,JPN,Japan,JP,NH,NH,SENTINEL,2018-04-02,2018,14,201814,104.0,30.0,134.0,,26.0,134.0,INF_ALL,
WPR,JPN,Japan,JP,NH,NH,SENTINEL,2018-04-09,2018,15,201815,90.0,22.0,112.0,,21.0,112.0,INF_ALL,
WPR,JPN,Japan,JP,NH,NH,SENTINEL,2018-04-16,2018,16,201816,96.0,27.0,123.0,,29.0,123.0,INF_ALL,
WPR,JPN,Japan,JP,NH,NH,SENTINEL,2018-04-23,2018,17,201817,50.0,8.0,58.0,,44.0,58.0,INF_ALL,
WPR,JPN,Japan,JP,NH,NH,SENTINEL,2018-04-30,2018,18,201818,32.0,5.0,37.0,,31.0,37.0,INF_ALL,
WPR,JPN,Japan,JP,NH,NH,SENTINEL,2018-05-07,2018,19,201819,40.0,4.0,44.0,,60.0,44.0,INF_ALL,
WPR,JPN,Japan,JP,NH,NH,SENTINEL,2018-05-14,2018,20,201820,38.0,1.0,39.0,,41.0,39.0,INF_ALL,
WPR,JPN,Japan,JP,NH,NH,SENTINEL,2018-05-21,2018,21,201821,31.0,0.0,31.0,,37.0,31.0,INF_ALL,
WPR,JPN,Japan,JP,NH,NH,SENTINEL,2018-05-28,2018,22,201822,21.0,0.0,21.0,,44.0,21.0,INF_ALL,
WPR,JPN,Japan,JP,NH,NH,SENTINEL,2018-06-04,2018,23,201823,18.0,1.0,19.0,,37.0,19.0,INF_ALL,
WPR,JPN,Japan,JP,NH,NH,SENTINEL,2018-06-11,2018,24,201824,3.0,0.0,3.0,,40.0,3.0,INF_ALL,
WPR,JPN,Japan,JP,NH,NH,SENTINEL,2018-06-18,2018,25,201825,5.0,0.0,5.0,,44.0,5.0,INF_ALL,
WPR,JPN,Japan,JP,NH,NH,SENTINEL,2018-06-25,2018,26,201826,4.0,0.0,4.0,,44.0,4.0,INF_ALL,
WPR,JPN,Japan,JP,NH,NH,SENTINEL,2018-07-02,2018,27,201827,10.0,0.0,10.0,,41.0,10.0,INF_ALL,
WPR,JPN,Japan,JP,NH,NH,SENTINEL,2018-07-09,2018,28,201828,10.0,0.0,10.0,,24.0,10.0,INF_ALL,
WPR,JPN,Japan,JP,NH,NH,SENTINEL,2018-07-16,2018,29,201829,6.0,0.0,6.0,,21.0,6.0,INF_ALL,
WPR,JPN,Japan,JP,NH,NH,SENTINEL,2018-07-23,2018,30,201830,7.0,0.0,7.0,,20.0,7.0,INF_ALL,
WPR,JPN,Japan,JP,NH,NH,SENTINEL,2018-07-30,2018,31,201831,4.0,0.0,4.0,,22.0,4.0,INF_ALL,
WPR,JPN,Japan,JP,NH,NH,SENTINEL,2018-08-06,2018,32,201832,2.0,0.0,2.0,,16.0,2.0,INF_ALL,
WPR,JPN,Japan,JP,NH,NH,SENTINEL,2018-08-13,2018,33,201833,3.0,0.0,3.0,,23.0,3.0,INF_ALL,
WPR,JPN,Japan,JP,NH,NH,SENTINEL,2018-08-20,2018,34,201834,8.0,0.0,8.0,,29.0,8.0,INF_ALL,
WPR,JPN,Japan,JP,NH,NH,SENTINEL,2018-08-27,2018,35,201835,3.0,0.0,3.0,,35.0,3.0,INF_ALL,
WPR,JPN,Japan,JP,NH,NH,SENTINEL,2018-09-03,2018,36,201836,20.0,0.0,20.0,,52.0,20.0,INF_ALL,
WPR,JPN,Japan,JP,NH,NH,SENTINEL,2018-09-10,2018,37,201837,29.0,1.0,30.0,,34.0,30.0,INF_ALL,
WPR,JPN,Japan,JP,NH,NH,SENTINEL,2018-09-17,2018,38,201838,24.0,2.0,26.0,,34.0,26.0,INF_ALL,
WPR,JPN,Japan,JP,NH,NH,SENTINEL,2018-09-24,2018,39,201839,25.0,0.0,25.0,,33.0,25.0,INF_ALL,
WPR,JPN,Japan,JP,NH,NH,SENTINEL,2018-10-01,2018,40,201840,30.0,2.0,32.0,,39.0,32.0,INF_ALL,
WPR,JPN,Japan,JP,NH,NH,SENTINEL,2018-10-08,2018,41,201841,10.0,1.0,11.0,,59.0,11.0,INF_ALL,
WPR,JPN,Japan,JP,NH,NH,SENTINEL,2018-10-15,2018,42,201842,31.0,1.0,32.0,,84.0,32.0,INF_ALL,
WPR,JPN,Japan,JP,NH,NH,SENTINEL,2018-10-22,2018,43,201843,24.0,0.0,24.0,,51.0,24.0,INF_ALL,
WPR,JPN,Japan,JP,NH,NH,SENTINEL,2018-10-29,2018,44,201844,21.0,1.0,22.0,,58.0,22.0,INF_ALL,
WPR,JPN,Japan,JP,NH,NH,SENTINEL,2018-11-05,2018,45,201845,46.0,0.0,46.0,,52.0,46.0,INF_ALL,
WPR,JPN,Japan,JP,NH,NH,SENTINEL,2018-11-12,2018,46,201846,64.0,0.0,64.0,,65.0,64.0,INF_ALL,
WPR,JPN,Japan,JP,NH,NH,SENTINEL,2018-11-19,2018,47,201847,66.0,0.0,66.0,,42.0,66.0,INF_ALL,
WPR,JPN,Japan,JP,NH,NH,SENTINEL,2018-11-26,2018,48,201848,105.0,1.0,106.0,,62.0,106.0,INF_ALL,
WPR,JPN,Japan,JP,NH,NH,SENTINEL,2018-12-03,2018,49,201849,149.0,1.0,150.0,,71.0,150.0,INF_ALL,
WPR,JPN,Japan,JP,NH,NH,SENTINEL,2018-12-10,2018,50,201850,261.0,4.0,265.0,,56.0,265.0,INF_ALL,
WPR,JPN,Japan,JP,NH,NH,SENTINEL,2018-12-17,2018,51,201851,416.0,4.0,420.0,,67.0,420.0,INF_ALL,
WPR,JPN,Japan,JP,NH,NH,SENTINEL,2018-12-24,2018,52,201852,294.0,7.0,301.0,,51.0,301.0,INF_ALL,
WPR,JPN,Japan,JP,NH,NH,SENTINEL,2018-12-31,2019,1,201901,264.0,3.0,267.0,,28.0,267.0,INF_ALL,
WPR,JPN,Japan,JP,NH,NH,SENTINEL,2019-01-07,2019,2,201902,783.0,5.0,788.0,,56.0,788.0,INF_ALL,
WPR,JPN,Japan,JP,NH,NH,SENTINEL,2019-01-14,2019,3,201903,776.0,14.0,790.0,,53.0,790.0,INF_ALL,
WPR,JPN,Japan,JP,NH,NH,SENTINEL,2019-01-21,2019,4,201904,869.0,9.0,878.0,,64.0,878.0,INF_ALL,
WPR,JPN,Japan,JP,NH,NH,SENTINEL,2019-01-28,2019,5,201905,730.0,11.0,741.0,,62.0,741.0,INF_ALL,
WPR,JPN,Japan,JP,NH,NH,SENTINEL,2019-02-04,2019,6,201906,563.0,12.0,575.0,,79.0,575.0,INF_ALL,
WPR,JPN,Japan,JP,NH,NH,SENTINEL,2019-02-11,2019,7,201907,378.0,10.0,388.0,,62.0,388.0,INF_ALL,
WPR,JPN,Japan,JP,NH,NH,SENTINEL,2019-02-18,2019,8,201908,365.0,11.0,376.0,,80.0,376.0,INF_ALL,
WPR,JPN,Japan,JP,NH,NH,SENTINEL,2019-02-25,2019,9,201909,289.0,8.0,297.0,,77.0,297.0,INF_ALL,
WPR,JPN,Japan,JP,NH,NH,SENTINEL,2019-03-04,2019,10,201910,228.0,15.0,243.0,,68.0,243.0,INF_ALL,
WPR,JPN,Japan,JP,NH,NH,SENTINEL,2019-03-11,2019,11,201911,172.0,21.0,193.0,,48.0,193.0,INF_ALL,
WPR,JPN,Japan,JP,NH,NH,SENTINEL,2019-03-18,2019,12,201912,132.0,22.0,154.0,,45.0,154.0,INF_ALL,
WPR,JPN,Japan,JP,NH,NH,SENTINEL,2019-03-25,2019,13,201913,114.0,27.0,141.0,,29.0,141.0,INF_ALL,
WPR,JPN,Japan,JP,NH,NH,SENTINEL,2019-04-01,2019,14,201914,95.0,32.0,127.0,,35.0,127.0,INF_ALL,
WPR,JPN,Japan,JP,NH,NH,SENTINEL,2019-04-08,2019,15,201915,106.0,35.0,141.0,,54.0,141.0,INF_ALL,
WPR,JPN,Japan,JP,NH,NH,SENTINEL,2019-04-15,2019,16,201916,109.0,75.0,184.0,,44.0,184.0,INF_ALL,
WPR,JPN,Japan,JP,NH,NH,SENTINEL,2019-04-22,2019,17,201917,66.0,67.0,133.0,,51.0,133.0,INF_ALL,
WPR,JPN,Japan,JP,NH,NH,SENTINEL,2019-04-29,2019,18,201918,13.0,24.0,37.0,,32.0,37.0,INF_ALL,
WPR,JPN,Japan,JP,NH,NH,SENTINEL,2019-05-06,2019,19,201919,14.0,38.0,52.0,,49.0,52.0,INF_ALL,
WPR,JPN,Japan,JP,NH,NH,SENTINEL,2019-05-13,2019,20,201920,31.0,60.0,91.0,,73.0,91.0,INF_ALL,
WPR,JPN,Japan,JP,NH,NH,SENTINEL,2019-05-20,2019,21,201921,13.0,43.0,56.0,,43.0,56.0,INF_ALL,
WPR,JPN,Japan,JP,NH,NH,SENTINEL,2019-05-27,2019,22,201922,6.0,27.0,33.0,,40.0,33.0,INF_ALL,
WPR,JPN,Japan,JP,NH,NH,SENTINEL,2019-06-03,2019,23,201923,8.0,27.0,35.0,,36.0,35.0,INF_ALL,
WPR,JPN,Japan,JP,NH,NH,SENTINEL,2019-06-10,2019,24,201924,2.0,11.0,13.0,,35.0,13.0,INF_ALL,
WPR,JPN,Japan,JP,NH,NH,SENTINEL,2019-06-17,2019,25,201925,8.0,6.0,14.0,,32.0,14.0,INF_ALL,
WPR,JPN,Japan,JP,NH,NH,SENTINEL,2019-06-24,2019,26,201926,6.0,4.0,10.0,,35.0,10.0,INF_ALL,
WPR,JPN,Japan,JP,NH,NH,SENTINEL,2019-07-01,2019,27,201927,7.0,4.0,11.0,,20.0,11.0,INF_ALL,
WPR,JPN,Japan,JP,NH,NH,SENTINEL,2019-07-08,2019,28,201928,5.0,2.0,7.0,,28.0,7.0,INF_ALL,
WPR,JPN,Japan,JP,NH,NH,SENTINEL,2019-07-15,2019,29,201929,4.0,0.0,4.0,,22.0,4.0,INF_ALL,
WPR,JPN,Japan,JP,NH,NH,SENTINEL,2019-07-22,2019,30,201930,6.0,1.0,7.0,,17.0,7.0,INF_ALL,
WPR,JPN,Japan,JP,NH,NH,SENTINEL,2019-07-29,2019,31,201931,15.0,2.0,17.0,,21.0,17.0,INF_ALL,
WPR,JPN,Japan,JP,NH,NH,SENTINEL,2019-08-05,2019,32,201932,10.0,2.0,12.0,,16.0,12.0,INF_ALL,
WPR,JPN,Japan,JP,NH,NH,SENTINEL,2019-08-12,2019,33,201933,6.0,3.0,9.0,,4.0,9.0,INF_ALL,
WPR,JPN,Japan,JP,NH,NH,SENTINEL,2019-08-19,2019,34,201934,16.0,5.0,21.0,,24.0,21.0,INF_ALL,
WPR,JPN,Japan,JP,NH,NH,SENTINEL,2019-08-26,2019,35,201935,16.0,3.0,19.0,,14.0,19.0,INF_ALL,
WPR,JPN,Japan,JP,NH,NH,SENTINEL,2019-09-02,2019,36,201936,61.0,5.0,66.0,,21.0,66.0,INF_ALL,
WPR,JPN,Japan,JP,NH,NH,SENTINEL,2019-09-09,2019,37,201937,75.0,6.0,81.0,,16.0,81.0,INF_ALL,
WPR,JPN,Japan,JP,NH,NH,SENTINEL,2019-09-16,2019,38,201938,67.0,4.0,71.0,,18.0,71.0,INF_ALL,
WPR,JPN,Japan,JP,NH,NH,SENTINEL,2019-09-23,2019,39,201939,73.0,3.0,76.0,,33.0,76.0,INF_ALL,
WPR,JPN,Japan,JP,NH,NH,SENTINEL,2019-09-30,2019,40,201940,83.0,4.0,87.0,,32.0,87.0,INF_ALL,
WPR,JPN,Japan,JP,NH,NH,SENTINEL,2019-10-07,2019,41,201941,80.0,1.0,81.0,,42.0,81.0,INF_ALL,
WPR,JPN,Japan,JP,NH,NH,SENTINEL,2019-10-14,2019,42,201942,50.0,1.0,51.0,,14.0,51.0,INF_ALL,
WPR,JPN,Japan,JP,NH,NH,SENTINEL,2019-10-21,2019,43,201943,70.0,4.0,74.0,,17.0,74.0,INF_ALL,
WPR,JPN,Japan,JP,NH,NH,SENTINEL,2019-10-28,2019,44,201944,83.0,1.0,84.0,,36.0,84.0,INF_ALL,
WPR,JPN,Japan,JP,NH,NH,SENTINEL,2019-11-04,2019,45,201945,77.0,0.0,77.0,,21.0,77.0,INF_ALL,
WPR,JPN,Japan,JP,NH,NH,SENTINEL,2019-11-11,2019,46,201946,148.0,3.0,151.0,,19.0,151.0,INF_ALL,
WPR,JPN,Japan,JP,NH,NH,SENTINEL,2019-11-18,2019,47,201947,189.0,1.0,190.0,,24.0,190.0,INF_ALL,
WPR,JPN,Japan,JP,NH,NH,SENTINEL,2019-11-25,2019,48,201948,366.0,3.0,369.0,,57.0,369.0,INF_ALL,
WPR,JPN,Japan,JP,NH,NH,SENTINEL,2019-12-02,2019,49,201949,426.0,7.0,433.0,,55.0,433.0,INF_ALL,
WPR,JPN,Japan,JP,NH,NH,SENTINEL,2019-12-09,2019,50,201950,549.0,13.0,562.0,,45.0,562.0,INF_ALL,
WPR,JPN,Japan,JP,NH,NH,SENTINEL,2019-12-16,2019,51,201951,589.0,18.0,607.0,,52.0,607.0,INF_ALL,
WPR,JPN,Japan,JP,NH,NH,SENTINEL,2019-12-23,2019,52,201952,397.0,22.0,419.0,,31.0,419.0,INF_ALL,
WPR,JPN,Japan,JP,NH,NH,SENTINEL,2019-12-30,2020,1,202001,92.0,6.0,98.0,,4.0,98.0,INF_ALL,
WPR,JPN,Japan,JP,NH,NH,SENTINEL,2020-01-06,2020,2,202002,461.0,36.0,497.0,,46.0,497.0,INF_ALL,
WPR,JPN,Japan,JP,NH,NH,SENTINEL,2020-01-13,2020,3,202003,363.0,37.0,400.0,,25.0,400.0,INF_ALL,
WPR,JPN,Japan,JP,NH,NH,SENTINEL,2020-01-20,2020,4,202004,401.0,63.0,464.0,,24.0,464.0,INF_ALL,
WPR,JPN,Japan,JP,NH,NH,SENTINEL,2020-01-27,2020,5,202005,309.0,75.0,384.0,,72.0,384.0,INF_ALL,
WPR,JPN,Japan,JP,NH,NH,SENTINEL,2020-02-03,2020,6,202006,206.0,88.0,294.0,,49.0,294.0,INF_ALL,
WPR,JPN,Japan,JP,NH,NH,SENTINEL,2020-02-10,2020,7,202007,142.0,85.0,227.0,,189.0,227.0,INF_ALL,
WPR,JPN,Japan,JP,NH,NH,SENTINEL,2020-02-17,2020,8,202008,110.0,102.0,212.0,,716.0,212.0,INF_ALL,
WPR,JPN,Japan,JP,NH,NH,SENTINEL,2020-02-24,2020,9,202009,42.0,108.0,150.0,,1186.0,150.0,INF_ALL,
WPR,JPN,Japan,JP,NH,NH,SENTINEL,2020-03-02,2020,10,202010,24.0,88.0,112.0,,1965.0,112.0,INF_ALL,
WPR,JPN,Japan,JP,NH,NH,SENTINEL,2020-03-09,2020,11,202011,13.0,38.0,51.0,,1862.0,51.0,INF_ALL,
WPR,JPN,Japan,JP,NH,NH,SENTINEL,2020-03-16,2020,12,202012,3.0,9.0,12.0,,1698.0,12.0,INF_ALL,
WPR,JPN,Japan,JP,NH,NH,SENTINEL,2020-03-23,2020,13,202013,1.0,2.0,3.0,,2442.0,3.0,INF_ALL,
WPR,JPN,Japan,JP,NH,NH,SENTINEL,2020-03-30,2020,14,202014,1.0,3.0,4.0,,4266.0,4.0,INF_ALL,
WPR,JPN,Japan,JP,NH,NH,SENTINEL,2020-04-06,2020,15,202015,0.0,2.0,2.0,,5470.0,2.0,INF_ALL,
WPR,JPN,Japan,JP,NH,NH,SENTINEL,2020-04-13,2020,16,202016,0.0,2.0,2.0,,6599.0,2.0,INF_ALL,
WPR,JPN,Japan,JP,NH,NH,SENTINEL,2020-04-20,2020,17,202017,0.0,1.0,1.0,,5628.0,1.0,INF_ALL,
WPR,JPN,Japan,JP,NH,NH,SENTINEL,2020-04-27,2020,18,202018,0.0,0.0,,,5068.0,0.0,INF_A + INF_B,
WPR,JPN,Japan,JP,NH,NH,SENTINEL,2020-05-04,2020,19,202019,0.0,0.0,,,3362.0,0.0,INF_A + INF_B,
WPR,JPN,Japan,JP,NH,NH,SENTINEL,2020-05-11,2020,20,202020,0.0,0.0,,,3357.0,0.0,INF_A + INF_B,
WPR,JPN,Japan,JP,NH,NH,SENTINEL,2020-05-18,2020,21,202021,0.0,0.0,,,1869.0,0.0,INF_A + INF_B,
WPR,JPN,Japan,JP,NH,NH,SENTINEL,2020-05-25,2020,22,202022,0.0,0.0,,,1518.0,0.0,INF_A + INF_B,
WPR,JPN,Japan,JP,NH,NH,SENTINEL,2020-06-01,2020,23,202023,0.0,0.0,,,1335.0,0.0,INF_A + INF_B,
WPR,JPN,Japan,JP,NH,NH,SENTINEL,2020-06-08,2020,24,202024,0.0,0.0,,,1267.0,0.0,INF_A + INF_B,
WPR,JPN,Japan,JP,NH,NH,SENTINEL,2020-06-15,2020,25,202025,0.0,0.0,,,969.0,0.0,INF_A + INF_B,
WPR,JPN,Japan,JP,NH,NH,SENTINEL,2020-06-22,2020,26,202026,0.0,0.0,,,1026.0,0.0,INF_A + INF_B,
WPR,JPN,Japan,JP,NH,NH,SENTINEL,2020-06-29,2020,27,202027,0.0,0.0,,,1318.0,0.0,INF_A + INF_B,
WPR,JPN,Japan,JP,NH,NH,SENTINEL,2020-07-06,2020,28,202028,0.0,0.0,,,1605.0,0.0,INF_A + INF_B,
WPR,JPN,Japan,JP,NH,NH,SENTINEL,2020-07-13,2020,29,202029,0.0,0.0,,,1881.0,0.0,INF_A + INF_B,
WPR,JPN,Japan,JP,NH,NH,SENTINEL,2020-07-20,2020,30,202030,0.0,0.0,,,2266.0,0.0,INF_A + INF_B,
WPR,JPN,Japan,JP,NH,NH,SENTINEL,2020-07-27,2020,31,202031,0.0,0.0,,,3121.0,0.0,INF_A + INF_B,
WPR,JPN,Japan,JP,NH,NH,SENTINEL,2020-08-03,2020,32,202032,0.0,0.0,,,4598.0,0.0,INF_A + INF_B,
WPR,JPN,Japan,JP,NH,NH,SENTINEL,2020-08-10,2020,33,202033,0.0,0.0,,,2477.0,0.0,INF_A + INF_B,
WPR,JPN,Japan,JP,NH,NH,SENTINEL,2020-08-17,2020,34,202034,0.0,0.0,,,3110.0,0.0,INF_A + INF_B,
WPR,JPN,Japan,JP,NH,NH,SENTINEL,2020-08-24,2020,35,202035,0.0,0.0,,,2794.0,0.0,INF_A + INF_B,
WPR,JPN,Japan,JP,NH,NH,SENTINEL,2020-08-31,2020,36,202036,0.0,0.0,,,2126.0,0.0,INF_A + INF_B,
WPR,JPN,Japan,JP,NH,NH,SENTINEL,2020-09-07,2020,37,202037,0.0,0.0,,,1762.0,0.0,INF_A + INF_B,
WPR,JPN,Japan,JP,NH,NH,SENTINEL,2020-09-14,2020,38,202038,0.0,0.0,,,1794.0,0.0,INF_A + INF_B,
WPR,JPN,Japan,JP,NH,NH,SENTINEL,2020-09-21,2020,39,202039,0.0,0.0,,,998.0,0.0,INF_A + INF_B,
WPR,JPN,Japan,JP,NH,NH,SENTINEL,2020-09-28,2020,40,202040,0.0,0.0,,,1335.0,0.0,INF_A + INF_B,
WPR,JPN,Japan,JP,NH,NH,SENTINEL,2020-10-05,2020,41,202041,0.0,0.0,,,1530.0,0.0,INF_A + INF_B,
WPR,JPN,Japan,JP,NH,NH,SENTINEL,2020-10-12,2020,42,202042,0.0,0.0,,,1809.0,0.0,INF_A + INF_B,
WPR,JPN,Japan,JP,NH,NH,SENTINEL,2020-10-19,2020,43,202043,1.0,0.0,1.0,,1821.0,1.0,INF_ALL,
WPR,JPN,Japan,JP,NH,NH,SENTINEL,2020-10-26,2020,44,202044,1.0,0.0,1.0,,1342.0,1.0,INF_ALL,
WPR,JPN,Japan,JP,NH,NH,SENTINEL,2020-11-02,2020,45,202045,0.0,0.0,,,1933.0,0.0,INF_A + INF_B,
WPR,JPN,Japan,JP,NH,NH,SENTINEL,2020-11-09,2020,46,202046,0.0,0.0,,,3140.0,0.0,INF_A + INF_B,
WPR,JPN,Japan,JP,NH,NH,SENTINEL,2020-11-16,2020,47,202047,0.0,0.0,,,4231.0,0.0,INF_A + INF_B,
WPR,JPN,Japan,JP,NH,NH,SENTINEL,2020-11-23,2020,48,202048,0.0,0.0,,,3766.0,0.0,INF_A + INF_B,
WPR,JPN,Japan,JP,NH,NH,SENTINEL,2020-11-30,2020,49,202049,0.0,0.0,,,3792.0,0.0,INF_A + INF_B,
WPR,JPN,Japan,JP,NH,NH,SENTINEL,2020-12-07,2020,50,202050,0.0,0.0,,,4333.0,0.0,INF_A + INF_B,
WPR,JPN,Japan,JP,NH,NH,SENTINEL,2020-12-14,2020,51,202051,0.0,0.0,,,2932.0,0.0,INF_A + INF_B,
WPR,JPN,Japan,JP,NH,NH,SENTINEL,2020-12-21,2020,52,202052,0.0,0.0,,,2977.0,0.0,INF_A + INF_B,
WPR,JPN,Japan,JP,NH,NH,SENTINEL,2020-12-28,2020,53,202053,0.0,0.0,,,2648.0,0.0,INF_A + INF_B,
WPR,JPN,Japan,JP,NH,NH,SENTINEL,2021-01-04,2021,1,202101,0.0,0.0,,,3850.0,0.0,INF_A + INF_B,
WPR,JPN,Japan,JP,NH,NH,SENTINEL,2021-01-11,2021,2,202102,0.0,0.0,,,3430.0,0.0,INF_A + INF_B,
WPR,JPN,Japan,JP,NH,NH,SENTINEL,2021-01-18,2021,3,202103,0.0,0.0,,,3197.0,0.0,INF_A + INF_B,
WPR,JPN,Japan,JP,NH,NH,SENTINEL,2021-01-25,2021,4,202104,0.0,0.0,,,2573.0,0.0,INF_A + INF_B,
WPR,JPN,Japan,JP,NH,NH,SENTINEL,2021-02-01,2021,5,202105,0.0,0.0,,,2573.0,0.0,INF_A + INF_B,
WPR,JPN,Japan,JP,NH,NH,SENTINEL,2021-02-08,2021,6,202106,2.0,0.0,2.0,,1913.0,2.0,INF_ALL,
WPR,JPN,Japan,JP,NH,NH,SENTINEL,2021-02-15,2021,7,202107,0.0,0.0,,,1662.0,0.0,INF_A + INF_B,
WPR,JPN,Japan,JP,NH,NH,SENTINEL,2021-02-22,2021,8,202108,0.0,0.0,,,996.0,0.0,INF_A + INF_B,
WPR,JPN,Japan,JP,NH,NH,SENTINEL,2021-03-01,2021,9,202109,2.0,0.0,2.0,,1301.0,2.0,INF_ALL,
WPR,JPN,Japan,JP,NH,NH,SENTINEL,2021-03-08,2021,10,202110,0.0,0.0,,,1383.0,0.0,INF_A + INF_B,
WPR,JPN,Japan,JP,NH,NH,SENTINEL,2021-03-15,2021,11,202111,0.0,0.0,,,1430.0,0.0,INF_A + INF_B,
WPR,JPN,Japan,JP,NH,NH,SENTINEL,2021-03-22,2021,12,202112,0.0,0.0,,,1847.0,0.0,INF_A + INF_B,
WPR,JPN,Japan,JP,NH,NH,SENTINEL,2021-03-29,2021,13,202113,0.0,0.0,,,2489.0,0.0,INF_A + INF_B,
WPR,JPN,Japan,JP,NH,NH,SENTINEL,2021-04-05,2021,14,202114,0.0,0.0,,,2544.0,0.0,INF_A + INF_B,
WPR,JPN,Japan,JP,NH,NH,SENTINEL,2021-04-12,2021,15,202115,0.0,0.0,,,2953.0,0.0,INF_A + INF_B,
WPR,JPN,Japan,JP,NH,NH,SENTINEL,2021-04-19,2021,16,202116,0.0,0.0,,,4368.0,0.0,INF_A + INF_B,
WPR,JPN,Japan,JP,NH,NH,SENTINEL,2021-04-26,2021,17,202117,0.0,0.0,,,4084.0,0.0,INF_A + INF_B,
WPR,JPN,Japan,JP,NH,NH,SENTINEL,2021-05-03,2021,18,202118,0.0,0.0,,,2859.0,0.0,INF_A + INF_B,
WPR,JPN,Japan,JP,NH,NH,SENTINEL,2021-05-10,2021,19,202119,0.0,0.0,,,4004.0,0.0,INF_A + INF_B,
WPR,JPN,Japan,JP,NH,NH,SENTINEL,2021-05-17,2021,20,202120,0.0,0.0,,,2847.0,0.0,INF_A + INF_B,
WPR,JPN,Japan,JP,NH,NH,SENTINEL,2021-05-24,2021,21,202121,0.0,0.0,,,2452.0,0.0,INF_A + INF_B,
WPR,JPN,Japan,JP,NH,NH,SENTINEL,2021-05-31,2021,22,202122,0.0,0.0,,,2371.0,0.0,INF_A + INF_B,
WPR,JPN,Japan,JP,NH,NH,SENTINEL,2021-06-07,2021,23,202123,0.0,0.0,,,2816.0,0.0,INF_A + INF_B,
WPR,JPN,Japan,JP,NH,NH,SENTINEL,2021-06-14,2021,24,202124,0.0,0.0,,,2575.0,0.0,INF_A + INF_B,
WPR,JPN,Japan,JP,NH,NH,SENTINEL,2021-06-21,2021,25,202125,1.0,0.0,1.0,,2412.0,1.0,INF_ALL,
WPR,JPN,Japan,JP,NH,NH,SENTINEL,2021-06-28,2021,26,202126,0.0,0.0,,,1612.0,0.0,INF_A + INF_B,
WPR,JPN,Japan,JP,NH,NH,SENTINEL,2021-07-05,2021,27,202127,0.0,0.0,,,1889.0,0.0,INF_A + INF_B,
WPR,JPN,Japan,JP,NH,NH,SENTINEL,2021-07-12,2021,28,202128,0.0,0.0,,,2676.0,0.0,INF_A + INF_B,
WPR,JPN,Japan,JP,NH,NH,SENTINEL,2021-07-19,2021,29,202129,0.0,0.0,,,2555.0,0.0,INF_A + INF_B,
WPR,JPN,Japan,JP,NH,NH,SENTINEL,2021-07-26,2021,30,202130,0.0,0.0,,,2386.0,0.0,INF_A + INF_B,
WPR,JPN,Japan,JP,NH,NH,SENTINEL,2021-08-02,2021,31,202131,0.0,0.0,,,2791.0,0.0,INF_A + INF_B,
WPR,JPN,Japan,JP,NH,NH,SENTINEL,2021-08-09,2021,32,202132,0.0,0.0,,,2635.0,0.0,INF_A + INF_B,
WPR,JPN,Japan,JP,NH,NH,SENTINEL,2021-08-16,2021,33,202133,0.0,0.0,,,2862.0,0.0,INF_A + INF_B,
WPR,JPN,Japan,JP,NH,NH,SENTINEL,2021-08-23,2021,34,202134,0.0,0.0,,,3269.0,0.0,INF_A + INF_B,
WPR,JPN,Japan,JP,NH,NH,SENTINEL,2021-08-30,2021,35,202135,0.0,0.0,,,2489.0,0.0,INF_A + INF_B,
WPR,JPN,Japan,JP,NH,NH,SENTINEL,2021-09-06,2021,36,202136,0.0,0.0,,,2486.0,0.0,INF_A + INF_B,
WPR,JPN,Japan,JP,NH,NH,SENTINEL,2021-09-13,2021,37,202137,0.0,0.0,,,1700.0,0.0,INF_A + INF_B,
WPR,JPN,Japan,JP,NH,NH,SENTINEL,2021-09-20,2021,38,202138,0.0,0.0,,,1307.0,0.0,INF_A + INF_B,
WPR,JPN,Japan,JP,NH,NH,SENTINEL,2021-09-27,2021,39,202139,0.0,0.0,,,1208.0,0.0,INF_A + INF_B,
WPR,JPN,Japan,JP,NH,NH,SENTINEL,2021-10-04,2021,40,202140,0.0,0.0,,,677.0,0.0,INF_A + INF_B,
WPR,JPN,Japan,JP,NH,NH,SENTINEL,2021-10-11,2021,41,202141,0.0,0.0,,,660.0,0.0,INF_A + INF_B,
WPR,JPN,Japan,JP,NH,NH,SENTINEL,2021-10-18,2021,42,202142,0.0,0.0,,,240.0,0.0,INF_A + INF_B,
WPR,JPN,Japan,JP,NH,NH,SENTINEL,2021-10-25,2021,43,202143,0.0,0.0,,,220.0,0.0,INF_A + INF_B,
WPR,JPN,Japan,JP,NH,NH,SENTINEL,2021-11-01,2021,44,202144,0.0,0.0,,,142.0,0.0,INF_A + INF_B,
WPR,JPN,Japan,JP,NH,NH,SENTINEL,2021-11-08,2021,45,202145,0.0,0.0,,,299.0,0.0,INF_A + INF_B,
WPR,JPN,Japan,JP,NH,NH,SENTINEL,2021-11-15,2021,46,202146,0.0,0.0,,,177.0,0.0,INF_A + INF_B,
WPR,JPN,Japan,JP,NH,NH,SENTINEL,2021-11-22,2021,47,202147,0.0,0.0,,,83.0,0.0,INF_A + INF_B,
WPR,JPN,Japan,JP,NH,NH,SENTINEL,2021-11-29,2021,48,202148,0.0,0.0,,,218.0,0.0,INF_A + INF_B,
WPR,JPN,Japan,JP,NH,NH,SENTINEL,2021-12-06,2021,49,202149,1.0,0.0,1.0,,239.0,1.0,INF_ALL,
WPR,JPN,Japan,JP,NH,NH,SENTINEL,2021-12-13,2021,50,202150,2.0,0.0,2.0,,501.0,2.0,INF_ALL,
WPR,JPN,Japan,JP,NH,NH,SENTINEL,2021-12-20,2021,51,202151,1.0,0.0,1.0,,1109.0,1.0,INF_ALL,
WPR,JPN,Japan,JP,NH,NH,SENTINEL,2021-12-27,2021,52,202152,0.0,0.0,,,467.0,0.0,INF_A + INF_B,
WPR,JPN,Japan,JP,NH,NH,SENTINEL,2022-01-03,2022,1,202201,0.0,0.0,,,653.0,0.0,INF_A + INF_B,
WPR,JPN,Japan,JP,NH,NH,SENTINEL,2022-01-10,2022,2,202202,0.0,0.0,,,2444.0,0.0,INF_A + INF_B,
WPR,JPN,Japan,JP,NH,NH,SENTINEL,2022-01-17,2022,3,202203,0.0,0.0,,,3852.0,0.0,INF_A + INF_B,
WPR,JPN,Japan,JP,NH,NH,SENTINEL,2022-01-24,2022,4,202204,0.0,0.0,,,4275.0,0.0,INF_A + INF_B,
WPR,JPN,Japan,JP,NH,NH,SENTINEL,2022-01-31,2022,5,202205,0.0,0.0,,,2541.0,0.0,INF_A + INF_B,
WPR,JPN,Japan,JP,NH,NH,SENTINEL,2022-02-07,2022,6,202206,0.0,0.0,,,3616.0,0.0,INF_A + INF_B,
WPR,JPN,Japan,JP,NH,NH,SENTINEL,2022-02-14,2022,7,202207,0.0,0.0,,,3049.0,0.0,INF_A + INF_B,
WPR,JPN,Japan,JP,NH,NH,SENTINEL,2022-02-21,2022,8,202208,1.0,0.0,1.0,,2995.0,1.0,INF_ALL,
WPR,JPN,Japan,JP,NH,NH,SENTINEL,2022-02-28,2022,9,202209,0.0,0.0,,,2863.0,0.0,INF_A + INF_B,
WPR,JPN,Japan,JP,NH,NH,SENTINEL,2022-03-07,2022,10,202210,0.0,0.0,,,1951.0,0.0,INF_A + INF_B,
WPR,JPN,Japan,JP,NH,NH,SENTINEL,2022-03-14,2022,11,202211,0.0,0.0,,,2186.0,0.0,INF_A + INF_B,
WPR,JPN,Japan,JP,NH,NH,SENTINEL,2022-03-21,2022,12,202212,0.0,0.0,,,1771.0,0.0,INF_A + INF_B,
WPR,JPN,Japan,JP,NH,NH,SENTINEL,2022-03-28,2022,13,202213,0.0,0.0,,,2790.0,0.0,INF_A + INF_B,
WPR,JPN,Japan,JP,NH,NH,SENTINEL,2022-04-04,2022,14,202214,0.0,0.0,,,2156.0,0.0,INF_A + INF_B,
WPR,JPN,Japan,JP,NH,NH,SENTINEL,2022-04-11,2022,15,202215,0.0,0.0,,,1606.0,0.0,INF_A + INF_B,
WPR,JPN,Japan,JP,NH,NH,SENTINEL,2022-04-18,2022,16,202216,0.0,0.0,,,1444.0,0.0,INF_A + INF_B,
WPR,JPN,Japan,JP,NH,NH,SENTINEL,2022-04-25,2022,17,202217,0.0,0.0,,,1667.0,0.0,INF_A + INF_B,
WPR,JPN,Japan,JP,NH,NH,SENTINEL,2022-05-02,2022,18,202218,0.0,0.0,,,1478.0,0.0,INF_A + INF_B,
WPR,JPN,Japan,JP,NH,NH,SENTINEL,2022-05-09,2022,19,202219,0.0,0.0,,,1484.0,0.0,INF_A + INF_B,
WPR,JPN,Japan,JP,NH,NH,SENTINEL,2022-05-16,2022,20,202220,0.0,0.0,,,1511.0,0.0,INF_A + INF_B,
WPR,JPN,Japan,JP,NH,NH,SENTINEL,2022-05-23,2022,21,202221,0.0,0.0,,,816.0,0.0,INF_A + INF_B,
WPR,JPN,Japan,JP,NH,NH,SENTINEL,2022-05-30,2022,22,202222,0.0,0.0,,,963.0,0.0,INF_A + INF_B,
WPR,JPN,Japan,JP,NH,NH,SENTINEL,2022-06-06,2022,23,202223,0.0,0.0,,,862.0,0.0,INF_A + INF_B,
WPR,JPN,Japan,JP,NH,NH,SENTINEL,2022-06-13,2022,24,202224,0.0,0.0,,,804.0,0.0,INF_A + INF_B,
WPR,JPN,Japan,JP,NH,NH,SENTINEL,2022-06-20,2022,25,202225,1.0,0.0,1.0,,,1.0,INF_ALL,
WPR,JPN,Japan,JP,NH,NH,SENTINEL,2022-06-27,2022,26,202226,,0.0,,,,,Missing,
WPR,JPN,Japan,JP,NH,NH,SENTINEL,2022-07-04,2022,27,202227,16.0,0.0,16.0,,,16.0,INF_ALL,
WPR,JPN,Japan,JP,NH,NH,SENTINEL,2022-07-11,2022,28,202228,1.0,0.0,1.0,,,1.0,INF_ALL,
WPR,JPN,Japan,JP,NH,NH,SENTINEL,2022-07-18,2022,29,202229,3.0,0.0,3.0,,,3.0,INF_ALL,
WPR,JPN,Japan,JP,NH,NH,SENTINEL,2022-07-25,2022,30,202230,5.0,0.0,5.0,,,5.0,INF_ALL,
WPR,JPN,Japan,JP,NH,NH,SENTINEL,2022-08-01,2022,31,202231,2.0,0.0,2.0,,,2.0,INF_ALL,
WPR,JPN,Japan,JP,NH,NH,SENTINEL,2022-08-08,2022,32,202232,2.0,0.0,2.0,,,2.0,INF_ALL,
WPR,JPN,Japan,JP,NH,NH,SENTINEL,2022-08-15,2022,33,202233,12.0,0.0,12.0,,,12.0,INF_ALL,
WPR,JPN,Japan,JP,NH,NH,SENTINEL,2022-08-22,2022,34,202234,4.0,0.0,4.0,,,4.0,INF_ALL,
WPR,JPN,Japan,JP,NH,NH,SENTINEL,2022-08-29,2022,35,202235,4.0,0.0,4.0,,,4.0,INF_ALL,
WPR,JPN,Japan,JP,NH,NH,SENTINEL,2022-09-05,2022,36,202236,4.0,0.0,4.0,,,4.0,INF_ALL,
WPR,JPN,Japan,JP,NH,NH,SENTINEL,2022-09-12,2022,37,202237,3.0,1.0,4.0,,,4.0,INF_ALL,
WPR,JPN,Japan,JP,NH,NH,SENTINEL,2022-09-19,2022,38,202238,,0.0,,,,,Missing,
WPR,JPN,Japan,JP,NH,NH,SENTINEL,2022-09-26,2022,39,202239,1.0,0.0,1.0,,,1.0,INF_ALL,
WPR,JPN,Japan,JP,NH,NH,SENTINEL,2022-10-03,2022,40,202240,,0.0,,,,,Missing,
WPR,JPN,Japan,JP,NH,NH,SENTINEL,2022-10-10,2022,41,202241,,0.0,,,,,Missing,
WPR,JPN,Japan,JP,NH,NH,SENTINEL,2022-10-17,2022,42,202242,,0.0,,,,,Missing,
WPR,JPN,Japan,JP,NH,NH,SENTINEL,2022-10-24,2022,43,202243,4.0,0.0,4.0,,,4.0,INF_ALL,
WPR,JPN,Japan,JP,NH,NH,SENTINEL,2022-10-31,2022,44,202244,1.0,0.0,1.0,,,1.0,INF_ALL,
WPR,JPN,Japan,JP,NH,NH,SENTINEL,2022-11-07,2022,45,202245,7.0,0.0,7.0,,,7.0,INF_ALL,
WPR,JPN,Japan,JP,NH,NH,SENTINEL,2022-11-14,2022,46,202246,11.0,0.0,11.0,,,11.0,INF_ALL,
WPR,JPN,Japan,JP,NH,NH,SENTINEL,2022-11-21,2022,47,202247,9.0,0.0,9.0,,,9.0,INF_ALL,
WPR,JPN,Japan,JP,NH,NH,SENTINEL,2022-11-28,2022,48,202248,4.0,0.0,4.0,,,4.0,INF_ALL,
WPR,JPN,Japan,JP,NH,NH,SENTINEL,2022-12-05,2022,49,202249,16.0,0.0,16.0,,,16.0,INF_ALL,
WPR,JPN,Japan,JP,NH,NH,SENTINEL,2022-12-12,2022,50,202250,41.0,1.0,42.0,,,42.0,INF_ALL,
WPR,JPN,Japan,JP,NH,NH,SENTINEL,2022-12-19,2022,51,202251,73.0,1.0,74.0,,,74.0,INF_ALL,
WPR,JPN,Japan,JP,NH,NH,SENTINEL,2022-12-26,2022,52,202252,45.0,0.0,45.0,,,45.0,INF_ALL,
WPR,JPN,Japan,JP,NH,NH,SENTINEL,2023-01-02,2023,1,202301,153.0,1.0,154.0,,,154.0,INF_ALL,
WPR,JPN,Japan,JP,NH,NH,SENTINEL,2023-01-09,2023,2,202302,240.0,1.0,241.0,,,241.0,INF_ALL,
WPR,JPN,Japan,JP,NH,NH,SENTINEL,2023-01-16,2023,3,202303,238.0,5.0,243.0,,,243.0,INF_ALL,
WPR,JPN,Japan,JP,NH,NH,SENTINEL,2023-01-23,2023,4,202304,220.0,1.0,221.0,,,221.0,INF_ALL,
WPR,JPN,Japan,JP,NH,NH,SENTINEL,2023-01-30,2023,5,202305,250.0,1.0,251.0,,,251.0,INF_ALL,
WPR,JPN,Japan,JP,NH,NH,SENTINEL,2023-02-06,2023,6,202306,186.0,1.0,187.0,,,187.0,INF_ALL,
WPR,JPN,Japan,JP,NH,NH,SENTINEL,2023-02-13,2023,7,202307,206.0,4.0,210.0,,,210.0,INF_ALL,
WPR,JPN,Japan,JP,NH,NH,SENTINEL,2023-02-20,2023,8,202308,182.0,8.0,190.0,,,190.0,INF_ALL,
WPR,JPN,Japan,JP,NH,NH,SENTINEL,2023-02-27,2023,9,202309,195.0,6.0,201.0,,,201.0,INF_ALL,
WPR,JPN,Japan,JP,NH,NH,SENTINEL,2023-03-06,2023,10,202310,198.0,9.0,207.0,,,207.0,INF_ALL,
WPR,JPN,Japan,JP,NH,NH,SENTINEL,2023-03-13,2023,11,202311,143.0,12.0,155.0,,,155.0,INF_ALL,
WPR,JPN,Japan,JP,NH,NH,SENTINEL,2023-03-20,2023,12,202312,140.0,7.0,147.0,,,147.0,INF_ALL,
WPR,JPN,Japan,JP,NH,NH,SENTINEL,2023-03-27,2023,13,202313,123.0,5.0,128.0,,,128.0,INF_ALL,
WPR,JPN,Japan,JP,NH,NH,SENTINEL,2023-04-03,2023,14,202314,107.0,5.0,112.0,,,112.0,INF_ALL,
WPR,JPN,Japan,JP,NH,NH,SENTINEL,2023-04-10,2023,15,202315,86.0,2.0,88.0,,,88.0,INF_ALL,
WPR,JPN,Japan,JP,NH,NH,SENTINEL,2023-04-17,2023,16,202316,71.0,3.0,74.0,,,74.0,INF_ALL,
WPR,JPN,Japan,JP,NH,NH,SENTINEL,2023-04-24,2023,17,202317,70.0,1.0,71.0,,,71.0,INF_ALL,
WPR,JPN,Japan,JP,NH,NH,SENTINEL,2023-05-01,2023,18,202318,35.0,9.0,44.0,,,44.0,INF_ALL,
WPR,JPN,Japan,JP,NH,NH,SENTINEL,2023-05-08,2023,19,202319,63.0,0.0,63.0,,,63.0,INF_ALL,
WPR,JPN,Japan,JP,NH,NH,SENTINEL,2023-05-15,2023,20,202320,64.0,4.0,68.0,,,68.0,INF_ALL,
WPR,JPN,Japan,JP,NH,NH,SENTINEL,2023-05-22,2023,21,202321,44.0,0.0,44.0,,,44.0,INF_ALL,
WPR,JPN,Japan,JP,NH,NH,SENTINEL,2023-05-29,2023,22,202322,37.0,0.0,37.0,,,37.0,INF_ALL,
WPR,JPN,Japan,JP,NH,NH,SENTINEL,2023-06-05,2023,23,202323,57.0,0.0,57.0,,,57.0,INF_ALL,
WPR,JPN,Japan,JP,NH,NH,SENTINEL,2023-06-12,2023,24,202324,36.0,1.0,37.0,,,37.0,INF_ALL,
WPR,JPN,Japan,JP,NH,NH,SENTINEL,2023-06-19,2023,25,202325,30.0,0.0,30.0,,,30.0,INF_ALL,
WPR,JPN,Japan,JP,NH,NH,SENTINEL,2023-06-26,2023,26,202326,43.0,0.0,43.0,,,43.0,INF_ALL,
WPR,JPN,Japan,JP,NH,NH,SENTINEL,2023-07-03,2023,27,202327,45.0,0.0,45.0,,,45.0,INF_ALL,
WPR,JPN,Japan,JP,NH,NH,SENTINEL,2023-07-10,2023,28,202328,40.0,0.0,40.0,,,40.0,INF_ALL,
WPR,JPN,Japan,JP,NH,NH,SENTINEL,2023-07-17,2023,29,202329,37.0,1.0,38.0,,,38.0,INF_ALL,
WPR,JPN,Japan,JP,NH,NH,SENTINEL,2023-07-24,2023,30,202330,46.0,0.0,46.0,,,46.0,INF_ALL,
WPR,JPN,Japan,JP,NH,NH,SENTINEL,2023-07-31,2023,31,202331,36.0,0.0,36.0,,,36.0,INF_ALL,
WPR,JPN,Japan,JP,NH,NH,SENTINEL,2023-08-07,2023,32,202332,32.0,0.0,32.0,,,32.0,INF_ALL,
WPR,JPN,Japan,JP,NH,NH,SENTINEL,2023-08-14,2023,33,202333,40.0,0.0,40.0,,,40.0,INF_ALL,
WPR,JPN,Japan,JP,NH,NH,SENTINEL,2023-08-21,2023,34,202334,49.0,0.0,49.0,,,49.0,INF_ALL,
WPR,JPN,Japan,JP,NH,NH,SENTINEL,2023-08-28,2023,35,202335,102.0,1.0,103.0,,,103.0,INF_ALL,
WPR,JPN,Japan,JP,NH,NH,SENTINEL,2023-09-04,2023,36,202336,134.0,1.0,135.0,,,135.0,INF_ALL,
WPR,JPN,Japan,JP,NH,NH,SENTINEL,2023-09-11,2023,37,202337,191.0,1.0,192.0,,,192.0,INF_ALL,
WPR,JPN,Japan,JP,NH,NH,SENTINEL,2023-09-18,2023,38,202338,140.0,1.0,141.0,,,141.0,INF_ALL,
WPR,JPN,Japan,JP,NH,NH,SENTINEL,2023-09-25,2023,39,202339,249.0,4.0,253.0,,,253.0,INF_ALL,
WPR,JPN,Japan,JP,NH,NH,SENTINEL,2023-10-02,2023,40,202340,260.0,0.0,260.0,,,260.0,INF_ALL,
WPR,JPN,Japan,JP,NH,NH,SENTINEL,2023-10-09,2023,41,202341,209.0,6.0,215.0,,,215.0,INF_ALL,
WPR,JPN,Japan,JP,NH,NH,SENTINEL,2023-10-16,2023,42,202342,307.0,1.0,308.0,,,308.0,INF_ALL,
WPR,JPN,Japan,JP,NH,NH,SENTINEL,2023-10-23,2023,43,202343,306.0,0.0,306.0,,,306.0,INF_ALL,
WPR,JPN,Japan,JP,NH,NH,SENTINEL,2023-10-30,2023,44,202344,287.0,6.0,293.0,,,293.0,INF_ALL,
WPR,JPN,Japan,JP,NH,NH,SENTINEL,2023-11-06,2023,45,202345,301.0,2.0,303.0,,,303.0,INF_ALL,
WPR,JPN,Japan,JP,NH,NH,SENTINEL,2023-11-13,2023,46,202346,360.0,6.0,366.0,,,366.0,INF_ALL,
WPR,JPN,Japan,JP,NH,NH,SENTINEL,2023-11-20,2023,47,202347,329.0,6.0,335.0,,,335.0,INF_ALL,
WPR,JPN,Japan,JP,NH,NH,SENTINEL,2023-11-27,2023,48,202348,369.0,8.0,377.0,,,377.0,INF_ALL,
WPR,JPN,Japan,JP,NH,NH,SENTINEL,2023-12-04,2023,49,202349,342.0,10.0,352.0,,,352.0,INF_ALL,
WPR,JPN,Japan,JP,NH,NH,SENTINEL,2023-12-11,2023,50,202350,340.0,22.0,362.0,,,362.0,INF_ALL,
WPR,JPN,Japan,JP,NH,NH,SENTINEL,2023-12-18,2023,51,202351,255.0,20.0,275.0,,,275.0,INF_ALL,
WPR,JPN,Japan,JP,NH,NH,SENTINEL,2023-12-25,2023,52,202352,183.0,17.0,200.0,,,200.0,INF_ALL,
WPR,JPN,Japan,JP,NH,NH,SENTINEL,2024-01-01,2024,1,202401,106.0,21.0,127.0,,,127.0,INF_ALL,
WPR,JPN,Japan,JP,NH,NH,SENTINEL,2024-01-08,2024,2,202402,187.0,65.0,252.0,,,252.0,INF_ALL,
WPR,JPN,Japan,JP,NH,NH,SENTINEL,2024-01-15,2024,3,202403,211.0,96.0,307.0,,,307.0,INF_ALL,
WPR,JPN,Japan,JP,NH,NH,SENTINEL,2024-01-22,2024,4,202404,161.0,132.0,293.0,,,293.0,INF_ALL,
WPR,JPN,Japan,JP,NH,NH,SENTINEL,2024-01-29,2024,5,202405,122.0,124.0,246.0,,,246.0,INF_ALL,
WPR,JPN,Japan,JP,NH,NH,SENTINEL,2024-02-05,2024,6,202406,74.0,171.0,245.0,,,245.0,INF_ALL,
WPR,JPN,Japan,JP,NH,NH,SENTINEL,2024-02-12,2024,7,202407,45.0,171.0,216.0,,,216.0,INF_ALL,
WPR,JPN,Japan,JP,NH,NH,SENTINEL,2024-02-19,2024,8,202408,28.0,185.0,213.0,,,213.0,INF_ALL,
WPR,JPN,Japan,JP,NH,NH,SENTINEL,2024-02-26,2024,9,202409,27.0,179.0,206.0,,,206.0,INF_ALL,
WPR,JPN,Japan,JP,NH,NH,SENTINEL,2024-03-04,2024,10,202410,30.0,178.0,208.0,,,208.0,INF_ALL,
WPR,JPN,Japan,JP,NH,NH,SENTINEL,2024-03-11,2024,11,202411,28.0,191.0,219.0,,,219.0,INF_ALL,
WPR,JPN,Japan,JP,NH,NH,SENTINEL,2024-03-18,2024,12,202412,22.0,162.0,184.0,,,184.0,INF_ALL,
WPR,JPN,Japan,JP,NH,NH,SENTINEL,2024-03-25,2024,13,202413,43.0,143.0,186.0,,,186.0,INF_ALL,
WPR,JPN,Japan,JP,NH,NH,SENTINEL,2024-04-01,2024,14,202414,19.0,101.0,120.0,,,120.0,INF_ALL,
WPR,JPN,Japan,JP,NH,NH,SENTINEL,2024-04-08,2024,15,202415,21.0,65.0,86.0,,,86.0,INF_ALL,
WPR,JPN,Japan,JP,NH,NH,SENTINEL,2024-04-15,2024,16,202416,14.0,52.0,66.0,,,66.0,INF_ALL,
WPR,JPN,Japan,JP,NH,NH,SENTINEL,2024-04-22,2024,17,202417,14.0,32.0,46.0,,,46.0,INF_ALL,
WPR,JPN,Japan,JP,NH,NH,SENTINEL,2024-04-29,2024,18,202418,6.0,14.0,20.0,,,20.0,INF_ALL,
WPR,JPN,Japan,JP,NH,NH,SENTINEL,2024-05-06,2024,19,202419,8.0,8.0,16.0,,,16.0,INF_ALL,
WPR,JPN,Japan,JP,NH,NH,SENTINEL,2024-05-13,2024,20,202420,11.0,3.0,14.0,,,14.0,INF_ALL,
WPR,JPN,Japan,JP,NH,NH,SENTINEL,2024-05-20,2024,21,202421,7.0,3.0,10.0,,,10.0,INF_ALL,
WPR,JPN,Japan,JP,NH,NH,SENTINEL,2024-05-27,2024,22,202422,6.0,1.0,7.0,,,7.0,INF_ALL,
WPR,JPN,Japan,JP,NH,NH,SENTINEL,2024-06-03,2024,23,202423,5.0,1.0,6.0,,,6.0,INF_ALL,
WPR,JPN,Japan,JP,NH,NH,SENTINEL,2024-06-10,2024,24,202424,6.0,1.0,7.0,,,7.0,INF_ALL,
WPR,JPN,Japan,JP,NH,NH,SENTINEL,2024-06-17,2024,25,202425,9.0,1.0,10.0,,,10.0,INF_ALL,
WPR,JPN,Japan,JP,NH,NH,SENTINEL,2024-06-24,2024,26,202426,9.0,0.0,9.0,,,9.0,INF_ALL,
WPR,JPN,Japan,JP,NH,NH,SENTINEL,2024-07-01,2024,27,202427,17.0,0.0,17.0,,,17.0,INF_ALL,
WPR,JPN,Japan,JP,NH,NH,SENTINEL,2024-07-08,2024,28,202428,16.0,1.0,17.0,,,17.0,INF_ALL,
WPR,JPN,Japan,JP,NH,NH,SENTINEL,2024-07-15,2024,29,202429,14.0,1.0,15.0,,,15.0,INF_ALL,
WPR,JPN,Japan,JP,NH,NH,SENTINEL,2024-07-22,2024,30,202430,22.0,1.0,23.0,,,23.0,INF_ALL,
WPR,JPN,Japan,JP,NH,NH,SENTINEL,2024-07-29,2024,31,202431,14.0,0.0,14.0,,,14.0,INF_ALL,
WPR,JPN,Japan,JP,NH,NH,SENTINEL,2024-08-05,2024,32,202432,13.0,0.0,13.0,,,13.0,INF_ALL,
WPR,JPN,Japan,JP,NH,NH,SENTINEL,2024-08-12,2024,33,202433,21.0,0.0,21.0,,,21.0,INF_ALL,
WPR,JPN,Japan,JP,NH,NH,SENTINEL,2024-08-19,2024,34,202434,21.0,0.0,21.0,,,21.0,INF_ALL,
WPR,JPN,Japan,JP,NH,NH,SENTINEL,2024-08-26,2024,35,202435,19.0,0.0,19.0,,,19.0,INF_ALL,
WPR,JPN,Japan,JP,NH,NH,SENTINEL,2024-09-02,2024,36,202436,42.0,1.0,43.0,,,43.0,INF_ALL,
WPR,JPN,Japan,JP,NH,NH,SENTINEL,2024-09-09,2024,37,202437,46.0,2.0,48.0,,,48.0,INF_ALL,
WPR,JPN,Japan,JP,NH,NH,SENTINEL,2024-09-16,2024,38,202438,29.0,1.0,30.0,,,30.0,INF_ALL,
WPR,JPN,Japan,JP,NH,NH,SENTINEL,2024-09-23,2024,39,202439,29.0,2.0,31.0,,,31.0,INF_ALL,
WPR,JPN,Japan,JP,NH,NH,SENTINEL,2024-09-30,2024,40,202440,59.0,3.0,62.0,,,62.0,INF_ALL,
WPR,JPN,Japan,JP,NH,NH,SENTINEL,2024-10-07,2024,41,202441,61.0,0.0,61.0,,,61.0,INF_ALL,
WPR,JPN,Japan,JP,NH,NH,SENTINEL,2024-10-14,2024,42,202442,47.0,4.0,51.0,,,51.0,INF_ALL,
WPR,JPN,Japan,JP,NH,NH,SENTINEL,2024-10-21,2024,43,202443,48.0,1.0,49.0,,,49.0,INF_ALL,
WPR,JPN,Japan,JP,NH,NH,SENTINEL,2024-10-28,2024,44,202444,58.0,1.0,59.0,,,59.0,INF_ALL,
WPR,JPN,Japan,JP,NH,NH,SENTINEL,2024-11-04,2024,45,202445,60.0,0.0,60.0,,,60.0,INF_ALL,
WPR,JPN,Japan,JP,NH,NH,SENTINEL,2024-11-11,2024,46,202446,111.0,3.0,114.0,,,114.0,INF_ALL,
WPR,JPN,Japan,JP,NH,NH,SENTINEL,2024-11-18,2024,47,202447,135.0,3.0,138.0,,,138.0,INF_ALL,
WPR,JPN,Japan,JP,NH,NH,SENTINEL,2024-11-25,2024,48,202448,243.0,4.0,247.0,,,247.0,INF_ALL,
WPR,JPN,Japan,JP,NH,NH,SENTINEL,2024-12-02,2024,49,202449,324.0,4.0,328.0,,,328.0,INF_ALL,
WPR,JPN,Japan,JP,NH,NH,SENTINEL,2024-12-09,2024,50,202450,467.0,5.0,472.0,,,472.0,INF_ALL,
WPR,JPN,Japan,JP,NH,NH,SENTINEL,2024-12-16,2024,51,202451,450.0,10.0,460.0,,,460.0,INF_ALL,
WPR,JPN,Japan,JP,NH,NH,SENTINEL,2024-12-23,2024,52,202452,320.0,6.0,326.0,,,326.0,INF_ALL,
WPR,JPN,Japan,JP,NH,NH,SENTINEL,2024-12-30,2025,1,202501,63.0,0.0,63.0,,,63.0,INF_ALL,
WPR,JPN,Japan,JP,NH,NH,SENTINEL,2025-01-06,2025,2,202502,390.0,11.0,401.0,,,401.0,INF_ALL,
WPR,JPN,Japan,JP,NH,NH,SENTINEL,2025-01-13,2025,3,202503,308.0,8.0,316.0,,,316.0,INF_ALL,
WPR,JPN,Japan,JP,NH,NH,SENTINEL,2025-01-20,2025,4,202504,269.0,10.0,279.0,,,279.0,INF_ALL,
WPR,JPN,Japan,JP,NH,NH,SENTINEL,2025-01-27,2025,5,202505,176.0,20.0,196.0,,,196.0,INF_ALL,
WPR,JPN,Japan,JP,NH,NH,SENTINEL,2025-02-03,2025,6,202506,119.0,10.0,129.0,,,129.0,INF_ALL,
WPR,JPN,Japan,JP,NH,NH,SENTINEL,2025-02-10,2025,7,202507,85.0,16.0,101.0,,,101.0,INF_ALL,
WPR,JPN,Japan,JP,NH,NH,SENTINEL,2025-02-17,2025,8,202508,78.0,24.0,102.0,,,102.0,INF_ALL,
WPR,JPN,Japan,JP,NH,NH,SENTINEL,2025-02-24,2025,9,202509,57.0,27.0,84.0,,,84.0,INF_ALL,
WPR,JPN,Japan,JP,NH,NH,SENTINEL,2025-03-03,2025,10,202510,61.0,28.0,89.0,,,89.0,INF_ALL,
WPR,JPN,Japan,JP,NH,NH,SENTINEL,2025-03-10,2025,11,202511,74.0,35.0,109.0,,,109.0,INF_ALL,
WPR,JPN,Japan,JP,NH,NH,SENTINEL,2025-03-17,2025,12,202512,38.0,34.0,72.0,,,72.0,INF_ALL,
WPR,JPN,Japan,JP,NH,NH,SENTINEL,2025-03-24,2025,13,202513,41.0,49.0,90.0,,,90.0,INF_ALL,
WPR,JPN,Japan,JP,NH,NH,SENTINEL,2025-03-31,2025,14,202514,11.0,24.0,35.0,,,35.0,INF_ALL,
WPR,JPN,Japan,JP,NH,NH,SENTINEL,2025-04-07,2025,15,202515,45.0,35.0,80.0,1148.0,,80.0,INF_ALL,6.968641114982578
WPR,JPN,Japan,JP,NH,NH,SENTINEL,2025-04-14,2025,16,202516,43.0,33.0,76.0,1144.0,,76.0,INF_ALL,6.643356643356643
WPR,JPN,Japan,JP,NH,NH,SENTINEL,2025-04-21,2025,17,202517,29.0,35.0,64.0,1167.0,,64.0,INF_ALL,5.484147386461012
WPR,JPN,Japan,JP,NH,NH,SENTINEL,2025-04-28,2025,18,202518,15.0,29.0,44.0,966.0,,44.0,INF_ALL,4.554865424430641
WPR,JPN,Japan,JP,NH,NH,SENTINEL,2025-05-05,2025,19,202519,12.0,20.0,32.0,828.0,,32.0,INF_ALL,3.864734299516908
WPR,JPN,Japan,JP,NH,NH,SENTINEL,2025-05-12,2025,20,202520,18.0,35.0,53.0,1150.0,,53.0,INF_ALL,4.608695652173913
WPR,JPN,Japan,JP,NH,NH,SENTINEL,2025-05-19,2025,21,202521,9.0,21.0,30.0,1167.0,,30.0,INF_ALL,2.570694087403599
WPR,JPN,Japan,JP,NH,NH,SENTINEL,2025-05-26,2025,22,202522,11.0,17.0,28.0,1154.0,,28.0,INF_ALL,2.4263431542461005
WPR,JPN,Japan,JP,NH,NH,SENTINEL,2025-06-02,2025,23,202523,6.0,14.0,20.0,1172.0,,20.0,INF_ALL,1.7064846416382253
WPR,JPN,Japan,JP,NH,NH,SENTINEL,2025-06-09,2025,24,202524,6.0,13.0,19.0,1155.0,,19.0,INF_ALL,1.645021645021645
WPR,JPN,Japan,JP,NH,NH,SENTINEL,2025-06-16,2025,25,202525,10.0,11.0,21.0,1070.0,,21.0,INF_ALL,1.9626168224299065
WPR,JPN,Japan,JP,NH,NH,SENTINEL,2025-06-23,2025,26,202526,5.0,4.0,9.0,1074.0,,9.0,INF_ALL,0.8379888268156425
WPR,JPN,Japan,JP,NH,NH,SENTINEL,2025-06-30,2025,27,202527,12.0,8.0,20.0,1127.0,,20.0,INF_ALL,1.774622892635315
WPR,JPN,Japan,JP,NH,NH,SENTINEL,2025-07-07,2025,28,202528,8.0,4.0,12.0,1078.0,,12.0,INF_ALL,1.1131725417439702
WPR,JPN,Japan,JP,NH,NH,SENTINEL,2025-07-14,2025,29,202529,9.0,3.0,12.0,1055.0,,12.0,INF_ALL,1.1374407582938388
WPR,JPN,Japan,JP,NH,NH,SENTINEL,2025-07-21,2025,30,202530,11.0,4.0,15.0,996.0,,15.0,INF_ALL,1.5060240963855422
WPR,JPN,Japan,JP,NH,NH,SENTINEL,2025-07-28,2025,31,202531,13.0,6.0,19.0,1088.0,,19.0,INF_ALL,1.7463235294117647
WPR,JPN,Japan,JP,NH,NH,SENTINEL,2025-08-04,2025,32,202532,12.0,4.0,16.0,975.0,,16.0,INF_ALL,1.641025641025641
WPR,JPN,Japan,JP,NH,NH,SENTINEL,2025-08-11,2025,33,202533,8.0,2.0,10.0,569.0,,10.0,INF_ALL,1.7574692442882252
WPR,JPN,Japan,JP,NH,NH,SENTINEL,2025-08-18,2025,34,202534,18.0,1.0,19.0,1038.0,,19.0,INF_ALL,1.8304431599229287
WPR,JPN,Japan,JP,NH,NH,SENTINEL,2025-08-25,2025,35,202535,19.0,1.0,20.0,1080.0,,20.0,INF_ALL,1.8518518518518516
WPR,JPN,Japan,JP,NH,NH,SENTINEL,2025-09-01,2025,36,202536,30.0,3.0,33.0,1113.0,,33.0,INF_ALL,2.964959568733154
WPR,JPN,Japan,JP,NH,NH,SENTINEL,2025-09-08,2025,37,202537,39.0,4.0,43.0,1185.0,,43.0,INF_ALL,3.6286919831223625
WPR,JPN,Japan,JP,NH,NH,SENTINEL,2025-09-15,2025,38,202538,27.0,3.0,30.0,1047.0,,30.0,INF_ALL,2.865329512893983
WPR,JPN,Japan,JP,NH,NH,SENTINEL,2025-09-22,2025,39,202539,39.0,3.0,42.0,938.0,,42.0,INF_ALL,4.477611940298507
WPR,JPN,Japan,JP,NH,NH,SENTINEL,2025-09-29,2025,40,202540,66.0,2.0,68.0,1039.0,,68.0,INF_ALL,6.544754571703561
WPR,JPN,Japan,JP,NH,NH,SENTINEL,2025-10-06,2025,41,202541,93.0,10.0,103.0,1089.0,,103.0,INF_ALL,9.45821854912764
WPR,JPN,Japan,JP,NH,NH,SENTINEL,2025-10-13,2025,42,202542,117.0,6.0,123.0,1007.0,,123.0,INF_ALL,12.21449851042701
WPR,JPN,Japan,JP,NH,NH,SENTINEL,2025-10-20,2025,43,202543,167.0,7.0,174.0,1102.0,,174.0,INF_ALL,15.789473684210526
WPR,JPN,Japan,JP,NH,NH,SENTINEL,2025-10-27,2025,44,202544,243.0,13.0,256.0,1186.0,,256.0,INF_ALL,21.585160202360875
WPR,JPN,Japan,JP,NH,NH,SENTINEL,2025-11-03,2025,45,202545,351.0,6.0,357.0,1103.0,,357.0,INF_ALL,32.36627379873073
WPR,JPN,Japan,JP,NH,NH,SENTINEL,2025-11-10,2025,46,202546,467.0,9.0,476.0,1218.0,,476.0,INF_ALL,39.08045977011494
WPR,JPN,Japan,JP,NH,NH,SENTINEL,2025-11-17,2025,47,202547,623.0,8.0,631.0,1273.0,,631.0,INF_ALL,49.56794972505892
WPR,JPN,Japan,JP,NH,NH,SENTINEL,2025-11-24,2025,48,202548,594.0,8.0,602.0,1112.0,,602.0,INF_ALL,54.13669064748201
WPR,JPN,Japan,JP,NH,NH,SENTINEL,2025-12-01,2025,49,202549,587.0,17.0,604.0,1238.0,,604.0,INF_ALL,48.78836833602585
WPR,JPN,Japan,JP,NH,NH,SENTINEL,2025-12-08,2025,50,202550,532.0,21.0,553.0,1181.0,,553.0,INF_ALL,46.824724809483484
WPR,JPN,Japan,JP,NH,NH,SENTINEL,2025-12-15,2025,51,202551,509.0,37.0,546.0,1203.0,,546.0,INF_ALL,45.38653366583541
WPR,JPN,Japan,JP,NH,NH,SENTINEL,2025-12-22,2025,52,202552,350.0,40.0,390.0,926.0,,390.0,INF_ALL,42.11663066954643
WPR,JPN,Japan,JP,NH,NH,SENTINEL,2025-12-29,2026,1,202601,19.0,2.0,21.0,81.0,,21.0,INF_ALL,25.925925925925924
WPR,JPN,Japan,JP,NH,NH,SENTINEL,2026-01-05,2026,2,202602,230.0,85.0,315.0,1045.0,,315.0,INF_ALL,30.14354066985646
WPR,JPN,Japan,JP,NH,NH,SENTINEL,2026-01-12,2026,3,202603,159.0,126.0,285.0,988.0,,285.0,INF_ALL,28.846153846153843
WPR,JPN,Japan,JP,NH,NH,SENTINEL,2026-01-19,2026,4,202604,118.0,235.0,353.0,1083.0,,353.0,INF_ALL,32.59464450600185
WPR,JPN,Japan,JP,NH,NH,SENTINEL,2026-01-26,2026,5,202605,97.0,333.0,430.0,1087.0,,430.0,INF_ALL,39.55841766329347
WPR,JPN,Japan,JP,NH,NH,SENTINEL,2026-02-02,2026,6,202606,51.0,469.0,520.0,1159.0,,520.0,INF_ALL,44.86626402070751
WPR,JPN,Japan,JP,NH,NH,SENTINEL,2026-02-09,2026,7,202607,31.0,484.0,515.0,1064.0,,515.0,INF_ALL,48.402255639097746
WPR,JPN,Japan,JP,NH,NH,SENTINEL,2026-02-16,2026,8,202608,28.0,472.0,500.0,1068.0,,500.0,INF_ALL,46.81647940074906
WPR,JPN,Japan,JP,NH,NH,SENTINEL,2026-02-23,2026,9,202609,18.0,357.0,375.0,976.0,,375.0,INF_ALL,38.42213114754098
WPR,JPN,Japan,JP,NH,NH,SENTINEL,2026-03-02,2026,10,202610,3.0,281.0,284.0,947.0,,284.0,INF_ALL,29.989440337909183
WPR,JPN,Japan,JP,NH,NH,SENTINEL,2026-03-09,2026,11,202611,4.0,233.0,237.0,819.0,,237.0,INF_ALL,28.93772893772894
WPR,JPN,Japan,JP,NH,NH,SENTINEL,2026-03-16,2026,12,202612,3.0,191.0,194.0,738.0,,194.0,INF_ALL,26.287262872628723
WPR,JPN,Japan,JP,NH,NH,SENTINEL,2026-03-23,2026,13,202613,10.0,157.0,167.0,738.0,,167.0,INF_ALL,22.628726287262875
WPR,JPN,Japan,JP,NH,NH,SENTINEL,2026-03-30,2026,14,202614,5.0,116.0,121.0,729.0,,121.0,INF_ALL,16.598079561042525
WPR,JPN,Japan,JP,NH,NH,SENTINEL,2026-04-06,2026,15,202615,2.0,68.0,70.0,764.0,,70.0,INF_ALL,9.162303664921465
WPR,JPN,Japan,JP,NH,NH,SENTINEL,2026-04-13,2026,16,202616,3.0,40.0,43.0,789.0,,43.0,INF_ALL,5.4499366286438535
WPR,JPN,Japan,JP,NH,NH,SENTINEL,2026-04-20,2026,17,202617,4.0,17.0,21.0,792.0,,21.0,INF_ALL,2.6515151515151514
WPR,JPN,Japan,JP,NH,NH,SENTINEL,2026-04-27,2026,18,202618,1.0,9.0,10.0,675.0,,10.0,INF_ALL,1.4814814814814816
WPR,JPN,Japan,JP,NH,NH,SENTINEL,2026-05-04,2026,19,202619,2.0,1.0,3.0,425.0,,3.0,INF_ALL,0.7058823529411765
WPR,JPN,Japan,JP,NH,NH,SENTINEL,2026-05-11,2026,20,202620,1.0,5.0,6.0,669.0,,6.0,INF_ALL,0.8968609865470852
WPR,JPN,Japan,JP,NH,NH,SENTINEL,2026-05-18,2026,21,202621,1.0,6.0,7.0,654.0,,7.0,INF_ALL,1.0703363914373087
WPR,JPN,Japan,JP,NH,NH,SENTINEL,2026-05-25,2026,22,202622,2.0,1.0,3.0,655.0,,3.0,INF_ALL,0.45801526717557256
WPR,JPN,Japan,JP,NH,NH,SENTINEL,2026-06-01,2026,23,202623,2.0,5.0,7.0,612.0,,7.0,INF_ALL,1.1437908496732025
WPR,JPN,Japan,JP,NH,NH,SENTINEL,2026-06-08,2026,24,202624,,1.0,1.0,606.0,,1.0,INF_ALL,0.16501650165016502
WPR,JPN,Japan,JP,NH,NH,SENTINEL,2026-06-15,2026,25,202625,1.0,0.0,1.0,568.0,,1.0,INF_ALL,0.17605633802816903
WPR,JPN,Japan,JP,NH,NH,SENTINEL,2026-06-22,2026,26,202626,3.0,0.0,3.0,542.0,,3.0,INF_ALL,0.5535055350553505
WPR,JPN,Japan,JP,NH,NH,SENTINEL,2026-06-29,2026,27,202627,1.0,0.0,1.0,535.0,,1.0,INF_ALL,0.1869158878504673
WPR,JPN,Japan,JP,NH,NH,SENTINEL,2026-07-06,2026,28,202628,4.0,0.0,4.0,493.0,,4.0,INF_ALL,0.8113590263691683
WPR,JPN,Japan,JP,NH,NH,SENTINEL,2026-07-13,2026,29,202629,3.0,0.0,3.0,418.0,,3.0,INF_ALL,0.7177033492822966
WPR,JPN,Japan,JP,NH,NH,SENTINEL,2026-07-20,2026,30,202630,3.0,0.0,3.0,285.0,,3.0,INF_ALL,1.0526315789473684
WPR,JPN,Japan,JP,NH,NH,SENTINEL,2026-07-27,2026,31,202631,4.0,0.0,4.0,194.0,,4.0,INF_ALL,2.0618556701030926
WPR,JPN,Japan,JP,NH,NH,SENTINEL,2026-08-03,2026,32,202632,3.0,0.0,3.0,54.0,,3.0,INF_ALL,5.555555555555555
