WHOREGION,COUNTRY_CODE,COUNTRY_AREA_TERRITORY,ISO2,HEMISPHERE,FLUSEASON,ORIGIN_SOURCE,ISO_WEEKSTARTDATE,ISO_YEAR,ISO_WEEK,ISOYW,INF_A,INF_B,INF_ALL,SPEC_PROCESSED_NB,INF_NEGATIVE,positive_specimen_count,positive_count_source,positivity_rate_percent,national_mean_temperature,national_min_temperature,national_max_temperature,weekly_temperature_change,location_count,complete_location_count,national_proxy_complete
WPR,JPN,Japan,JP,NH,NH,SENTINEL,1996-10-07,1996,41,199641,1.0,0.0,1.0,,,1.0,INF_ALL,,17.397142857142857,11.96,23.54,,10,10,True
WPR,JPN,Japan,JP,NH,NH,SENTINEL,1996-10-14,1996,42,199642,2.0,0.0,2.0,,,2.0,INF_ALL,,15.781428571428572,10.32,21.25,-1.6157142857142848,10,10,True
WPR,JPN,Japan,JP,NH,NH,SENTINEL,1996-10-21,1996,43,199643,1.0,0.0,1.0,,,1.0,INF_ALL,,14.844285714285714,7.93,22.22,-0.9371428571428577,10,10,True
WPR,JPN,Japan,JP,NH,NH,SENTINEL,1996-10-28,1996,44,199644,4.0,0.0,4.0,,,4.0,INF_ALL,,15.942857142857141,9.16,22.77,1.098571428571427,10,10,True
WPR,JPN,Japan,JP,NH,NH,SENTINEL,1996-11-04,1996,45,199645,11.0,0.0,11.0,,,11.0,INF_ALL,,14.412857142857144,7.33,20.47,-1.5299999999999976,10,10,True
WPR,JPN,Japan,JP,NH,NH,SENTINEL,1996-11-11,1996,46,199646,12.0,0.0,12.0,,,12.0,INF_ALL,,10.325714285714286,4.76,17.77,-4.087142857142858,10,10,True
WPR,JPN,Japan,JP,NH,NH,SENTINEL,1996-11-18,1996,47,199647,25.0,1.0,26.0,,,26.0,INF_ALL,,10.108571428571429,5.12,16.05,-0.21714285714285708,10,10,True
WPR,JPN,Japan,JP,NH,NH,SENTINEL,1996-11-25,1996,48,199648,63.0,2.0,65.0,,,65.0,INF_ALL,,8.17,1.56,15.51,-1.9385714285714286,10,10,True
WPR,JPN,Japan,JP,NH,NH,SENTINEL,1996-12-02,1996,49,199649,190.0,4.0,194.0,,,194.0,INF_ALL,,6.055714285714286,0.6499999999999998,14.66,-2.114285714285714,10,10,True
WPR,JPN,Japan,JP,NH,NH,SENTINEL,1996-12-09,1996,50,199650,433.0,3.0,436.0,,,436.0,INF_ALL,,7.492857142857143,2.25,13.040000000000001,1.4371428571428568,10,10,True
WPR,JPN,Japan,JP,NH,NH,SENTINEL,1996-12-16,1996,51,199651,401.0,10.0,411.0,,,411.0,INF_ALL,,6.751428571428571,0.6399999999999999,14.75,-0.741428571428572,10,10,True
WPR,JPN,Japan,JP,NH,NH,SENTINEL,1996-12-23,1996,52,199652,269.0,1.0,270.0,,,270.0,INF_ALL,,6.162857142857144,1.0699999999999998,12.559999999999999,-0.5885714285714272,10,10,True
WPR,JPN,Japan,JP,NH,NH,SENTINEL,1996-12-30,1997,1,199701,52.0,1.0,53.0,,,53.0,INF_ALL,,6.0285714285714285,0.39,14.459999999999999,-0.13428571428571523,10,10,True
WPR,JPN,Japan,JP,NH,NH,SENTINEL,1997-01-06,1997,2,199702,338.0,3.0,341.0,,,341.0,INF_ALL,,3.132857142857143,-1.23,8.3,-2.8957142857142855,10,10,True
WPR,JPN,Japan,JP,NH,NH,SENTINEL,1997-01-13,1997,3,199703,515.0,4.0,519.0,,,519.0,INF_ALL,,4.621428571428571,-0.5199999999999999,10.9,1.488571428571428,10,10,True
WPR,JPN,Japan,JP,NH,NH,SENTINEL,1997-01-20,1997,4,199704,389.0,8.0,397.0,,,397.0,INF_ALL,,2.9699999999999998,-2.95,9.440000000000001,-1.6514285714285712,10,10,True
WPR,JPN,Japan,JP,NH,NH,SENTINEL,1997-01-27,1997,5,199705,189.0,19.0,208.0,,,208.0,INF_ALL,,3.25,-0.9700000000000003,8.42,0.28000000000000025,10,10,True
WPR,JPN,Japan,JP,NH,NH,SENTINEL,1997-02-03,1997,6,199706,123.0,43.0,166.0,,,166.0,INF_ALL,,4.097142857142858,-1.1199999999999999,10.25,0.8471428571428579,10,10,True
WPR,JPN,Japan,JP,NH,NH,SENTINEL,1997-02-10,1997,7,199707,46.0,57.0,103.0,,,103.0,INF_ALL,,3.867142857142857,-1.67,10.870000000000001,-0.23000000000000087,10,10,True
WPR,JPN,Japan,JP,NH,NH,SENTINEL,1997-02-17,1997,8,199708,48.0,81.0,129.0,,,129.0,INF_ALL,,3.172857142857143,-1.95,9.53,-0.694285714285714,10,10,True
WPR,JPN,Japan,JP,NH,NH,SENTINEL,1997-02-24,1997,9,199709,14.0,144.0,158.0,,,158.0,INF_ALL,,7.402857142857144,0.1399999999999999,15.25,4.23,10,10,True
WPR,JPN,Japan,JP,NH,NH,SENTINEL,1997-03-03,1997,10,199710,7.0,156.0,163.0,,,163.0,INF_ALL,,7.395714285714286,0.54,16.14,-0.007142857142858006,10,10,True
WPR,JPN,Japan,JP,NH,NH,SENTINEL,1997-03-10,1997,11,199711,2.0,177.0,179.0,,,179.0,INF_ALL,,8.33,2.05,15.39,0.9342857142857142,10,10,True
WPR,JPN,Japan,JP,NH,NH,SENTINEL,1997-03-17,1997,12,199712,1.0,127.0,128.0,,,128.0,INF_ALL,,7.5371428571428565,1.27,13.959999999999999,-0.7928571428571436,10,10,True
WPR,JPN,Japan,JP,NH,NH,SENTINEL,1997-03-24,1997,13,199713,0.0,101.0,101.0,,,101.0,INF_ALL,,9.057142857142857,1.8699999999999999,16.61,1.5200000000000005,10,10,True
WPR,JPN,Japan,JP,NH,NH,SENTINEL,1997-03-31,1997,14,199714,1.0,50.0,51.0,,,51.0,INF_ALL,,11.404285714285715,3.5700000000000003,17.830000000000002,2.347142857142858,10,10,True
WPR,JPN,Japan,JP,NH,NH,SENTINEL,1997-04-07,1997,15,199715,0.0,29.0,29.0,,,29.0,INF_ALL,,11.407142857142857,5.13,18.19,0.002857142857141781,10,10,True
WPR,JPN,Japan,JP,NH,NH,SENTINEL,1997-04-21,1997,17,199717,,,,,,,Missing,,13.311428571428573,6.62,20.78,1.448571428571432,10,10,True
WPR,JPN,Japan,JP,NH,NH,SENTINEL,1997-06-30,1997,27,199727,,,,,,,Missing,,24.228571428571428,17.56,29.410000000000004,1.1699999999999982,10,10,True
WPR,JPN,Japan,JP,NH,NH,SENTINEL,1997-12-01,1997,49,199749,5.0,,5.0,,,5.0,INF_ALL,,7.317142857142858,0.9800000000000001,15.319999999999999,-5.618571428571429,10,10,True
WPR,JPN,Japan,JP,NH,NH,SENTINEL,1997-12-08,1997,50,199750,6.0,,6.0,,,6.0,INF_ALL,,6.6242857142857146,0.8399999999999999,14.52,-0.6928571428571431,10,10,True
WPR,JPN,Japan,JP,NH,NH,SENTINEL,1997-12-22,1997,52,199752,,,,,,,Missing,,6.628571428571429,2.21,13.229999999999999,-2.0142857142857133,10,10,True
WPR,JPN,Japan,JP,NH,NH,SENTINEL,1997-12-29,1998,1,199801,,,,,,,Missing,,6.295714285714285,1.61,12.01,-0.33285714285714363,10,10,True
WPR,JPN,Japan,JP,NH,NH,SENTINEL,1998-01-05,1998,2,199802,,,,,,,Missing,,3.8842857142857143,-0.8200000000000001,8.93,-2.411428571428571,10,10,True
WPR,JPN,Japan,JP,NH,NH,SENTINEL,1998-01-12,1998,3,199803,,6.0,6.0,,,6.0,INF_ALL,,4.425714285714286,-1.4900000000000002,9.82,0.5414285714285718,10,10,True
WPR,JPN,Japan,JP,NH,NH,SENTINEL,1998-01-19,1998,4,199804,,,,,,,Missing,,1.2999999999999996,-3.5700000000000003,6.93,-3.1257142857142863,10,10,True
WPR,JPN,Japan,JP,NH,NH,SENTINEL,1998-01-26,1998,5,199805,4.0,,4.0,,,4.0,INF_ALL,,2.07,-3.2399999999999998,7.99,0.7700000000000002,10,10,True
WPR,JPN,Japan,JP,NH,NH,SENTINEL,1998-02-02,1998,6,199806,,,,,,,Missing,,3.2457142857142856,-2.18,9.32,1.1757142857142857,10,10,True
WPR,JPN,Japan,JP,NH,NH,SENTINEL,1998-02-09,1998,7,199807,,1.0,1.0,,,1.0,INF_ALL,,5.817142857142857,-1.1700000000000002,14.62,2.571428571428571,10,10,True
WPR,JPN,Japan,JP,NH,NH,SENTINEL,1998-02-16,1998,8,199808,,,,,,,Missing,,5.478571428571429,-1.16,13.219999999999999,-0.3385714285714281,10,10,True
WPR,JPN,Japan,JP,NH,NH,SENTINEL,1998-02-23,1998,9,199809,,,,,,,Missing,,6.635714285714286,0.23999999999999994,12.41,1.1571428571428575,10,10,True
WPR,JPN,Japan,JP,NH,NH,SENTINEL,1998-03-02,1998,10,199810,,,,,,,Missing,,6.578571428571429,0.36999999999999994,13.209999999999999,-0.05714285714285694,10,10,True
WPR,JPN,Japan,JP,NH,NH,SENTINEL,1998-03-16,1998,12,199812,,,,,,,Missing,,7.185714285714286,0.5699999999999998,15.7,-0.23999999999999932,10,10,True
WPR,JPN,Japan,JP,NH,NH,SENTINEL,1998-03-30,1998,14,199814,2.0,1.0,3.0,,,3.0,INF_ALL,,9.798571428571428,2.3,19.35,-0.1971428571428575,10,10,True
WPR,JPN,Japan,JP,NH,NH,SENTINEL,1998-04-06,1998,15,199815,1.0,3.0,4.0,,,4.0,INF_ALL,,14.127142857142857,8.59,22.65,4.328571428571429,10,10,True
WPR,JPN,Japan,JP,NH,NH,SENTINEL,1998-04-13,1998,16,199816,7.0,14.0,21.0,,,21.0,INF_ALL,,15.457142857142859,8.930000000000001,22.64,1.3300000000000018,10,10,True
WPR,JPN,Japan,JP,NH,NH,SENTINEL,1998-04-20,1998,17,199817,0.0,9.0,9.0,,,9.0,INF_ALL,,17.770000000000003,10.190000000000001,24.259999999999998,2.312857142857144,10,10,True
WPR,JPN,Japan,JP,NH,NH,SENTINEL,1998-04-27,1998,18,199818,0.0,3.0,3.0,,,3.0,INF_ALL,,17.587142857142858,11.01,25.25,-0.18285714285714505,10,10,True
WPR,JPN,Japan,JP,NH,NH,SENTINEL,1998-05-04,1998,19,199819,0.0,3.0,3.0,,,3.0,INF_ALL,,17.81714285714286,11.41,24.6,0.23000000000000043,10,10,True
WPR,JPN,Japan,JP,NH,NH,SENTINEL,1998-05-11,1998,20,199820,0.0,11.0,11.0,,,11.0,INF_ALL,,17.821428571428573,11.55,25.03,0.004285714285714448,10,10,True
WPR,JPN,Japan,JP,NH,NH,SENTINEL,1998-05-18,1998,21,199821,0.0,1.0,1.0,,,1.0,INF_ALL,,19.861428571428572,14.0,26.130000000000003,2.039999999999999,10,10,True
WPR,JPN,Japan,JP,NH,NH,SENTINEL,1998-05-25,1998,22,199822,0.0,0.0,,,,0.0,INF_A + INF_B,,19.64,14.030000000000001,25.08,-0.22142857142857153,10,10,True
WPR,JPN,Japan,JP,NH,NH,SENTINEL,1998-06-01,1998,23,199823,0.0,18.0,18.0,,,18.0,INF_ALL,,18.411428571428573,14.069999999999999,24.36,-1.2285714285714278,10,10,True
WPR,JPN,Japan,JP,NH,NH,SENTINEL,1998-06-08,1998,24,199824,0.0,3.0,3.0,,,3.0,INF_ALL,,19.762857142857143,15.169999999999998,24.8,1.3514285714285705,10,10,True
WPR,JPN,Japan,JP,NH,NH,SENTINEL,1998-06-15,1998,25,199825,0.0,3.0,3.0,,,3.0,INF_ALL,,21.165714285714284,16.16,27.18,1.4028571428571404,10,10,True
WPR,JPN,Japan,JP,NH,NH,SENTINEL,1998-06-22,1998,26,199826,0.0,0.0,,,,0.0,INF_A + INF_B,,22.53857142857143,17.77,28.7,1.3728571428571463,10,10,True
WPR,JPN,Japan,JP,NH,NH,SENTINEL,1998-06-29,1998,27,199827,0.0,0.0,,,,0.0,INF_A + INF_B,,24.855714285714285,19.919999999999998,30.139999999999997,2.317142857142855,10,10,True
WPR,JPN,Japan,JP,NH,NH,SENTINEL,1998-07-06,1998,28,199828,0.0,0.0,,,,0.0,INF_A + INF_B,,25.22142857142857,20.6,30.18,0.36571428571428655,10,10,True
WPR,JPN,Japan,JP,NH,NH,SENTINEL,1998-07-13,1998,29,199829,0.0,0.0,,,,0.0,INF_A + INF_B,,22.878571428571426,18.43,27.660000000000004,-2.342857142857145,10,10,True
WPR,JPN,Japan,JP,NH,NH,SENTINEL,1998-07-20,1998,30,199830,0.0,0.0,,,,0.0,INF_A + INF_B,,24.84428571428571,20.97,29.3,1.9657142857142844,10,10,True
WPR,JPN,Japan,JP,NH,NH,SENTINEL,1998-07-27,1998,31,199831,0.0,0.0,,,,0.0,INF_A + INF_B,,25.54,22.080000000000002,30.05,0.6957142857142884,10,10,True
WPR,JPN,Japan,JP,NH,NH,SENTINEL,1998-08-03,1998,32,199832,0.0,0.0,,,,0.0,INF_A + INF_B,,26.001428571428573,21.759999999999998,30.410000000000004,0.4614285714285735,10,10,True
WPR,JPN,Japan,JP,NH,NH,SENTINEL,1998-08-10,1998,33,199833,0.0,0.0,,,,0.0,INF_A + INF_B,,26.015714285714285,21.66,30.29,0.014285714285712459,10,10,True
WPR,JPN,Japan,JP,NH,NH,SENTINEL,1998-08-17,1998,34,199834,0.0,0.0,,,,0.0,INF_A + INF_B,,25.93285714285714,21.580000000000002,30.48,-0.08285714285714363,10,10,True
WPR,JPN,Japan,JP,NH,NH,SENTINEL,1998-08-24,1998,35,199835,0.0,0.0,,,,0.0,INF_A + INF_B,,25.24142857142857,22.02,29.53,-0.6914285714285704,10,10,True
WPR,JPN,Japan,JP,NH,NH,SENTINEL,1998-08-31,1998,36,199836,0.0,0.0,,,,0.0,INF_A + INF_B,,23.442857142857143,19.46,27.810000000000002,-1.798571428571428,10,10,True
WPR,JPN,Japan,JP,NH,NH,SENTINEL,1998-09-07,1998,37,199837,0.0,0.0,,,,0.0,INF_A + INF_B,,24.172857142857143,19.46,29.389999999999997,0.7300000000000004,10,10,True
WPR,JPN,Japan,JP,NH,NH,SENTINEL,1998-09-14,1998,38,199838,0.0,0.0,,,,0.0,INF_A + INF_B,,23.845714285714287,18.78,29.46,-0.3271428571428565,10,10,True
WPR,JPN,Japan,JP,NH,NH,SENTINEL,1998-09-21,1998,39,199839,1.0,,1.0,,,1.0,INF_ALL,,22.97714285714286,18.91,28.52,-0.8685714285714283,10,10,True
WPR,JPN,Japan,JP,NH,NH,SENTINEL,1998-09-28,1998,40,199840,0.0,0.0,,,,0.0,INF_A + INF_B,,21.395714285714284,16.130000000000003,27.0,-1.5814285714285745,10,10,True
WPR,JPN,Japan,JP,NH,NH,SENTINEL,1998-10-05,1998,41,199841,1.0,,1.0,,,1.0,INF_ALL,,19.55857142857143,13.98,24.91,-1.8371428571428545,10,10,True
WPR,JPN,Japan,JP,NH,NH,SENTINEL,1998-10-12,1998,42,199842,0.0,0.0,,,,0.0,INF_A + INF_B,,20.494285714285716,15.02,25.77,0.9357142857142868,10,10,True
WPR,JPN,Japan,JP,NH,NH,SENTINEL,1998-10-19,1998,43,199843,1.0,,1.0,,,1.0,INF_ALL,,16.637142857142855,12.39,21.68,-3.857142857142861,10,10,True
WPR,JPN,Japan,JP,NH,NH,SENTINEL,1998-10-26,1998,44,199844,,,,,,,Missing,,16.51142857142857,11.39,21.28,-0.12571428571428456,10,10,True
WPR,JPN,Japan,JP,NH,NH,SENTINEL,1998-11-02,1998,45,199845,3.0,0.0,3.0,,,3.0,INF_ALL,,14.657142857142858,9.51,20.6,-1.8542857142857123,10,10,True
WPR,JPN,Japan,JP,NH,NH,SENTINEL,1998-11-09,1998,46,199846,2.0,9.0,11.0,,,11.0,INF_ALL,,13.030000000000001,7.37,20.34,-1.6271428571428572,10,10,True
WPR,JPN,Japan,JP,NH,NH,SENTINEL,1998-11-16,1998,47,199847,10.0,0.0,10.0,,,10.0,INF_ALL,,9.064285714285713,3.29,19.43,-3.965714285714288,10,10,True
WPR,JPN,Japan,JP,NH,NH,SENTINEL,1998-11-23,1998,48,199848,6.0,15.0,21.0,,,21.0,INF_ALL,,9.172857142857143,4.34,14.45,0.10857142857143032,10,10,True
WPR,JPN,Japan,JP,NH,NH,SENTINEL,1998-11-30,1998,49,199849,9.0,17.0,26.0,,,26.0,INF_ALL,,8.645714285714286,3.7600000000000002,15.059999999999999,-0.5271428571428576,10,10,True
WPR,JPN,Japan,JP,NH,NH,SENTINEL,1998-12-07,1998,50,199850,50.0,19.0,69.0,,,69.0,INF_ALL,,6.948571428571428,1.85,13.570000000000002,-1.6971428571428575,10,10,True
WPR,JPN,Japan,JP,NH,NH,SENTINEL,1998-12-14,1998,51,199851,88.0,11.0,99.0,,,99.0,INF_ALL,,8.598571428571429,3.1000000000000005,14.6,1.6500000000000004,10,10,True
WPR,JPN,Japan,JP,NH,NH,SENTINEL,1998-12-21,1998,52,199852,70.0,5.0,75.0,,,75.0,INF_ALL,,6.864285714285714,2.3800000000000003,12.510000000000002,-1.7342857142857149,10,10,True
WPR,JPN,Japan,JP,NH,NH,SENTINEL,1998-12-28,1998,53,199853,689.0,16.0,705.0,,,705.0,INF_ALL,,5.0442857142857145,0.9900000000000002,12.11,-1.8199999999999994,10,10,True
WPR,JPN,Japan,JP,NH,NH,SENTINEL,1999-01-04,1999,1,199901,1040.0,40.0,1080.0,,,1080.0,INF_ALL,,3.3600000000000008,-1.8099999999999998,11.08,-1.6842857142857137,10,10,True
WPR,JPN,Japan,JP,NH,NH,SENTINEL,1999-01-11,1999,2,199902,1292.0,135.0,1427.0,,,1427.0,INF_ALL,,3.5457142857142854,-0.30999999999999994,8.540000000000001,0.1857142857142846,10,10,True
WPR,JPN,Japan,JP,NH,NH,SENTINEL,1999-01-18,1999,3,199903,985.0,208.0,1193.0,,,1193.0,INF_ALL,,5.327142857142857,-0.36,11.53,1.781428571428572,10,10,True
WPR,JPN,Japan,JP,NH,NH,SENTINEL,1999-01-25,1999,4,199904,543.0,343.0,886.0,,,886.0,INF_ALL,,4.654285714285715,-1.15,11.6,-0.6728571428571426,10,10,True
WPR,JPN,Japan,JP,NH,NH,SENTINEL,1999-02-01,1999,5,199905,182.0,381.0,563.0,,,563.0,INF_ALL,,2.5899999999999994,-3.5900000000000007,9.84,-2.0642857142857154,10,10,True
WPR,JPN,Japan,JP,NH,NH,SENTINEL,1999-02-08,1999,6,199906,106.0,487.0,593.0,,,593.0,INF_ALL,,3.467142857142857,-1.9099999999999997,10.23,0.8771428571428577,10,10,True
WPR,JPN,Japan,JP,NH,NH,SENTINEL,1999-02-15,1999,7,199907,48.0,530.0,578.0,,,578.0,INF_ALL,,4.538571428571428,-1.52,13.66,1.0714285714285712,10,10,True
WPR,JPN,Japan,JP,NH,NH,SENTINEL,1999-02-22,1999,8,199908,19.0,576.0,595.0,,,595.0,INF_ALL,,5.707142857142857,-0.82,13.459999999999999,1.168571428571429,10,10,True
WPR,JPN,Japan,JP,NH,NH,SENTINEL,1999-03-01,1999,9,199909,17.0,556.0,573.0,,,573.0,INF_ALL,,8.045714285714286,1.27,16.259999999999998,2.338571428571429,10,10,True
WPR,JPN,Japan,JP,NH,NH,SENTINEL,1999-03-08,1999,10,199910,2.0,372.0,374.0,,,374.0,INF_ALL,,6.662857142857144,1.07,15.679999999999998,-1.3828571428571426,10,10,True
WPR,JPN,Japan,JP,NH,NH,SENTINEL,1999-03-15,1999,11,199911,2.0,142.0,144.0,,,144.0,INF_ALL,,9.82857142857143,2.53,17.919999999999998,3.1657142857142855,10,10,True
WPR,JPN,Japan,JP,NH,NH,SENTINEL,1999-03-22,1999,12,199912,0.0,125.0,125.0,,,125.0,INF_ALL,,8.527142857142858,0.31000000000000005,17.23,-1.3014285714285716,10,10,True
WPR,JPN,Japan,JP,NH,NH,SENTINEL,1999-03-29,1999,13,199913,0.0,66.0,66.0,,,66.0,INF_ALL,,8.632857142857144,2.54,18.21,0.10571428571428676,10,10,True
WPR,JPN,Japan,JP,NH,NH,SENTINEL,1999-04-05,1999,14,199914,1.0,78.0,79.0,,,79.0,INF_ALL,,9.951428571428572,2.1599999999999997,18.02,1.3185714285714276,10,10,True
WPR,JPN,Japan,JP,NH,NH,SENTINEL,1999-04-12,1999,15,199915,0.0,76.0,76.0,,,76.0,INF_ALL,,12.592857142857143,5.92,19.14,2.6414285714285715,10,10,True
WPR,JPN,Japan,JP,NH,NH,SENTINEL,1999-04-19,1999,16,199916,0.0,18.0,18.0,,,18.0,INF_ALL,,14.65857142857143,8.959999999999999,21.330000000000002,2.065714285714286,10,10,True
WPR,JPN,Japan,JP,NH,NH,SENTINEL,1999-04-26,1999,17,199917,0.0,6.0,6.0,,,6.0,INF_ALL,,13.94857142857143,6.32,21.04,-0.7099999999999991,10,10,True
WPR,JPN,Japan,JP,NH,NH,SENTINEL,1999-05-03,1999,18,199918,0.0,5.0,5.0,,,5.0,INF_ALL,,16.107142857142854,9.3,22.619999999999997,2.158571428571424,10,10,True
WPR,JPN,Japan,JP,NH,NH,SENTINEL,1999-05-10,1999,19,199919,0.0,5.0,5.0,,,5.0,INF_ALL,,16.875714285714288,10.129999999999999,23.44,0.768571428571434,10,10,True
WPR,JPN,Japan,JP,NH,NH,SENTINEL,1999-05-17,1999,20,199920,0.0,1.0,1.0,,,1.0,INF_ALL,,18.36714285714286,11.809999999999999,25.47,1.491428571428571,10,10,True
WPR,JPN,Japan,JP,NH,NH,SENTINEL,1999-05-24,1999,21,199921,1.0,0.0,1.0,,,1.0,INF_ALL,,18.181428571428572,12.26,24.0,-0.18571428571428683,10,10,True
WPR,JPN,Japan,JP,NH,NH,SENTINEL,1999-05-31,1999,22,199922,0.0,0.0,,,,0.0,INF_A + INF_B,,20.445714285714285,13.680000000000001,25.93,2.2642857142857125,10,10,True
WPR,JPN,Japan,JP,NH,NH,SENTINEL,1999-06-07,1999,23,199923,0.0,0.0,,,,0.0,INF_A + INF_B,,20.54,14.330000000000002,26.57,0.0942857142857143,10,10,True
WPR,JPN,Japan,JP,NH,NH,SENTINEL,1999-06-14,1999,24,199924,0.0,0.0,,,,0.0,INF_A + INF_B,,21.607142857142858,16.630000000000003,28.43,1.0671428571428585,10,10,True
WPR,JPN,Japan,JP,NH,NH,SENTINEL,1999-06-21,1999,25,199925,0.0,0.0,,,,0.0,INF_A + INF_B,,21.517142857142858,16.34,26.919999999999998,-0.08999999999999986,10,10,True
WPR,JPN,Japan,JP,NH,NH,SENTINEL,1999-06-28,1999,26,199926,0.0,0.0,,,,0.0,INF_A + INF_B,,21.974285714285713,17.759999999999998,26.589999999999996,0.4571428571428555,10,10,True
WPR,JPN,Japan,JP,NH,NH,SENTINEL,1999-07-05,1999,27,199927,0.0,0.0,,,,0.0,INF_A + INF_B,,21.812857142857144,17.080000000000002,27.419999999999998,-0.16142857142856926,10,10,True
WPR,JPN,Japan,JP,NH,NH,SENTINEL,1999-07-12,1999,28,199928,0.0,0.0,,,,0.0,INF_A + INF_B,,23.95,20.79,28.080000000000002,2.1371428571428552,10,10,True
WPR,JPN,Japan,JP,NH,NH,SENTINEL,1999-07-19,1999,29,199929,0.0,0.0,,,,0.0,INF_A + INF_B,,25.669999999999998,21.84,30.29,1.7199999999999989,10,10,True
WPR,JPN,Japan,JP,NH,NH,SENTINEL,1999-07-26,1999,30,199930,0.0,0.0,,,,0.0,INF_A + INF_B,,26.315714285714286,23.34,30.48,0.6457142857142877,10,10,True
WPR,JPN,Japan,JP,NH,NH,SENTINEL,1999-08-02,1999,31,199931,0.0,0.0,,,,0.0,INF_A + INF_B,,26.672857142857147,23.54,30.910000000000004,0.3571428571428612,10,10,True
WPR,JPN,Japan,JP,NH,NH,SENTINEL,1999-08-09,1999,32,199932,0.0,0.0,,,,0.0,INF_A + INF_B,,26.354285714285716,22.89,31.01,-0.31857142857143117,10,10,True
WPR,JPN,Japan,JP,NH,NH,SENTINEL,1999-08-16,1999,33,199933,1.0,0.0,1.0,,,1.0,INF_ALL,,26.21142857142857,23.43,30.45,-0.1428571428571459,10,10,True
WPR,JPN,Japan,JP,NH,NH,SENTINEL,1999-08-23,1999,34,199934,0.0,0.0,,,,0.0,INF_A + INF_B,,24.979999999999997,20.48,29.619999999999997,-1.231428571428573,10,10,True
WPR,JPN,Japan,JP,NH,NH,SENTINEL,1999-08-30,1999,35,199935,0.0,0.0,,,,0.0,INF_A + INF_B,,24.678571428571427,20.47,29.73,-0.3014285714285698,10,10,True
WPR,JPN,Japan,JP,NH,NH,SENTINEL,1999-09-06,1999,36,199936,0.0,0.0,,,,0.0,INF_A + INF_B,,25.268571428571427,21.22,29.6,0.5899999999999999,10,10,True
WPR,JPN,Japan,JP,NH,NH,SENTINEL,1999-09-13,1999,37,199937,0.0,0.0,,,,0.0,INF_A + INF_B,,24.06714285714286,20.02,29.43,-1.2014285714285684,10,10,True
WPR,JPN,Japan,JP,NH,NH,SENTINEL,1999-09-20,1999,38,199938,0.0,0.0,,,,0.0,INF_A + INF_B,,23.224285714285713,18.15,28.85,-0.8428571428571452,10,10,True
WPR,JPN,Japan,JP,NH,NH,SENTINEL,1999-09-27,1999,39,199939,0.0,0.0,,,,0.0,INF_A + INF_B,,21.814285714285713,15.85,27.619999999999997,-1.4100000000000001,10,10,True
WPR,JPN,Japan,JP,NH,NH,SENTINEL,1999-10-04,1999,40,199940,0.0,0.0,,,,0.0,INF_A + INF_B,,18.962857142857143,13.729999999999999,23.86,-2.8514285714285705,10,10,True
WPR,JPN,Japan,JP,NH,NH,SENTINEL,1999-10-11,1999,41,199941,1.0,0.0,1.0,,,1.0,INF_ALL,,19.257142857142856,11.469999999999999,25.619999999999997,0.2942857142857136,10,10,True
WPR,JPN,Japan,JP,NH,NH,SENTINEL,1999-10-18,1999,42,199942,0.0,0.0,,,,0.0,INF_A + INF_B,,15.245714285714286,9.4,21.07,-4.011428571428571,10,10,True
WPR,JPN,Japan,JP,NH,NH,SENTINEL,1999-10-25,1999,43,199943,1.0,0.0,1.0,,,1.0,INF_ALL,,15.81142857142857,9.44,21.91,0.5657142857142841,10,10,True
WPR,JPN,Japan,JP,NH,NH,SENTINEL,1999-11-01,1999,44,199944,7.0,0.0,7.0,,,7.0,INF_ALL,,13.475714285714286,8.74,20.34,-2.3357142857142836,10,10,True
WPR,JPN,Japan,JP,NH,NH,SENTINEL,1999-11-08,1999,45,199945,4.0,0.0,4.0,,,4.0,INF_ALL,,13.724285714285713,7.92,19.35,0.24857142857142733,10,10,True
WPR,JPN,Japan,JP,NH,NH,SENTINEL,1999-11-15,1999,46,199946,13.0,0.0,13.0,,,13.0,INF_ALL,,11.09,5.79,18.34,-2.6342857142857135,10,10,True
WPR,JPN,Japan,JP,NH,NH,SENTINEL,1999-11-22,1999,47,199947,44.0,0.0,44.0,,,44.0,INF_ALL,,10.987142857142857,4.5,18.45,-0.1028571428571432,10,10,True
WPR,JPN,Japan,JP,NH,NH,SENTINEL,1999-11-29,1999,48,199948,84.0,1.0,85.0,,,85.0,INF_ALL,,8.198571428571428,3.29,13.540000000000001,-2.7885714285714283,10,10,True
WPR,JPN,Japan,JP,NH,NH,SENTINEL,1999-12-06,1999,49,199949,183.0,1.0,184.0,,,184.0,INF_ALL,,7.524285714285715,2.6100000000000003,13.7,-0.6742857142857135,10,10,True
WPR,JPN,Japan,JP,NH,NH,SENTINEL,1999-12-13,1999,50,199950,262.0,0.0,262.0,,,262.0,INF_ALL,,5.821428571428571,0.8200000000000001,11.459999999999999,-1.7028571428571437,10,10,True
WPR,JPN,Japan,JP,NH,NH,SENTINEL,1999-12-20,1999,51,199951,146.0,0.0,146.0,,,146.0,INF_ALL,,3.6914285714285713,-0.5700000000000001,9.809999999999999,-2.13,10,10,True
WPR,JPN,Japan,JP,NH,NH,SENTINEL,1999-12-27,1999,52,199952,405.0,0.0,405.0,,,405.0,INF_ALL,,6.315714285714286,0.99,12.14,2.6242857142857146,10,10,True
WPR,JPN,Japan,JP,NH,NH,SENTINEL,2000-01-03,2000,1,200001,683.0,0.0,683.0,,,683.0,INF_ALL,,7.211428571428572,1.7,14.809999999999999,0.8957142857142859,10,10,True
WPR,JPN,Japan,JP,NH,NH,SENTINEL,2000-01-10,2000,2,200002,1444.0,0.0,1444.0,,,1444.0,INF_ALL,,6.532857142857142,1.9000000000000004,12.11,-0.6785714285714297,10,10,True
WPR,JPN,Japan,JP,NH,NH,SENTINEL,2000-01-17,2000,3,200003,1054.0,0.0,1054.0,,,1054.0,INF_ALL,,4.164285714285715,-1.1199999999999999,10.77,-2.3685714285714274,10,10,True
WPR,JPN,Japan,JP,NH,NH,SENTINEL,2000-01-24,2000,4,200004,979.0,1.0,980.0,,,980.0,INF_ALL,,3.0114285714285716,-3.0000000000000004,10.870000000000001,-1.152857142857143,10,10,True
WPR,JPN,Japan,JP,NH,NH,SENTINEL,2000-01-31,2000,5,200005,616.0,0.0,616.0,,,616.0,INF_ALL,,3.9657142857142853,-0.6600000000000001,9.47,0.9542857142857137,10,10,True
WPR,JPN,Japan,JP,NH,NH,SENTINEL,2000-02-07,2000,6,200006,460.0,0.0,460.0,,,460.0,INF_ALL,,3.934285714285714,-0.95,10.12,-0.03142857142857114,10,10,True
WPR,JPN,Japan,JP,NH,NH,SENTINEL,2000-02-14,2000,7,200007,318.0,1.0,319.0,,,319.0,INF_ALL,,3.0114285714285716,-1.5300000000000002,9.99,-0.9228571428571426,10,10,True
WPR,JPN,Japan,JP,NH,NH,SENTINEL,2000-02-21,2000,8,200008,210.0,0.0,210.0,,,210.0,INF_ALL,,2.4885714285714284,-1.54,7.290000000000001,-0.5228571428571431,10,10,True
WPR,JPN,Japan,JP,NH,NH,SENTINEL,2000-02-28,2000,9,200009,121.0,0.0,121.0,,,121.0,INF_ALL,,5.557142857142857,-1.4300000000000002,14.1,3.0685714285714285,10,10,True
WPR,JPN,Japan,JP,NH,NH,SENTINEL,2000-03-06,2000,10,200010,66.0,1.0,67.0,,,67.0,INF_ALL,,4.837142857142857,0.030000000000000006,12.29,-0.7199999999999998,10,10,True
WPR,JPN,Japan,JP,NH,NH,SENTINEL,2000-03-13,2000,11,200011,22.0,0.0,22.0,,,22.0,INF_ALL,,6.857142857142857,0.010000000000000054,14.540000000000001,2.0199999999999996,10,10,True
WPR,JPN,Japan,JP,NH,NH,SENTINEL,2000-03-20,2000,12,200012,14.0,0.0,14.0,,,14.0,INF_ALL,,7.031428571428572,0.7000000000000001,14.35,0.17428571428571527,10,10,True
WPR,JPN,Japan,JP,NH,NH,SENTINEL,2000-03-27,2000,13,200013,6.0,1.0,7.0,,,7.0,INF_ALL,,9.34,1.8,16.23,2.308571428571428,10,10,True
WPR,JPN,Japan,JP,NH,NH,SENTINEL,2000-04-03,2000,14,200014,4.0,1.0,5.0,,,5.0,INF_ALL,,10.715714285714284,4.35,17.39,1.3757142857142846,10,10,True
WPR,JPN,Japan,JP,NH,NH,SENTINEL,2000-04-10,2000,15,200015,0.0,0.0,,,,0.0,INF_A + INF_B,,11.321428571428571,5.04,19.41,0.6057142857142868,10,10,True
WPR,JPN,Japan,JP,NH,NH,SENTINEL,2000-04-17,2000,16,200016,0.0,0.0,,,,0.0,INF_A + INF_B,,12.995714285714286,5.13,19.54,1.6742857142857144,10,10,True
WPR,JPN,Japan,JP,NH,NH,SENTINEL,2000-04-24,2000,17,200017,1.0,0.0,1.0,,,1.0,INF_ALL,,12.634285714285715,6.7,19.31,-0.3614285714285703,10,10,True
WPR,JPN,Japan,JP,NH,NH,SENTINEL,2000-05-01,2000,18,200018,0.0,1.0,1.0,,,1.0,INF_ALL,,15.462857142857143,8.870000000000001,22.34,2.8285714285714274,10,10,True
WPR,JPN,Japan,JP,NH,NH,SENTINEL,2000-05-08,2000,19,200019,0.0,0.0,,,,0.0,INF_A + INF_B,,16.97,11.690000000000001,24.080000000000002,1.5071428571428562,10,10,True
WPR,JPN,Japan,JP,NH,NH,SENTINEL,2000-05-15,2000,20,200020,0.0,0.0,,,,0.0,INF_A + INF_B,,16.651428571428575,11.68,22.490000000000002,-0.31857142857142406,10,10,True
WPR,JPN,Japan,JP,NH,NH,SENTINEL,2000-05-22,2000,21,200021,0.0,0.0,,,,0.0,INF_A + INF_B,,19.917142857142856,13.309999999999999,26.830000000000002,3.2657142857142816,10,10,True
WPR,JPN,Japan,JP,NH,NH,SENTINEL,2000-05-29,2000,22,200022,1.0,0.0,1.0,,,1.0,INF_ALL,,19.744285714285716,14.63,25.99,-0.17285714285713993,10,10,True
WPR,JPN,Japan,JP,NH,NH,SENTINEL,2000-06-05,2000,23,200023,0.0,0.0,,,,0.0,INF_A + INF_B,,19.755714285714284,13.86,26.55,0.011428571428567125,10,10,True
WPR,JPN,Japan,JP,NH,NH,SENTINEL,2000-06-12,2000,24,200024,0.0,0.0,,,,0.0,INF_A + INF_B,,20.351428571428574,15.290000000000001,26.660000000000004,0.5957142857142905,10,10,True
WPR,JPN,Japan,JP,NH,NH,SENTINEL,2000-06-19,2000,25,200025,0.0,1.0,1.0,,,1.0,INF_ALL,,22.585714285714285,18.27,27.869999999999997,2.2342857142857113,10,10,True
WPR,JPN,Japan,JP,NH,NH,SENTINEL,2000-06-26,2000,26,200026,0.0,0.0,,,,0.0,INF_A + INF_B,,23.744285714285713,19.0,29.369999999999997,1.1585714285714275,10,10,True
WPR,JPN,Japan,JP,NH,NH,SENTINEL,2000-07-03,2000,27,200027,0.0,0.0,,,,0.0,INF_A + INF_B,,23.88142857142857,19.4,28.8,0.1371428571428588,10,10,True
WPR,JPN,Japan,JP,NH,NH,SENTINEL,2000-07-10,2000,28,200028,0.0,0.0,,,,0.0,INF_A + INF_B,,25.247142857142858,20.27,30.04,1.3657142857142865,10,10,True
WPR,JPN,Japan,JP,NH,NH,SENTINEL,2000-07-17,2000,29,200029,0.0,0.0,,,,0.0,INF_A + INF_B,,26.515714285714285,22.240000000000002,31.53,1.268571428571427,10,10,True
WPR,JPN,Japan,JP,NH,NH,SENTINEL,2000-07-24,2000,30,200030,0.0,1.0,1.0,,,1.0,INF_ALL,,25.725714285714286,21.81,30.8,-0.7899999999999991,10,10,True
WPR,JPN,Japan,JP,NH,NH,SENTINEL,2000-07-31,2000,31,200031,2.0,0.0,2.0,,,2.0,INF_ALL,,26.374285714285712,22.830000000000002,31.24,0.6485714285714259,10,10,True
WPR,JPN,Japan,JP,NH,NH,SENTINEL,2000-08-07,2000,32,200032,0.0,0.0,,,,0.0,INF_A + INF_B,,26.178571428571427,22.66,30.860000000000003,-0.19571428571428484,10,10,True
WPR,JPN,Japan,JP,NH,NH,SENTINEL,2000-08-14,2000,33,200033,0.0,0.0,,,,0.0,INF_A + INF_B,,25.85285714285714,21.9,30.57,-0.3257142857142874,10,10,True
WPR,JPN,Japan,JP,NH,NH,SENTINEL,2000-08-21,2000,34,200034,0.0,0.0,,,,0.0,INF_A + INF_B,,26.777142857142856,22.52,31.880000000000003,0.9242857142857162,10,10,True
WPR,JPN,Japan,JP,NH,NH,SENTINEL,2000-08-28,2000,35,200035,1.0,0.0,1.0,,,1.0,INF_ALL,,26.254285714285714,21.64,31.660000000000004,-0.5228571428571414,10,10,True
WPR,JPN,Japan,JP,NH,NH,SENTINEL,2000-09-04,2000,36,200036,0.0,0.0,,,,0.0,INF_A + INF_B,,23.935714285714283,19.19,28.880000000000003,-2.318571428571431,10,10,True
WPR,JPN,Japan,JP,NH,NH,SENTINEL,2000-09-11,2000,37,200037,0.0,0.0,,,,0.0,INF_A + INF_B,,24.298571428571428,20.380000000000003,29.410000000000004,0.36285714285714477,10,10,True
WPR,JPN,Japan,JP,NH,NH,SENTINEL,2000-09-18,2000,38,200038,0.0,1.0,1.0,,,1.0,INF_ALL,,21.677142857142858,16.85,26.54,-2.62142857142857,10,10,True
WPR,JPN,Japan,JP,NH,NH,SENTINEL,2000-09-25,2000,39,200039,0.0,0.0,,,,0.0,INF_A + INF_B,,19.77285714285714,14.580000000000002,25.02,-1.9042857142857166,10,10,True
WPR,JPN,Japan,JP,NH,NH,SENTINEL,2000-10-02,2000,40,200040,0.0,0.0,,,,0.0,INF_A + INF_B,,19.235714285714288,14.45,23.919999999999998,-0.5371428571428538,10,10,True
WPR,JPN,Japan,JP,NH,NH,SENTINEL,2000-10-09,2000,41,200041,0.0,0.0,,,,0.0,INF_A + INF_B,,18.419999999999998,13.52,24.31,-0.8157142857142894,10,10,True
WPR,JPN,Japan,JP,NH,NH,SENTINEL,2000-10-16,2000,42,200042,0.0,0.0,,,,0.0,INF_A + INF_B,,16.387142857142855,10.42,21.490000000000002,-2.032857142857143,10,10,True
WPR,JPN,Japan,JP,NH,NH,SENTINEL,2000-10-23,2000,43,200043,0.0,1.0,1.0,,,1.0,INF_ALL,,16.475714285714286,11.059999999999999,22.18,0.08857142857143074,10,10,True
WPR,JPN,Japan,JP,NH,NH,SENTINEL,2000-10-30,2000,44,200044,0.0,0.0,,,,0.0,INF_A + INF_B,,15.578571428571427,9.43,21.86,-0.8971428571428586,10,10,True
WPR,JPN,Japan,JP,NH,NH,SENTINEL,2000-11-06,2000,45,200045,0.0,0.0,,,,0.0,INF_A + INF_B,,13.34714285714286,8.43,20.84,-2.2314285714285678,10,10,True
WPR,JPN,Japan,JP,NH,NH,SENTINEL,2000-11-13,2000,46,200046,1.0,0.0,1.0,,,1.0,INF_ALL,,11.651428571428571,6.14,17.669999999999998,-1.6957142857142884,10,10,True
WPR,JPN,Japan,JP,NH,NH,SENTINEL,2000-11-20,2000,47,200047,2.0,0.0,2.0,,,2.0,INF_ALL,,10.728571428571428,4.68,18.06,-0.9228571428571435,10,10,True
WPR,JPN,Japan,JP,NH,NH,SENTINEL,2000-11-27,2000,48,200048,0.0,1.0,1.0,,,1.0,INF_ALL,,8.674285714285714,3.59,14.440000000000001,-2.0542857142857134,10,10,True
WPR,JPN,Japan,JP,NH,NH,SENTINEL,2000-12-04,2000,49,200049,11.0,0.0,11.0,,,11.0,INF_ALL,,7.762857142857143,2.8900000000000006,14.719999999999999,-0.911428571428571,10,10,True
WPR,JPN,Japan,JP,NH,NH,SENTINEL,2000-12-11,2000,50,200050,10.0,2.0,12.0,,,12.0,INF_ALL,,5.961428571428572,1.7400000000000002,12.53,-1.8014285714285716,10,10,True
WPR,JPN,Japan,JP,NH,NH,SENTINEL,2000-12-25,2000,52,200052,5.0,1.0,6.0,,,6.0,INF_ALL,,4.292857142857143,-0.1199999999999997,10.58,-3.418571428571429,10,10,True
WPR,JPN,Japan,JP,NH,NH,SENTINEL,2001-01-01,2001,1,200101,17.0,8.0,25.0,,,25.0,INF_ALL,,3.5371428571428574,-0.45999999999999996,9.489999999999998,-0.7557142857142853,10,10,True
WPR,JPN,Japan,JP,NH,NH,SENTINEL,2001-01-08,2001,2,200102,55.0,23.0,78.0,,,78.0,INF_ALL,,3.3214285714285716,-3.1100000000000003,10.790000000000001,-0.21571428571428575,10,10,True
WPR,JPN,Japan,JP,NH,NH,SENTINEL,2001-01-15,2001,3,200103,81.0,61.0,142.0,,,142.0,INF_ALL,,0.9614285714285714,-4.6499999999999995,7.57,-2.3600000000000003,10,10,True
WPR,JPN,Japan,JP,NH,NH,SENTINEL,2001-01-22,2001,4,200104,93.0,118.0,211.0,,,211.0,INF_ALL,,3.575714285714286,-1.5799999999999998,8.48,2.6142857142857148,10,10,True
WPR,JPN,Japan,JP,NH,NH,SENTINEL,2001-01-29,2001,5,200105,212.0,182.0,394.0,,,394.0,INF_ALL,,2.477142857142857,-2.5,8.559999999999999,-1.0985714285714292,10,10,True
WPR,JPN,Japan,JP,NH,NH,SENTINEL,2001-02-05,2001,6,200106,159.0,111.0,270.0,,,270.0,INF_ALL,,3.47,-1.7400000000000002,9.3,0.9928571428571433,10,10,True
WPR,JPN,Japan,JP,NH,NH,SENTINEL,2001-02-12,2001,7,200107,338.0,231.0,569.0,,,569.0,INF_ALL,,2.2557142857142853,-3.0100000000000002,10.05,-1.2142857142857149,10,10,True
WPR,JPN,Japan,JP,NH,NH,SENTINEL,2001-02-19,2001,8,200108,363.0,229.0,592.0,,,592.0,INF_ALL,,6.345714285714285,-0.6400000000000001,13.979999999999999,4.09,10,10,True
WPR,JPN,Japan,JP,NH,NH,SENTINEL,2001-02-26,2001,9,200109,395.0,277.0,672.0,,,672.0,INF_ALL,,5.932857142857143,-0.3300000000000002,12.819999999999999,-0.4128571428571419,10,10,True
WPR,JPN,Japan,JP,NH,NH,SENTINEL,2001-03-05,2001,10,200110,314.0,257.0,571.0,,,571.0,INF_ALL,,3.982857142857143,-1.65,12.3,-1.9500000000000002,10,10,True
WPR,JPN,Japan,JP,NH,NH,SENTINEL,2001-03-12,2001,11,200111,169.0,166.0,335.0,,,335.0,INF_ALL,,6.758571428571429,-0.4499999999999999,14.419999999999998,2.775714285714286,10,10,True
WPR,JPN,Japan,JP,NH,NH,SENTINEL,2001-03-19,2001,12,200112,137.0,149.0,286.0,,,286.0,INF_ALL,,11.075714285714286,3.62,18.39,4.317142857142857,10,10,True
WPR,JPN,Japan,JP,NH,NH,SENTINEL,2001-03-26,2001,13,200113,114.0,130.0,244.0,,,244.0,INF_ALL,,7.897142857142858,1.39,15.280000000000001,-3.178571428571428,10,10,True
WPR,JPN,Japan,JP,NH,NH,SENTINEL,2001-04-02,2001,14,200114,74.0,101.0,175.0,,,175.0,INF_ALL,,11.061428571428571,2.67,19.02,3.1642857142857137,10,10,True
WPR,JPN,Japan,JP,NH,NH,SENTINEL,2001-04-09,2001,15,200115,54.0,79.0,133.0,,,133.0,INF_ALL,,13.508571428571429,6.74,21.21,2.4471428571428575,10,10,True
WPR,JPN,Japan,JP,NH,NH,SENTINEL,2001-04-16,2001,16,200116,27.0,54.0,81.0,,,81.0,INF_ALL,,13.634285714285715,6.540000000000001,22.52,0.12571428571428633,10,10,True
WPR,JPN,Japan,JP,NH,NH,SENTINEL,2001-04-23,2001,17,200117,7.0,21.0,28.0,,,28.0,INF_ALL,,13.830000000000002,6.25,21.06,0.19571428571428662,10,10,True
WPR,JPN,Japan,JP,NH,NH,SENTINEL,2001-04-30,2001,18,200118,11.0,32.0,43.0,,,43.0,INF_ALL,,14.392857142857142,9.059999999999999,20.61,0.5628571428571405,10,10,True
WPR,JPN,Japan,JP,NH,NH,SENTINEL,2001-05-07,2001,19,200119,5.0,18.0,23.0,,,23.0,INF_ALL,,17.051428571428573,10.33,23.39,2.658571428571431,10,10,True
WPR,JPN,Japan,JP,NH,NH,SENTINEL,2001-05-14,2001,20,200120,2.0,11.0,13.0,,,13.0,INF_ALL,,19.017142857142858,12.58,25.8,1.9657142857142844,10,10,True
WPR,JPN,Japan,JP,NH,NH,SENTINEL,2001-05-21,2001,21,200121,3.0,7.0,10.0,,,10.0,INF_ALL,,19.22142857142857,14.88,25.19,0.20428571428571374,10,10,True
WPR,JPN,Japan,JP,NH,NH,SENTINEL,2001-05-28,2001,22,200122,0.0,10.0,10.0,,,10.0,INF_ALL,,19.509999999999998,14.169999999999998,25.35,0.2885714285714265,10,10,True
WPR,JPN,Japan,JP,NH,NH,SENTINEL,2001-06-04,2001,23,200123,1.0,12.0,13.0,,,13.0,INF_ALL,,20.89428571428571,16.35,27.15,1.3842857142857135,10,10,True
WPR,JPN,Japan,JP,NH,NH,SENTINEL,2001-06-11,2001,24,200124,0.0,5.0,5.0,,,5.0,INF_ALL,,19.864285714285714,14.76,25.95,-1.0299999999999976,10,10,True
WPR,JPN,Japan,JP,NH,NH,SENTINEL,2001-06-18,2001,25,200125,0.0,5.0,5.0,,,5.0,INF_ALL,,21.595714285714287,17.32,27.46,1.731428571428573,10,10,True
WPR,JPN,Japan,JP,NH,NH,SENTINEL,2001-06-25,2001,26,200126,0.0,4.0,4.0,,,4.0,INF_ALL,,24.45,20.4,29.3,2.8542857142857123,10,10,True
WPR,JPN,Japan,JP,NH,NH,SENTINEL,2001-07-02,2001,27,200127,1.0,1.0,2.0,,,2.0,INF_ALL,,24.695714285714285,19.79,30.55,0.24571428571428555,10,10,True
WPR,JPN,Japan,JP,NH,NH,SENTINEL,2001-07-09,2001,28,200128,0.0,0.0,,,,0.0,INF_A + INF_B,,25.78142857142857,20.57,30.76,1.0857142857142854,10,10,True
WPR,JPN,Japan,JP,NH,NH,SENTINEL,2001-07-16,2001,29,200129,0.0,0.0,,,,0.0,INF_A + INF_B,,25.85571428571429,22.0,30.78,0.07428571428571829,10,10,True
WPR,JPN,Japan,JP,NH,NH,SENTINEL,2001-07-23,2001,30,200130,0.0,0.0,,,,0.0,INF_A + INF_B,,26.31714285714286,21.45,32.29,0.46142857142856997,10,10,True
WPR,JPN,Japan,JP,NH,NH,SENTINEL,2001-07-30,2001,31,200131,0.0,0.0,,,,0.0,INF_A + INF_B,,26.7,22.44,32.39,0.3828571428571408,10,10,True
WPR,JPN,Japan,JP,NH,NH,SENTINEL,2001-08-06,2001,32,200132,0.0,0.0,,,,0.0,INF_A + INF_B,,25.387142857142855,21.6,30.1,-1.312857142857144,10,10,True
WPR,JPN,Japan,JP,NH,NH,SENTINEL,2001-08-13,2001,33,200133,0.0,0.0,,,,0.0,INF_A + INF_B,,26.025714285714287,21.56,30.6,0.6385714285714315,10,10,True
WPR,JPN,Japan,JP,NH,NH,SENTINEL,2001-08-20,2001,34,200134,1.0,0.0,1.0,,,1.0,INF_ALL,,25.042857142857144,20.6,29.630000000000003,-0.9828571428571422,10,10,True
WPR,JPN,Japan,JP,NH,NH,SENTINEL,2001-08-27,2001,35,200135,0.0,0.0,,,,0.0,INF_A + INF_B,,23.3,18.869999999999997,27.619999999999997,-1.7428571428571438,10,10,True
WPR,JPN,Japan,JP,NH,NH,SENTINEL,2001-09-03,2001,36,200136,0.0,0.0,,,,0.0,INF_A + INF_B,,23.124285714285712,18.77,28.910000000000004,-0.17571428571428882,10,10,True
WPR,JPN,Japan,JP,NH,NH,SENTINEL,2001-09-10,2001,37,200137,0.0,0.0,,,,0.0,INF_A + INF_B,,23.357142857142858,19.55,27.8,0.23285714285714576,10,10,True
WPR,JPN,Japan,JP,NH,NH,SENTINEL,2001-09-17,2001,38,200138,0.0,1.0,1.0,,,1.0,INF_ALL,,20.61714285714286,12.919999999999998,26.860000000000003,-2.7399999999999984,10,10,True
WPR,JPN,Japan,JP,NH,NH,SENTINEL,2001-09-24,2001,39,200139,0.0,0.0,,,,0.0,INF_A + INF_B,,19.619999999999997,13.469999999999999,25.1,-0.9971428571428618,10,10,True
WPR,JPN,Japan,JP,NH,NH,SENTINEL,2001-10-01,2001,40,200140,0.0,0.0,,,,0.0,INF_A + INF_B,,18.94857142857143,13.690000000000001,24.380000000000003,-0.6714285714285673,10,10,True
WPR,JPN,Japan,JP,NH,NH,SENTINEL,2001-10-08,2001,41,200141,1.0,0.0,1.0,,,1.0,INF_ALL,,18.57,13.49,23.64,-0.3785714285714299,10,10,True
WPR,JPN,Japan,JP,NH,NH,SENTINEL,2001-10-15,2001,42,200142,4.0,0.0,4.0,,,4.0,INF_ALL,,16.22,10.389999999999999,22.580000000000002,-2.3500000000000014,10,10,True
WPR,JPN,Japan,JP,NH,NH,SENTINEL,2001-10-22,2001,43,200143,1.0,0.0,1.0,,,1.0,INF_ALL,,16.419999999999998,10.7,22.6,0.1999999999999993,10,10,True
WPR,JPN,Japan,JP,NH,NH,SENTINEL,2001-10-29,2001,44,200144,1.0,0.0,1.0,,,1.0,INF_ALL,,14.497142857142856,9.25,20.23,-1.9228571428571417,10,10,True
WPR,JPN,Japan,JP,NH,NH,SENTINEL,2001-11-05,2001,45,200145,4.0,0.0,4.0,,,4.0,INF_ALL,,12.305714285714284,7.040000000000001,17.9,-2.191428571428572,10,10,True
WPR,JPN,Japan,JP,NH,NH,SENTINEL,2001-11-12,2001,46,200146,9.0,0.0,9.0,,,9.0,INF_ALL,,10.09,5.64,15.55,-2.2157142857142844,10,10,True
WPR,JPN,Japan,JP,NH,NH,SENTINEL,2001-11-19,2001,47,200147,7.0,0.0,7.0,,,7.0,INF_ALL,,10.864285714285714,5.49,17.25,0.774285714285714,10,10,True
WPR,JPN,Japan,JP,NH,NH,SENTINEL,2001-11-26,2001,48,200148,8.0,0.0,8.0,,,8.0,INF_ALL,,8.822857142857142,3.6300000000000003,14.430000000000001,-2.041428571428572,10,10,True
WPR,JPN,Japan,JP,NH,NH,SENTINEL,2001-12-03,2001,49,200149,16.0,1.0,17.0,,,17.0,INF_ALL,,7.912857142857144,3.54,13.569999999999999,-0.9099999999999984,10,10,True
WPR,JPN,Japan,JP,NH,NH,SENTINEL,2001-12-10,2001,50,200150,30.0,12.0,42.0,,,42.0,INF_ALL,,5.735714285714286,1.6,12.52,-2.177142857142858,10,10,True
WPR,JPN,Japan,JP,NH,NH,SENTINEL,2001-12-17,2001,51,200151,37.0,1.0,38.0,,,38.0,INF_ALL,,4.607142857142857,0.6,9.25,-1.128571428571429,10,10,True
WPR,JPN,Japan,JP,NH,NH,SENTINEL,2001-12-24,2001,52,200152,41.0,2.0,43.0,,,43.0,INF_ALL,,4.328571428571428,0.15999999999999984,9.28,-0.27857142857142847,10,10,True
WPR,JPN,Japan,JP,NH,NH,SENTINEL,2001-12-31,2002,1,200201,217.0,4.0,221.0,,,221.0,INF_ALL,,3.3842857142857143,-1.72,10.629999999999999,-0.944285714285714,10,10,True
WPR,JPN,Japan,JP,NH,NH,SENTINEL,2002-01-07,2002,2,200202,355.0,12.0,367.0,,,367.0,INF_ALL,,5.638571428571429,-0.5299999999999999,12.709999999999999,2.2542857142857144,10,10,True
WPR,JPN,Japan,JP,NH,NH,SENTINEL,2002-01-14,2002,3,200203,736.0,52.0,788.0,,,788.0,INF_ALL,,6.614285714285714,0.18000000000000022,14.34,0.9757142857142851,10,10,True
WPR,JPN,Japan,JP,NH,NH,SENTINEL,2002-01-21,2002,4,200204,827.0,66.0,893.0,,,893.0,INF_ALL,,4.932857142857143,0.019999999999999928,11.95,-1.6814285714285706,10,10,True
WPR,JPN,Japan,JP,NH,NH,SENTINEL,2002-01-28,2002,5,200205,930.0,86.0,1016.0,,,1016.0,INF_ALL,,3.5528571428571425,-1.1,9.309999999999999,-1.3800000000000008,10,10,True
WPR,JPN,Japan,JP,NH,NH,SENTINEL,2002-02-04,2002,6,200206,627.0,75.0,702.0,,,702.0,INF_ALL,,5.601428571428572,-0.43000000000000005,12.23,2.04857142857143,10,10,True
WPR,JPN,Japan,JP,NH,NH,SENTINEL,2002-02-11,2002,7,200207,796.0,158.0,954.0,,,954.0,INF_ALL,,3.1571428571428575,-2.17,10.169999999999998,-2.444285714285715,10,10,True
WPR,JPN,Japan,JP,NH,NH,SENTINEL,2002-02-18,2002,8,200208,569.0,154.0,723.0,,,723.0,INF_ALL,,6.218571428571428,0.35,12.8,3.0614285714285705,10,10,True
WPR,JPN,Japan,JP,NH,NH,SENTINEL,2002-02-25,2002,9,200209,383.0,204.0,587.0,,,587.0,INF_ALL,,7.557142857142857,1.07,13.75,1.338571428571429,10,10,True
WPR,JPN,Japan,JP,NH,NH,SENTINEL,2002-03-04,2002,10,200210,300.0,211.0,511.0,,,511.0,INF_ALL,,7.252857142857143,0.6500000000000001,15.3,-0.30428571428571427,10,10,True
WPR,JPN,Japan,JP,NH,NH,SENTINEL,2002-03-11,2002,11,200211,181.0,183.0,364.0,,,364.0,INF_ALL,,10.005714285714287,3.12,17.419999999999998,2.7528571428571444,10,10,True
WPR,JPN,Japan,JP,NH,NH,SENTINEL,2002-03-18,2002,12,200212,106.0,102.0,208.0,,,208.0,INF_ALL,,9.64,3.8800000000000003,18.25,-0.36571428571428655,10,10,True
WPR,JPN,Japan,JP,NH,NH,SENTINEL,2002-03-25,2002,13,200213,55.0,57.0,112.0,,,112.0,INF_ALL,,10.427142857142858,3.09,17.7,0.7871428571428574,10,10,True
WPR,JPN,Japan,JP,NH,NH,SENTINEL,2002-04-01,2002,14,200214,42.0,47.0,89.0,,,89.0,INF_ALL,,12.517142857142858,5.119999999999999,20.3,2.09,10,10,True
WPR,JPN,Japan,JP,NH,NH,SENTINEL,2002-04-08,2002,15,200215,25.0,85.0,110.0,,,110.0,INF_ALL,,12.385714285714286,5.99,20.19,-0.13142857142857167,10,10,True
WPR,JPN,Japan,JP,NH,NH,SENTINEL,2002-04-15,2002,16,200216,13.0,95.0,108.0,,,108.0,INF_ALL,,15.068571428571428,8.05,21.95,2.6828571428571415,10,10,True
WPR,JPN,Japan,JP,NH,NH,SENTINEL,2002-04-22,2002,17,200217,7.0,22.0,29.0,,,29.0,INF_ALL,,14.622857142857143,8.18,21.310000000000002,-0.44571428571428484,10,10,True
WPR,JPN,Japan,JP,NH,NH,SENTINEL,2002-04-29,2002,18,200218,4.0,40.0,44.0,,,44.0,INF_ALL,,16.684285714285714,9.95,23.72,2.0614285714285714,10,10,True
WPR,JPN,Japan,JP,NH,NH,SENTINEL,2002-05-06,2002,19,200219,3.0,38.0,41.0,,,41.0,INF_ALL,,16.487142857142857,11.01,22.66,-0.1971428571428575,10,10,True
WPR,JPN,Japan,JP,NH,NH,SENTINEL,2002-05-13,2002,20,200220,1.0,25.0,26.0,,,26.0,INF_ALL,,16.784285714285712,11.48,23.259999999999998,0.2971428571428554,10,10,True
WPR,JPN,Japan,JP,NH,NH,SENTINEL,2002-05-20,2002,21,200221,3.0,53.0,56.0,,,56.0,INF_ALL,,17.677142857142858,11.85,23.72,0.8928571428571459,10,10,True
WPR,JPN,Japan,JP,NH,NH,SENTINEL,2002-05-27,2002,22,200222,2.0,15.0,17.0,,,17.0,INF_ALL,,19.374285714285712,12.809999999999999,25.660000000000004,1.697142857142854,10,10,True
WPR,JPN,Japan,JP,NH,NH,SENTINEL,2002-06-03,2002,23,200223,0.0,4.0,4.0,,,4.0,INF_ALL,,21.664285714285715,15.62,28.21,2.2900000000000027,10,10,True
WPR,JPN,Japan,JP,NH,NH,SENTINEL,2002-06-10,2002,24,200224,0.0,6.0,6.0,,,6.0,INF_ALL,,21.669999999999998,16.2,27.51,0.005714285714283562,10,10,True
WPR,JPN,Japan,JP,NH,NH,SENTINEL,2002-06-17,2002,25,200225,0.0,5.0,5.0,,,5.0,INF_ALL,,21.091428571428573,16.04,27.21,-0.5785714285714256,10,10,True
WPR,JPN,Japan,JP,NH,NH,SENTINEL,2002-06-24,2002,26,200226,0.0,2.0,2.0,,,2.0,INF_ALL,,19.521428571428572,14.819999999999999,25.09,-1.5700000000000003,10,10,True
WPR,JPN,Japan,JP,NH,NH,SENTINEL,2002-07-01,2002,27,200227,0.0,2.0,2.0,,,2.0,INF_ALL,,23.83142857142857,20.259999999999998,28.68,4.309999999999999,10,10,True
WPR,JPN,Japan,JP,NH,NH,SENTINEL,2002-07-08,2002,28,200228,0.0,0.0,,,,0.0,INF_A + INF_B,,24.411428571428573,20.009999999999998,29.619999999999997,0.5800000000000018,10,10,True
WPR,JPN,Japan,JP,NH,NH,SENTINEL,2002-07-15,2002,29,200229,0.0,0.0,,,,0.0,INF_A + INF_B,,25.45,21.59,30.089999999999996,1.0385714285714265,10,10,True
WPR,JPN,Japan,JP,NH,NH,SENTINEL,2002-07-22,2002,30,200230,0.0,0.0,,,,0.0,INF_A + INF_B,,26.35,22.22,31.330000000000002,0.9000000000000021,10,10,True
WPR,JPN,Japan,JP,NH,NH,SENTINEL,2002-07-29,2002,31,200231,0.0,0.0,,,,0.0,INF_A + INF_B,,26.622857142857146,22.479999999999997,31.619999999999997,0.2728571428571449,10,10,True
WPR,JPN,Japan,JP,NH,NH,SENTINEL,2002-08-05,2002,32,200232,0.0,0.0,,,,0.0,INF_A + INF_B,,26.947142857142858,23.369999999999997,31.55,0.3242857142857112,10,10,True
WPR,JPN,Japan,JP,NH,NH,SENTINEL,2002-08-12,2002,33,200233,1.0,0.0,1.0,,,1.0,INF_ALL,,25.869999999999997,22.69,30.53,-1.07714285714286,10,10,True
WPR,JPN,Japan,JP,NH,NH,SENTINEL,2002-08-19,2002,34,200234,0.0,0.0,,,,0.0,INF_A + INF_B,,23.52285714285714,18.45,29.330000000000002,-2.347142857142856,10,10,True
WPR,JPN,Japan,JP,NH,NH,SENTINEL,2002-08-26,2002,35,200235,0.0,0.0,,,,0.0,INF_A + INF_B,,25.98857142857143,21.09,30.85,2.465714285714288,10,10,True
WPR,JPN,Japan,JP,NH,NH,SENTINEL,2002-09-02,2002,36,200236,0.0,0.0,,,,0.0,INF_A + INF_B,,25.222857142857144,21.46,30.78,-0.7657142857142851,10,10,True
WPR,JPN,Japan,JP,NH,NH,SENTINEL,2002-09-09,2002,37,200237,0.0,0.0,,,,0.0,INF_A + INF_B,,23.09428571428571,18.759999999999998,28.189999999999998,-2.1285714285714334,10,10,True
WPR,JPN,Japan,JP,NH,NH,SENTINEL,2002-09-16,2002,38,200238,0.0,0.0,,,,0.0,INF_A + INF_B,,21.29,16.03,26.639999999999997,-1.8042857142857116,10,10,True
WPR,JPN,Japan,JP,NH,NH,SENTINEL,2002-09-23,2002,39,200239,0.0,0.0,,,,0.0,INF_A + INF_B,,19.54714285714286,14.059999999999999,24.95,-1.7428571428571402,10,10,True
WPR,JPN,Japan,JP,NH,NH,SENTINEL,2002-09-30,2002,40,200240,0.0,0.0,,,,0.0,INF_A + INF_B,,20.72,16.15,26.29,1.17285714285714,10,10,True
WPR,JPN,Japan,JP,NH,NH,SENTINEL,2002-10-07,2002,41,200241,0.0,0.0,,,,0.0,INF_A + INF_B,,17.837142857142858,12.2,24.169999999999998,-2.882857142857141,10,10,True
WPR,JPN,Japan,JP,NH,NH,SENTINEL,2002-10-14,2002,42,200242,0.0,0.0,,,,0.0,INF_A + INF_B,,18.124285714285712,12.33,24.04,0.2871428571428538,10,10,True
WPR,JPN,Japan,JP,NH,NH,SENTINEL,2002-10-21,2002,43,200243,0.0,0.0,,,,0.0,INF_A + INF_B,,14.695714285714285,10.07,19.79,-3.428571428571427,10,10,True
WPR,JPN,Japan,JP,NH,NH,SENTINEL,2002-10-28,2002,44,200244,0.0,0.0,,,,0.0,INF_A + INF_B,,11.195714285714285,6.4799999999999995,17.02,-3.5,10,10,True
WPR,JPN,Japan,JP,NH,NH,SENTINEL,2002-11-04,2002,45,200245,7.0,1.0,8.0,,,8.0,INF_ALL,,9.184285714285714,4.340000000000001,16.06,-2.0114285714285707,10,10,True
WPR,JPN,Japan,JP,NH,NH,SENTINEL,2002-11-11,2002,46,200246,9.0,4.0,13.0,,,13.0,INF_ALL,,9.878571428571428,4.39,17.78,0.694285714285714,10,10,True
WPR,JPN,Japan,JP,NH,NH,SENTINEL,2002-11-18,2002,47,200247,33.0,8.0,41.0,,,41.0,INF_ALL,,9.114285714285714,3.5100000000000002,16.18,-0.7642857142857142,10,10,True
WPR,JPN,Japan,JP,NH,NH,SENTINEL,2002-11-25,2002,48,200248,86.0,20.0,106.0,,,106.0,INF_ALL,,8.667142857142858,3.37,14.190000000000001,-0.44714285714285573,10,10,True
WPR,JPN,Japan,JP,NH,NH,SENTINEL,2002-12-02,2002,49,200249,206.0,13.0,219.0,,,219.0,INF_ALL,,9.024285714285714,3.55,15.95,0.3571428571428559,10,10,True
WPR,JPN,Japan,JP,NH,NH,SENTINEL,2002-12-09,2002,50,200250,402.0,26.0,428.0,,,428.0,INF_ALL,,3.927142857142857,-0.6799999999999999,10.99,-5.097142857142857,10,10,True
WPR,JPN,Japan,JP,NH,NH,SENTINEL,2002-12-16,2002,51,200251,329.0,15.0,344.0,,,344.0,INF_ALL,,7.195714285714286,2.39,13.459999999999999,3.2685714285714287,10,10,True
WPR,JPN,Japan,JP,NH,NH,SENTINEL,2002-12-23,2002,52,200252,120.0,9.0,129.0,,,129.0,INF_ALL,,4.0200000000000005,-0.8899999999999999,10.22,-3.1757142857142853,10,10,True
WPR,JPN,Japan,JP,NH,NH,SENTINEL,2002-12-30,2003,1,200301,764.0,50.0,814.0,,,814.0,INF_ALL,,2.838571428571429,-2.8600000000000003,9.42,-1.1814285714285715,10,10,True
WPR,JPN,Japan,JP,NH,NH,SENTINEL,2003-01-06,2003,2,200302,782.0,122.0,904.0,,,904.0,INF_ALL,,3.3985714285714286,-1.8800000000000001,9.17,0.5599999999999996,10,10,True
WPR,JPN,Japan,JP,NH,NH,SENTINEL,2003-01-13,2003,3,200303,813.0,214.0,1027.0,,,1027.0,INF_ALL,,4.46,-1.7,11.53,1.0614285714285714,10,10,True
WPR,JPN,Japan,JP,NH,NH,SENTINEL,2003-01-20,2003,4,200304,504.0,235.0,739.0,,,739.0,INF_ALL,,3.41,-1.1900000000000002,8.26,-1.0499999999999998,10,10,True
WPR,JPN,Japan,JP,NH,NH,SENTINEL,2003-01-27,2003,5,200305,328.0,294.0,622.0,,,622.0,INF_ALL,,2.835714285714286,-2.9,10.9,-0.5742857142857143,10,10,True
WPR,JPN,Japan,JP,NH,NH,SENTINEL,2003-02-03,2003,6,200306,162.0,231.0,393.0,,,393.0,INF_ALL,,4.211428571428572,-2.0300000000000002,12.53,1.375714285714286,10,10,True
WPR,JPN,Japan,JP,NH,NH,SENTINEL,2003-02-10,2003,7,200307,116.0,250.0,366.0,,,366.0,INF_ALL,,5.404285714285715,-0.4699999999999999,12.129999999999999,1.192857142857143,10,10,True
WPR,JPN,Japan,JP,NH,NH,SENTINEL,2003-02-17,2003,8,200308,79.0,230.0,309.0,,,309.0,INF_ALL,,5.032857142857143,-0.38999999999999985,10.57,-0.3714285714285719,10,10,True
WPR,JPN,Japan,JP,NH,NH,SENTINEL,2003-02-24,2003,9,200309,53.0,253.0,306.0,,,306.0,INF_ALL,,5.905714285714286,-0.019999999999999928,12.4,0.8728571428571428,10,10,True
WPR,JPN,Japan,JP,NH,NH,SENTINEL,2003-03-03,2003,10,200310,29.0,212.0,241.0,,,241.0,INF_ALL,,5.0214285714285705,-0.52,12.49,-0.8842857142857152,10,10,True
WPR,JPN,Japan,JP,NH,NH,SENTINEL,2003-03-10,2003,11,200311,23.0,159.0,182.0,,,182.0,INF_ALL,,4.768571428571429,-0.7200000000000001,11.64,-0.2528571428571418,10,10,True
WPR,JPN,Japan,JP,NH,NH,SENTINEL,2003-03-17,2003,12,200312,11.0,83.0,94.0,,,94.0,INF_ALL,,6.4642857142857135,0.3900000000000002,13.420000000000002,1.6957142857142848,10,10,True
WPR,JPN,Japan,JP,NH,NH,SENTINEL,2003-03-24,2003,13,200313,5.0,45.0,50.0,,,50.0,INF_ALL,,9.724285714285715,2.95,16.69,3.2600000000000016,10,10,True
WPR,JPN,Japan,JP,NH,NH,SENTINEL,2003-03-31,2003,14,200314,9.0,26.0,35.0,,,35.0,INF_ALL,,10.355714285714287,3.7299999999999995,17.25,0.6314285714285717,10,10,True
WPR,JPN,Japan,JP,NH,NH,SENTINEL,2003-04-07,2003,15,200315,6.0,28.0,34.0,,,34.0,INF_ALL,,11.967142857142857,3.75,19.1,1.6114285714285703,10,10,True
WPR,JPN,Japan,JP,NH,NH,SENTINEL,2003-04-14,2003,16,200316,1.0,11.0,12.0,,,12.0,INF_ALL,,14.545714285714286,7.9,22.229999999999997,2.578571428571429,10,10,True
WPR,JPN,Japan,JP,NH,NH,SENTINEL,2003-04-21,2003,17,200317,1.0,4.0,5.0,,,5.0,INF_ALL,,14.564285714285713,6.860000000000001,21.59,0.018571428571426907,10,10,True
WPR,JPN,Japan,JP,NH,NH,SENTINEL,2003-04-28,2003,18,200318,0.0,5.0,5.0,,,5.0,INF_ALL,,16.134285714285713,8.77,23.53,1.5700000000000003,10,10,True
WPR,JPN,Japan,JP,NH,NH,SENTINEL,2003-05-05,2003,19,200319,0.0,5.0,5.0,,,5.0,INF_ALL,,15.875714285714286,7.85,23.62,-0.2585714285714271,10,10,True
WPR,JPN,Japan,JP,NH,NH,SENTINEL,2003-05-12,2003,20,200320,0.0,2.0,2.0,,,2.0,INF_ALL,,17.06,11.99,22.54,1.1842857142857124,10,10,True
WPR,JPN,Japan,JP,NH,NH,SENTINEL,2003-05-19,2003,21,200321,0.0,0.0,,,,0.0,INF_A + INF_B,,17.830000000000002,12.14,23.46,0.7700000000000031,10,10,True
WPR,JPN,Japan,JP,NH,NH,SENTINEL,2003-05-26,2003,22,200322,0.0,1.0,1.0,,,1.0,INF_ALL,,19.087142857142858,13.959999999999999,25.1,1.2571428571428562,10,10,True
WPR,JPN,Japan,JP,NH,NH,SENTINEL,2003-06-02,2003,23,200323,0.0,0.0,,,,0.0,INF_A + INF_B,,19.53142857142857,13.030000000000001,25.53,0.4442857142857122,10,10,True
WPR,JPN,Japan,JP,NH,NH,SENTINEL,2003-06-09,2003,24,200324,0.0,0.0,,,,0.0,INF_A + INF_B,,21.014285714285712,16.46,26.660000000000004,1.4828571428571422,10,10,True
WPR,JPN,Japan,JP,NH,NH,SENTINEL,2003-06-16,2003,25,200325,0.0,0.0,,,,0.0,INF_A + INF_B,,22.478571428571428,18.630000000000003,27.65,1.4642857142857153,10,10,True
WPR,JPN,Japan,JP,NH,NH,SENTINEL,2003-06-23,2003,26,200326,0.0,0.0,,,,0.0,INF_A + INF_B,,21.681428571428572,18.05,26.65,-0.7971428571428554,10,10,True
WPR,JPN,Japan,JP,NH,NH,SENTINEL,2003-06-30,2003,27,200327,1.0,0.0,1.0,,,1.0,INF_ALL,,21.73857142857143,17.55,26.6,0.05714285714285694,10,10,True
WPR,JPN,Japan,JP,NH,NH,SENTINEL,2003-07-07,2003,28,200328,2.0,0.0,2.0,,,2.0,INF_ALL,,23.044285714285714,19.28,28.32,1.3057142857142843,10,10,True
WPR,JPN,Japan,JP,NH,NH,SENTINEL,2003-07-14,2003,29,200329,0.0,0.0,,,,0.0,INF_A + INF_B,,21.94,17.56,26.830000000000002,-1.1042857142857123,10,10,True
WPR,JPN,Japan,JP,NH,NH,SENTINEL,2003-07-21,2003,30,200330,0.0,0.0,,,,0.0,INF_A + INF_B,,22.637142857142855,18.35,27.169999999999998,0.697142857142854,10,10,True
WPR,JPN,Japan,JP,NH,NH,SENTINEL,2003-07-28,2003,31,200331,1.0,0.0,1.0,,,1.0,INF_ALL,,23.89,18.84,29.02,1.2528571428571453,10,10,True
WPR,JPN,Japan,JP,NH,NH,SENTINEL,2003-08-04,2003,32,200332,0.0,0.0,,,,0.0,INF_A + INF_B,,25.72,22.21,30.27,1.8299999999999983,10,10,True
WPR,JPN,Japan,JP,NH,NH,SENTINEL,2003-08-11,2003,33,200333,1.0,0.0,1.0,,,1.0,INF_ALL,,23.03857142857143,19.59,27.79,-2.681428571428569,10,10,True
WPR,JPN,Japan,JP,NH,NH,SENTINEL,2003-08-18,2003,34,200334,0.0,0.0,,,,0.0,INF_A + INF_B,,25.39142857142857,21.41,30.660000000000004,2.3528571428571396,10,10,True
WPR,JPN,Japan,JP,NH,NH,SENTINEL,2003-08-25,2003,35,200335,0.0,1.0,1.0,,,1.0,INF_ALL,,24.647142857142857,21.07,29.45,-0.7442857142857129,10,10,True
WPR,JPN,Japan,JP,NH,NH,SENTINEL,2003-09-01,2003,36,200336,0.0,1.0,1.0,,,1.0,INF_ALL,,24.85,20.64,29.72,0.20285714285714462,10,10,True
WPR,JPN,Japan,JP,NH,NH,SENTINEL,2003-09-08,2003,37,200337,2.0,0.0,2.0,,,2.0,INF_ALL,,25.014285714285712,20.57,30.060000000000002,0.16428571428571104,10,10,True
WPR,JPN,Japan,JP,NH,NH,SENTINEL,2003-09-15,2003,38,200338,2.0,0.0,2.0,,,2.0,INF_ALL,,22.08142857142857,16.740000000000002,27.75,-2.9328571428571415,10,10,True
WPR,JPN,Japan,JP,NH,NH,SENTINEL,2003-09-22,2003,39,200339,0.0,0.0,,,,0.0,INF_A + INF_B,,19.672857142857143,14.919999999999998,24.830000000000002,-2.4085714285714275,10,10,True
WPR,JPN,Japan,JP,NH,NH,SENTINEL,2003-09-29,2003,40,200340,0.0,0.0,,,,0.0,INF_A + INF_B,,17.965714285714284,12.809999999999999,23.240000000000002,-1.707142857142859,10,10,True
WPR,JPN,Japan,JP,NH,NH,SENTINEL,2003-10-06,2003,41,200341,0.0,0.0,,,,0.0,INF_A + INF_B,,17.787142857142857,12.37,24.660000000000004,-0.17857142857142705,10,10,True
WPR,JPN,Japan,JP,NH,NH,SENTINEL,2003-10-13,2003,42,200342,0.0,0.0,,,,0.0,INF_A + INF_B,,15.864285714285714,11.01,21.39,-1.9228571428571435,10,10,True
WPR,JPN,Japan,JP,NH,NH,SENTINEL,2003-10-20,2003,43,200343,0.0,1.0,1.0,,,1.0,INF_ALL,,14.940000000000001,9.129999999999999,20.71,-0.9242857142857126,10,10,True
WPR,JPN,Japan,JP,NH,NH,SENTINEL,2003-10-27,2003,44,200344,2.0,0.0,2.0,,,2.0,INF_ALL,,15.642857142857142,9.41,22.15,0.7028571428571411,10,10,True
WPR,JPN,Japan,JP,NH,NH,SENTINEL,2003-11-03,2003,45,200345,0.0,0.0,,,,0.0,INF_A + INF_B,,16.057142857142857,10.83,22.16,0.4142857142857146,10,10,True
WPR,JPN,Japan,JP,NH,NH,SENTINEL,2003-11-10,2003,46,200346,7.0,0.0,7.0,,,7.0,INF_ALL,,12.918571428571429,7.35,18.89,-3.138571428571428,10,10,True
WPR,JPN,Japan,JP,NH,NH,SENTINEL,2003-11-17,2003,47,200347,5.0,1.0,6.0,,,6.0,INF_ALL,,11.878571428571428,5.3100000000000005,19.130000000000003,-1.040000000000001,10,10,True
WPR,JPN,Japan,JP,NH,NH,SENTINEL,2003-11-24,2003,48,200348,23.0,6.0,29.0,,,29.0,INF_ALL,,11.681428571428572,5.5200000000000005,17.0,-0.19714285714285573,10,10,True
WPR,JPN,Japan,JP,NH,NH,SENTINEL,2003-12-01,2003,49,200349,32.0,1.0,33.0,,,33.0,INF_ALL,,9.697142857142858,4.33,15.780000000000001,-1.9842857142857149,10,10,True
WPR,JPN,Japan,JP,NH,NH,SENTINEL,2003-12-08,2003,50,200350,46.0,1.0,47.0,,,47.0,INF_ALL,,6.694285714285715,2.6900000000000004,11.309999999999999,-3.0028571428571427,10,10,True
WPR,JPN,Japan,JP,NH,NH,SENTINEL,2003-12-15,2003,51,200351,104.0,2.0,106.0,,,106.0,INF_ALL,,5.64,0.9199999999999999,11.09,-1.0542857142857152,10,10,True
WPR,JPN,Japan,JP,NH,NH,SENTINEL,2003-12-22,2003,52,200352,112.0,2.0,114.0,,,114.0,INF_ALL,,6.514285714285714,0.7600000000000001,13.11,0.8742857142857146,10,10,True
WPR,JPN,Japan,JP,NH,NH,SENTINEL,2003-12-29,2004,1,200401,29.0,2.0,31.0,,,31.0,INF_ALL,,6.711428571428572,1.7100000000000002,12.040000000000001,0.1971428571428575,10,10,True
WPR,JPN,Japan,JP,NH,NH,SENTINEL,2004-01-05,2004,2,200402,293.0,4.0,297.0,,,297.0,INF_ALL,,4.895714285714286,-0.0700000000000002,10.370000000000001,-1.8157142857142858,10,10,True
WPR,JPN,Japan,JP,NH,NH,SENTINEL,2004-01-12,2004,3,200403,563.0,5.0,568.0,,,568.0,INF_ALL,,3.6714285714285717,-0.9399999999999998,9.629999999999999,-1.2242857142857142,10,10,True
WPR,JPN,Japan,JP,NH,NH,SENTINEL,2004-01-19,2004,4,200404,887.0,6.0,893.0,,,893.0,INF_ALL,,2.42,-3.1,8.51,-1.2514285714285718,10,10,True
WPR,JPN,Japan,JP,NH,NH,SENTINEL,2004-01-26,2004,5,200405,828.0,7.0,835.0,,,835.0,INF_ALL,,3.4971428571428573,-2.27,9.8,1.0771428571428574,10,10,True
WPR,JPN,Japan,JP,NH,NH,SENTINEL,2004-02-02,2004,6,200406,700.0,15.0,715.0,,,715.0,INF_ALL,,3.1428571428571432,-1.7,9.86,-0.3542857142857141,10,10,True
WPR,JPN,Japan,JP,NH,NH,SENTINEL,2004-02-09,2004,7,200407,403.0,18.0,421.0,,,421.0,INF_ALL,,4.9557142857142855,-1.4599999999999997,12.830000000000002,1.8128571428571423,10,10,True
WPR,JPN,Japan,JP,NH,NH,SENTINEL,2004-02-16,2004,8,200408,250.0,19.0,269.0,,,269.0,INF_ALL,,7.825714285714286,0.76,17.34,2.87,10,10,True
WPR,JPN,Japan,JP,NH,NH,SENTINEL,2004-02-23,2004,9,200409,177.0,9.0,186.0,,,186.0,INF_ALL,,7.127142857142857,0.8799999999999999,14.430000000000001,-0.6985714285714284,10,10,True
WPR,JPN,Japan,JP,NH,NH,SENTINEL,2004-03-01,2004,10,200410,105.0,12.0,117.0,,,117.0,INF_ALL,,3.7314285714285718,-1.44,10.0,-3.3957142857142855,10,10,True
WPR,JPN,Japan,JP,NH,NH,SENTINEL,2004-03-08,2004,11,200411,73.0,20.0,93.0,,,93.0,INF_ALL,,7.88,-0.43000000000000005,16.759999999999998,4.148571428571428,10,10,True
WPR,JPN,Japan,JP,NH,NH,SENTINEL,2004-03-15,2004,12,200412,32.0,15.0,47.0,,,47.0,INF_ALL,,8.811428571428571,2.08,18.45,0.9314285714285715,10,10,True
WPR,JPN,Japan,JP,NH,NH,SENTINEL,2004-03-22,2004,13,200413,21.0,15.0,36.0,,,36.0,INF_ALL,,8.84,2.87,16.19,0.02857142857142847,10,10,True
WPR,JPN,Japan,JP,NH,NH,SENTINEL,2004-03-29,2004,14,200414,16.0,15.0,31.0,,,31.0,INF_ALL,,10.847142857142858,3.9800000000000004,18.79,2.007142857142858,10,10,True
WPR,JPN,Japan,JP,NH,NH,SENTINEL,2004-04-05,2004,15,200415,9.0,14.0,23.0,,,23.0,INF_ALL,,11.851428571428572,3.3299999999999996,19.98,1.0042857142857144,10,10,True
WPR,JPN,Japan,JP,NH,NH,SENTINEL,2004-04-12,2004,16,200416,5.0,31.0,36.0,,,36.0,INF_ALL,,14.629999999999999,7.58,22.619999999999997,2.7785714285714267,10,10,True
WPR,JPN,Japan,JP,NH,NH,SENTINEL,2004-04-19,2004,17,200417,4.0,21.0,25.0,,,25.0,INF_ALL,,14.707142857142856,6.81,23.95,0.07714285714285651,10,10,True
WPR,JPN,Japan,JP,NH,NH,SENTINEL,2004-04-26,2004,18,200418,1.0,24.0,25.0,,,25.0,INF_ALL,,14.668571428571429,7.51,22.61,-0.03857142857142648,10,10,True
WPR,JPN,Japan,JP,NH,NH,SENTINEL,2004-05-03,2004,19,200419,0.0,4.0,4.0,,,4.0,INF_ALL,,16.56714285714286,9.61,23.35,1.8985714285714295,10,10,True
WPR,JPN,Japan,JP,NH,NH,SENTINEL,2004-05-10,2004,20,200420,0.0,8.0,8.0,,,8.0,INF_ALL,,18.50142857142857,12.59,24.580000000000002,1.9342857142857106,10,10,True
WPR,JPN,Japan,JP,NH,NH,SENTINEL,2004-05-17,2004,21,200421,0.0,5.0,5.0,,,5.0,INF_ALL,,17.872857142857143,13.169999999999998,23.93,-0.6285714285714263,10,10,True
WPR,JPN,Japan,JP,NH,NH,SENTINEL,2004-05-24,2004,22,200422,0.0,3.0,3.0,,,3.0,INF_ALL,,19.818571428571428,12.370000000000001,25.96,1.9457142857142848,10,10,True
WPR,JPN,Japan,JP,NH,NH,SENTINEL,2004-05-31,2004,23,200423,0.0,1.0,1.0,,,1.0,INF_ALL,,19.907142857142855,13.23,26.51,0.08857142857142719,10,10,True
WPR,JPN,Japan,JP,NH,NH,SENTINEL,2004-06-07,2004,24,200424,0.0,0.0,,,,0.0,INF_A + INF_B,,20.467142857142857,16.1,25.560000000000002,0.5600000000000023,10,10,True
WPR,JPN,Japan,JP,NH,NH,SENTINEL,2004-06-14,2004,25,200425,1.0,1.0,2.0,,,2.0,INF_ALL,,22.00857142857143,14.51,28.580000000000002,1.5414285714285718,10,10,True
WPR,JPN,Japan,JP,NH,NH,SENTINEL,2004-06-21,2004,26,200426,0.0,0.0,,,,0.0,INF_A + INF_B,,23.652857142857144,19.56,28.639999999999997,1.644285714285715,10,10,True
WPR,JPN,Japan,JP,NH,NH,SENTINEL,2004-06-28,2004,27,200427,0.0,0.0,,,,0.0,INF_A + INF_B,,23.821428571428573,19.14,29.15,0.16857142857142904,10,10,True
WPR,JPN,Japan,JP,NH,NH,SENTINEL,2004-07-05,2004,28,200428,0.0,0.0,,,,0.0,INF_A + INF_B,,25.112857142857145,20.43,30.23,1.2914285714285718,10,10,True
WPR,JPN,Japan,JP,NH,NH,SENTINEL,2004-07-12,2004,29,200429,0.0,0.0,,,,0.0,INF_A + INF_B,,25.475714285714286,20.919999999999998,30.49,0.3628571428571412,10,10,True
WPR,JPN,Japan,JP,NH,NH,SENTINEL,2004-07-19,2004,30,200430,0.0,0.0,,,,0.0,INF_A + INF_B,,26.824285714285715,22.130000000000003,32.21,1.3485714285714288,10,10,True
WPR,JPN,Japan,JP,NH,NH,SENTINEL,2004-07-26,2004,31,200431,0.0,1.0,1.0,,,1.0,INF_ALL,,27.014285714285712,23.36,32.56,0.18999999999999773,10,10,True
WPR,JPN,Japan,JP,NH,NH,SENTINEL,2004-08-02,2004,32,200432,2.0,0.0,2.0,,,2.0,INF_ALL,,26.571428571428573,22.94,31.01,-0.4428571428571395,10,10,True
WPR,JPN,Japan,JP,NH,NH,SENTINEL,2004-08-09,2004,33,200433,2.0,0.0,2.0,,,2.0,INF_ALL,,26.131428571428568,21.25,31.369999999999997,-0.44000000000000483,10,10,True
WPR,JPN,Japan,JP,NH,NH,SENTINEL,2004-08-16,2004,34,200434,1.0,0.0,1.0,,,1.0,INF_ALL,,25.06857142857143,20.31,30.330000000000002,-1.062857142857137,10,10,True
WPR,JPN,Japan,JP,NH,NH,SENTINEL,2004-08-23,2004,35,200435,2.0,0.0,2.0,,,2.0,INF_ALL,,24.162857142857142,20.28,29.1,-0.9057142857142892,10,10,True
WPR,JPN,Japan,JP,NH,NH,SENTINEL,2004-08-30,2004,36,200436,1.0,0.0,1.0,,,1.0,INF_ALL,,24.377142857142857,19.6,29.71,0.2142857142857153,10,10,True
WPR,JPN,Japan,JP,NH,NH,SENTINEL,2004-09-06,2004,37,200437,0.0,0.0,,,,0.0,INF_A + INF_B,,23.815714285714286,19.46,28.889999999999997,-0.5614285714285714,10,10,True
WPR,JPN,Japan,JP,NH,NH,SENTINEL,2004-09-13,2004,38,200438,0.0,0.0,,,,0.0,INF_A + INF_B,,23.49,18.61,28.51,-0.3257142857142874,10,10,True
WPR,JPN,Japan,JP,NH,NH,SENTINEL,2004-09-20,2004,39,200439,2.0,0.0,2.0,,,2.0,INF_ALL,,22.431428571428572,18.740000000000002,27.82,-1.058571428571426,10,10,True
WPR,JPN,Japan,JP,NH,NH,SENTINEL,2004-09-27,2004,40,200440,0.0,0.0,,,,0.0,INF_A + INF_B,,20.869999999999997,15.830000000000002,25.72,-1.561428571428575,10,10,True
WPR,JPN,Japan,JP,NH,NH,SENTINEL,2004-10-04,2004,41,200441,4.0,0.0,4.0,,,4.0,INF_ALL,,18.912857142857142,14.41,24.2,-1.9571428571428555,10,10,True
WPR,JPN,Japan,JP,NH,NH,SENTINEL,2004-10-11,2004,42,200442,1.0,1.0,2.0,,,2.0,INF_ALL,,17.124285714285715,11.03,23.16,-1.7885714285714265,10,10,True
WPR,JPN,Japan,JP,NH,NH,SENTINEL,2004-10-18,2004,43,200443,2.0,1.0,3.0,,,3.0,INF_ALL,,16.46857142857143,10.82,22.11,-0.6557142857142857,10,10,True
WPR,JPN,Japan,JP,NH,NH,SENTINEL,2004-10-25,2004,44,200444,2.0,0.0,2.0,,,2.0,INF_ALL,,14.477142857142857,8.15,20.97,-1.9914285714285729,10,10,True
WPR,JPN,Japan,JP,NH,NH,SENTINEL,2004-11-01,2004,45,200445,2.0,0.0,2.0,,,2.0,INF_ALL,,15.381428571428572,10.290000000000001,20.31,0.9042857142857148,10,10,True
WPR,JPN,Japan,JP,NH,NH,SENTINEL,2004-11-08,2004,46,200446,5.0,6.0,11.0,,,11.0,INF_ALL,,15.151428571428573,9.58,21.07,-0.22999999999999865,10,10,True
WPR,JPN,Japan,JP,NH,NH,SENTINEL,2004-11-15,2004,47,200447,4.0,2.0,6.0,,,6.0,INF_ALL,,12.155714285714286,7.7299999999999995,16.6,-2.9957142857142873,10,10,True
WPR,JPN,Japan,JP,NH,NH,SENTINEL,2004-11-22,2004,48,200448,21.0,5.0,26.0,,,26.0,INF_ALL,,11.952857142857143,6.57,18.080000000000002,-0.20285714285714285,10,10,True
WPR,JPN,Japan,JP,NH,NH,SENTINEL,2004-11-29,2004,49,200449,10.0,8.0,18.0,,,18.0,INF_ALL,,10.545714285714286,4.13,18.55,-1.4071428571428566,10,10,True
WPR,JPN,Japan,JP,NH,NH,SENTINEL,2004-12-06,2004,50,200450,19.0,15.0,34.0,,,34.0,INF_ALL,,9.461428571428572,4.01,15.570000000000002,-1.0842857142857145,10,10,True
WPR,JPN,Japan,JP,NH,NH,SENTINEL,2004-12-13,2004,51,200451,12.0,17.0,29.0,,,29.0,INF_ALL,,8.91,3.87,14.52,-0.5514285714285716,10,10,True
WPR,JPN,Japan,JP,NH,NH,SENTINEL,2004-12-20,2004,52,200452,43.0,11.0,54.0,,,54.0,INF_ALL,,6.668571428571428,2.27,14.15,-2.241428571428572,10,10,True
WPR,JPN,Japan,JP,NH,NH,SENTINEL,2004-12-27,2004,53,200453,16.0,2.0,18.0,,,18.0,INF_ALL,,3.388571428571429,-2.1399999999999997,8.639999999999999,-3.2799999999999994,10,10,True
WPR,JPN,Japan,JP,NH,NH,SENTINEL,2005-01-03,2005,1,200501,18.0,12.0,30.0,,,30.0,INF_ALL,,4.595714285714285,-0.21000000000000002,11.24,1.2071428571428564,10,10,True
WPR,JPN,Japan,JP,NH,NH,SENTINEL,2005-01-10,2005,2,200502,45.0,60.0,105.0,,,105.0,INF_ALL,,3.341428571428571,-1.1300000000000001,8.28,-1.254285714285714,10,10,True
WPR,JPN,Japan,JP,NH,NH,SENTINEL,2005-01-17,2005,3,200503,132.0,194.0,326.0,,,326.0,INF_ALL,,4.01,-0.45,9.08,0.6685714285714286,10,10,True
WPR,JPN,Japan,JP,NH,NH,SENTINEL,2005-01-24,2005,4,200504,206.0,352.0,558.0,,,558.0,INF_ALL,,4.842857142857143,-0.57,12.02,0.8328571428571436,10,10,True
WPR,JPN,Japan,JP,NH,NH,SENTINEL,2005-01-31,2005,5,200505,299.0,381.0,680.0,,,680.0,INF_ALL,,2.3485714285714283,-2.6100000000000003,7.8100000000000005,-2.494285714285715,10,10,True
WPR,JPN,Japan,JP,NH,NH,SENTINEL,2005-02-07,2005,6,200506,258.0,461.0,719.0,,,719.0,INF_ALL,,4.458571428571429,-0.5900000000000001,11.64,2.1100000000000008,10,10,True
WPR,JPN,Japan,JP,NH,NH,SENTINEL,2005-02-14,2005,7,200507,228.0,483.0,711.0,,,711.0,INF_ALL,,5.445714285714286,-1.22,12.55,0.9871428571428567,10,10,True
WPR,JPN,Japan,JP,NH,NH,SENTINEL,2005-02-21,2005,8,200508,224.0,413.0,637.0,,,637.0,INF_ALL,,3.152857142857143,-2.23,10.870000000000001,-2.2928571428571427,10,10,True
WPR,JPN,Japan,JP,NH,NH,SENTINEL,2005-02-28,2005,9,200509,261.0,342.0,603.0,,,603.0,INF_ALL,,3.404285714285714,-2.57,9.33,0.2514285714285709,10,10,True
WPR,JPN,Japan,JP,NH,NH,SENTINEL,2005-03-07,2005,10,200510,166.0,218.0,384.0,,,384.0,INF_ALL,,6.8185714285714285,-1.22,15.24,3.4142857142857146,10,10,True
WPR,JPN,Japan,JP,NH,NH,SENTINEL,2005-03-14,2005,11,200511,127.0,149.0,276.0,,,276.0,INF_ALL,,7.027142857142858,-0.71,14.89,0.20857142857142907,10,10,True
WPR,JPN,Japan,JP,NH,NH,SENTINEL,2005-03-21,2005,12,200512,100.0,57.0,157.0,,,157.0,INF_ALL,,8.114285714285714,1.4500000000000002,15.0,1.0871428571428563,10,10,True
WPR,JPN,Japan,JP,NH,NH,SENTINEL,2005-03-28,2005,13,200513,80.0,62.0,142.0,,,142.0,INF_ALL,,9.204285714285714,2.54,16.009999999999998,1.0899999999999999,10,10,True
WPR,JPN,Japan,JP,NH,NH,SENTINEL,2005-04-04,2005,14,200514,72.0,42.0,114.0,,,114.0,INF_ALL,,12.35,3.6399999999999997,21.86,3.145714285714286,10,10,True
WPR,JPN,Japan,JP,NH,NH,SENTINEL,2005-04-11,2005,15,200515,72.0,22.0,94.0,,,94.0,INF_ALL,,11.485714285714286,5.43,18.9,-0.8642857142857139,10,10,True
WPR,JPN,Japan,JP,NH,NH,SENTINEL,2005-04-18,2005,16,200516,63.0,19.0,82.0,,,82.0,INF_ALL,,12.968571428571428,6.6,20.240000000000002,1.4828571428571422,10,10,True
WPR,JPN,Japan,JP,NH,NH,SENTINEL,2005-04-25,2005,17,200517,41.0,9.0,50.0,,,50.0,INF_ALL,,16.494285714285716,8.65,24.93,3.5257142857142885,10,10,True
WPR,JPN,Japan,JP,NH,NH,SENTINEL,2005-05-02,2005,18,200518,14.0,2.0,16.0,,,16.0,INF_ALL,,15.982857142857142,9.27,23.64,-0.5114285714285742,10,10,True
WPR,JPN,Japan,JP,NH,NH,SENTINEL,2005-05-09,2005,19,200519,32.0,3.0,35.0,,,35.0,INF_ALL,,14.574285714285713,9.09,20.9,-1.4085714285714293,10,10,True
WPR,JPN,Japan,JP,NH,NH,SENTINEL,2005-05-16,2005,20,200520,41.0,1.0,42.0,,,42.0,INF_ALL,,17.085714285714285,9.6,24.2,2.5114285714285725,10,10,True
WPR,JPN,Japan,JP,NH,NH,SENTINEL,2005-05-23,2005,21,200521,23.0,0.0,23.0,,,23.0,INF_ALL,,17.655714285714286,11.28,24.16,0.5700000000000003,10,10,True
WPR,JPN,Japan,JP,NH,NH,SENTINEL,2005-05-30,2005,22,200522,13.0,0.0,13.0,,,13.0,INF_ALL,,19.46,14.280000000000001,25.4,1.8042857142857152,10,10,True
WPR,JPN,Japan,JP,NH,NH,SENTINEL,2005-06-06,2005,23,200523,3.0,0.0,3.0,,,3.0,INF_ALL,,21.121428571428574,14.51,27.389999999999997,1.6614285714285728,10,10,True
WPR,JPN,Japan,JP,NH,NH,SENTINEL,2005-06-13,2005,24,200524,3.0,0.0,3.0,,,3.0,INF_ALL,,21.475714285714282,16.52,26.889999999999997,0.35428571428570876,10,10,True
WPR,JPN,Japan,JP,NH,NH,SENTINEL,2005-06-20,2005,25,200525,8.0,0.0,8.0,,,8.0,INF_ALL,,24.02285714285714,19.29,30.21,2.547142857142859,10,10,True
WPR,JPN,Japan,JP,NH,NH,SENTINEL,2005-06-27,2005,26,200526,1.0,0.0,1.0,,,1.0,INF_ALL,,24.34857142857143,20.5,29.880000000000003,0.3257142857142874,10,10,True
WPR,JPN,Japan,JP,NH,NH,SENTINEL,2005-07-04,2005,27,200527,4.0,0.0,4.0,,,4.0,INF_ALL,,22.775714285714283,19.2,27.339999999999996,-1.5728571428571456,10,10,True
WPR,JPN,Japan,JP,NH,NH,SENTINEL,2005-07-11,2005,28,200528,6.0,0.0,6.0,,,6.0,INF_ALL,,24.405714285714286,19.84,29.68,1.6300000000000026,10,10,True
WPR,JPN,Japan,JP,NH,NH,SENTINEL,2005-07-18,2005,29,200529,5.0,0.0,5.0,,,5.0,INF_ALL,,25.28857142857143,21.1,30.669999999999998,0.8828571428571443,10,10,True
WPR,JPN,Japan,JP,NH,NH,SENTINEL,2005-07-25,2005,30,200530,1.0,0.0,1.0,,,1.0,INF_ALL,,25.36,20.98,30.619999999999997,0.0714285714285694,10,10,True
WPR,JPN,Japan,JP,NH,NH,SENTINEL,2005-08-01,2005,31,200531,4.0,0.0,4.0,,,4.0,INF_ALL,,26.917142857142856,23.34,31.809999999999995,1.557142857142857,10,10,True
WPR,JPN,Japan,JP,NH,NH,SENTINEL,2005-08-08,2005,32,200532,11.0,0.0,11.0,,,11.0,INF_ALL,,26.735714285714284,23.29,30.96,-0.18142857142857238,10,10,True
WPR,JPN,Japan,JP,NH,NH,SENTINEL,2005-08-15,2005,33,200533,0.0,0.0,,,,0.0,INF_A + INF_B,,25.96142857142857,22.44,30.589999999999996,-0.774285714285714,10,10,True
WPR,JPN,Japan,JP,NH,NH,SENTINEL,2005-08-22,2005,34,200534,1.0,0.0,1.0,,,1.0,INF_ALL,,24.990000000000002,20.89,29.660000000000004,-0.971428571428568,10,10,True
WPR,JPN,Japan,JP,NH,NH,SENTINEL,2005-08-29,2005,35,200535,0.0,0.0,,,,0.0,INF_A + INF_B,,25.235714285714288,20.31,30.47,0.24571428571428555,10,10,True
WPR,JPN,Japan,JP,NH,NH,SENTINEL,2005-09-05,2005,36,200536,3.0,0.0,3.0,,,3.0,INF_ALL,,24.34,20.07,28.98,-0.8957142857142877,10,10,True
WPR,JPN,Japan,JP,NH,NH,SENTINEL,2005-09-12,2005,37,200537,4.0,0.0,4.0,,,4.0,INF_ALL,,23.687142857142856,18.04,29.28,-0.6528571428571439,10,10,True
WPR,JPN,Japan,JP,NH,NH,SENTINEL,2005-09-19,2005,38,200538,1.0,0.0,1.0,,,1.0,INF_ALL,,22.822857142857142,17.830000000000002,28.139999999999997,-0.8642857142857139,10,10,True
WPR,JPN,Japan,JP,NH,NH,SENTINEL,2005-09-26,2005,39,200539,1.0,0.0,1.0,,,1.0,INF_ALL,,20.934285714285714,16.119999999999997,26.47,-1.888571428571428,10,10,True
WPR,JPN,Japan,JP,NH,NH,SENTINEL,2005-10-03,2005,40,200540,0.0,0.0,,,,0.0,INF_A + INF_B,,20.28142857142857,16.29,26.080000000000002,-0.6528571428571439,10,10,True
WPR,JPN,Japan,JP,NH,NH,SENTINEL,2005-10-10,2005,41,200541,1.0,0.0,1.0,,,1.0,INF_ALL,,19.60857142857143,14.559999999999999,24.830000000000002,-0.6728571428571399,10,10,True
WPR,JPN,Japan,JP,NH,NH,SENTINEL,2005-10-17,2005,42,200542,1.0,0.0,1.0,,,1.0,INF_ALL,,16.678571428571427,11.11,22.4,-2.9300000000000033,10,10,True
WPR,JPN,Japan,JP,NH,NH,SENTINEL,2005-10-24,2005,43,200543,4.0,0.0,4.0,,,4.0,INF_ALL,,15.622857142857143,10.7,21.32,-1.0557142857142843,10,10,True
WPR,JPN,Japan,JP,NH,NH,SENTINEL,2005-10-31,2005,44,200544,6.0,0.0,6.0,,,6.0,INF_ALL,,15.081428571428571,8.68,21.29,-0.5414285714285718,10,10,True
WPR,JPN,Japan,JP,NH,NH,SENTINEL,2005-11-07,2005,45,200545,14.0,0.0,14.0,,,14.0,INF_ALL,,13.815714285714284,8.65,19.95,-1.265714285714287,10,10,True
WPR,JPN,Japan,JP,NH,NH,SENTINEL,2005-11-14,2005,46,200546,24.0,0.0,24.0,,,24.0,INF_ALL,,9.69,5.5200000000000005,15.86,-4.125714285714285,10,10,True
WPR,JPN,Japan,JP,NH,NH,SENTINEL,2005-11-21,2005,47,200547,26.0,0.0,26.0,,,26.0,INF_ALL,,10.092857142857143,4.840000000000001,14.959999999999999,0.4028571428571439,10,10,True
WPR,JPN,Japan,JP,NH,NH,SENTINEL,2005-11-28,2005,48,200548,55.0,0.0,55.0,,,55.0,INF_ALL,,8.597142857142858,2.8099999999999996,15.64,-1.4957142857142856,10,10,True
WPR,JPN,Japan,JP,NH,NH,SENTINEL,2005-12-05,2005,49,200549,82.0,0.0,82.0,,,82.0,INF_ALL,,5.432857142857143,0.7100000000000001,10.77,-3.1642857142857146,10,10,True
WPR,JPN,Japan,JP,NH,NH,SENTINEL,2005-12-12,2005,50,200550,134.0,2.0,136.0,,,136.0,INF_ALL,,2.585714285714286,-1.58,7.2,-2.8471428571428574,10,10,True
WPR,JPN,Japan,JP,NH,NH,SENTINEL,2005-12-19,2005,51,200551,190.0,0.0,190.0,,,190.0,INF_ALL,,3.168571428571428,-1.9800000000000004,8.690000000000001,0.5828571428571423,10,10,True
WPR,JPN,Japan,JP,NH,NH,SENTINEL,2005-12-26,2005,52,200552,164.0,0.0,164.0,,,164.0,INF_ALL,,3.29,-0.73,8.09,0.12142857142857189,10,10,True
WPR,JPN,Japan,JP,NH,NH,SENTINEL,2006-01-02,2006,1,200601,192.0,1.0,193.0,,,193.0,INF_ALL,,2.2028571428571433,-2.6399999999999997,8.33,-1.0871428571428567,10,10,True
WPR,JPN,Japan,JP,NH,NH,SENTINEL,2006-01-09,2006,2,200602,431.0,2.0,433.0,,,433.0,INF_ALL,,4.744285714285715,-1.7,11.32,2.5414285714285714,10,10,True
WPR,JPN,Japan,JP,NH,NH,SENTINEL,2006-01-16,2006,3,200603,773.0,9.0,782.0,,,782.0,INF_ALL,,3.848571428571428,-0.7300000000000001,9.809999999999999,-0.8957142857142868,10,10,True
WPR,JPN,Japan,JP,NH,NH,SENTINEL,2006-01-23,2006,4,200604,654.0,11.0,665.0,,,665.0,INF_ALL,,3.307142857142857,-1.8700000000000003,10.09,-0.5414285714285709,10,10,True
WPR,JPN,Japan,JP,NH,NH,SENTINEL,2006-01-30,2006,5,200605,429.0,12.0,441.0,,,441.0,INF_ALL,,3.9471428571428575,-2.8,11.98,0.6400000000000006,10,10,True
WPR,JPN,Japan,JP,NH,NH,SENTINEL,2006-02-06,2006,6,200606,330.0,9.0,339.0,,,339.0,INF_ALL,,2.9314285714285715,-2.1599999999999997,9.18,-1.015714285714286,10,10,True
WPR,JPN,Japan,JP,NH,NH,SENTINEL,2006-02-13,2006,7,200607,270.0,6.0,276.0,,,276.0,INF_ALL,,6.2128571428571435,-0.9399999999999998,14.290000000000001,3.281428571428572,10,10,True
WPR,JPN,Japan,JP,NH,NH,SENTINEL,2006-02-20,2006,8,200608,217.0,14.0,231.0,,,231.0,INF_ALL,,7.405714285714287,1.26,13.530000000000001,1.192857142857143,10,10,True
WPR,JPN,Japan,JP,NH,NH,SENTINEL,2006-02-27,2006,9,200609,202.0,9.0,211.0,,,211.0,INF_ALL,,5.198571428571428,-0.23000000000000012,13.05,-2.207142857142858,10,10,True
WPR,JPN,Japan,JP,NH,NH,SENTINEL,2006-03-06,2006,10,200610,142.0,19.0,161.0,,,161.0,INF_ALL,,8.571428571428573,1.7700000000000002,15.780000000000001,3.3728571428571446,10,10,True
WPR,JPN,Japan,JP,NH,NH,SENTINEL,2006-03-13,2006,11,200611,118.0,24.0,142.0,,,142.0,INF_ALL,,6.3271428571428565,-0.45999999999999985,13.99,-2.2442857142857164,10,10,True
WPR,JPN,Japan,JP,NH,NH,SENTINEL,2006-03-20,2006,12,200612,56.0,11.0,67.0,,,67.0,INF_ALL,,8.30142857142857,1.7400000000000002,15.02,1.9742857142857133,10,10,True
WPR,JPN,Japan,JP,NH,NH,SENTINEL,2006-03-27,2006,13,200613,45.0,6.0,51.0,,,51.0,INF_ALL,,8.302857142857142,1.42,16.29,0.001428571428572667,10,10,True
WPR,JPN,Japan,JP,NH,NH,SENTINEL,2006-04-03,2006,14,200614,32.0,4.0,36.0,,,36.0,INF_ALL,,9.992857142857144,4.49,16.73,1.6900000000000013,10,10,True
WPR,JPN,Japan,JP,NH,NH,SENTINEL,2006-04-10,2006,15,200615,32.0,12.0,44.0,,,44.0,INF_ALL,,11.751428571428573,5.319999999999999,18.71,1.758571428571429,10,10,True
WPR,JPN,Japan,JP,NH,NH,SENTINEL,2006-04-17,2006,16,200616,34.0,37.0,71.0,,,71.0,INF_ALL,,11.65,4.71,19.69,-0.10142857142857231,10,10,True
WPR,JPN,Japan,JP,NH,NH,SENTINEL,2006-04-24,2006,17,200617,19.0,36.0,55.0,,,55.0,INF_ALL,,12.994285714285715,6.49,20.98,1.3442857142857143,10,10,True
WPR,JPN,Japan,JP,NH,NH,SENTINEL,2006-05-01,2006,18,200618,6.0,26.0,32.0,,,32.0,INF_ALL,,15.905714285714286,7.63,23.869999999999997,2.911428571428571,10,10,True
WPR,JPN,Japan,JP,NH,NH,SENTINEL,2006-05-08,2006,19,200619,4.0,34.0,38.0,,,38.0,INF_ALL,,16.627142857142857,10.39,23.55,0.7214285714285715,10,10,True
WPR,JPN,Japan,JP,NH,NH,SENTINEL,2006-05-15,2006,20,200620,8.0,42.0,50.0,,,50.0,INF_ALL,,17.702857142857145,11.02,24.580000000000002,1.0757142857142874,10,10,True
WPR,JPN,Japan,JP,NH,NH,SENTINEL,2006-05-22,2006,21,200621,3.0,55.0,58.0,,,58.0,INF_ALL,,18.15714285714286,11.879999999999999,24.630000000000003,0.45428571428571374,10,10,True
WPR,JPN,Japan,JP,NH,NH,SENTINEL,2006-05-29,2006,22,200622,3.0,50.0,53.0,,,53.0,INF_ALL,,19.034285714285716,13.65,25.36,0.8771428571428572,10,10,True
WPR,JPN,Japan,JP,NH,NH,SENTINEL,2006-06-05,2006,23,200623,1.0,36.0,37.0,,,37.0,INF_ALL,,19.36,14.35,25.09,0.32571428571428385,10,10,True
WPR,JPN,Japan,JP,NH,NH,SENTINEL,2006-06-12,2006,24,200624,1.0,15.0,16.0,,,16.0,INF_ALL,,21.044285714285714,15.940000000000001,26.580000000000002,1.6842857142857142,10,10,True
WPR,JPN,Japan,JP,NH,NH,SENTINEL,2006-06-19,2006,25,200625,4.0,7.0,11.0,,,11.0,INF_ALL,,22.02,17.81,27.03,0.975714285714286,10,10,True
WPR,JPN,Japan,JP,NH,NH,SENTINEL,2006-06-26,2006,26,200626,4.0,6.0,10.0,,,10.0,INF_ALL,,23.454285714285714,19.259999999999998,28.26,1.4342857142857142,10,10,True
WPR,JPN,Japan,JP,NH,NH,SENTINEL,2006-07-03,2006,27,200627,1.0,1.0,2.0,,,2.0,INF_ALL,,23.104285714285716,19.4,28.22,-0.34999999999999787,10,10,True
WPR,JPN,Japan,JP,NH,NH,SENTINEL,2006-07-10,2006,28,200628,4.0,3.0,7.0,,,7.0,INF_ALL,,25.767142857142858,21.86,30.77,2.662857142857142,10,10,True
WPR,JPN,Japan,JP,NH,NH,SENTINEL,2006-07-17,2006,29,200629,0.0,6.0,6.0,,,6.0,INF_ALL,,23.178571428571427,20.119999999999997,27.46,-2.5885714285714307,10,10,True
WPR,JPN,Japan,JP,NH,NH,SENTINEL,2006-07-24,2006,30,200630,1.0,8.0,9.0,,,9.0,INF_ALL,,24.901428571428575,20.82,29.6,1.7228571428571477,10,10,True
WPR,JPN,Japan,JP,NH,NH,SENTINEL,2006-07-31,2006,31,200631,5.0,1.0,6.0,,,6.0,INF_ALL,,25.822857142857146,21.04,31.630000000000003,0.9214285714285708,10,10,True
WPR,JPN,Japan,JP,NH,NH,SENTINEL,2006-08-07,2006,32,200632,1.0,0.0,1.0,,,1.0,INF_ALL,,26.997142857142855,23.04,32.0,1.174285714285709,10,10,True
WPR,JPN,Japan,JP,NH,NH,SENTINEL,2006-08-14,2006,33,200633,0.0,0.0,,,,0.0,INF_A + INF_B,,27.13285714285714,23.22,31.830000000000002,0.13571428571428612,10,10,True
WPR,JPN,Japan,JP,NH,NH,SENTINEL,2006-08-21,2006,34,200634,0.0,0.0,,,,0.0,INF_A + INF_B,,26.424285714285713,22.54,30.669999999999998,-0.7085714285714282,10,10,True
WPR,JPN,Japan,JP,NH,NH,SENTINEL,2006-08-28,2006,35,200635,0.0,0.0,,,,0.0,INF_A + INF_B,,24.502857142857145,19.89,29.589999999999996,-1.9214285714285673,10,10,True
WPR,JPN,Japan,JP,NH,NH,SENTINEL,2006-09-04,2006,36,200636,0.0,2.0,2.0,,,2.0,INF_ALL,,24.158571428571427,19.419999999999998,29.860000000000003,-0.34428571428571786,10,10,True
WPR,JPN,Japan,JP,NH,NH,SENTINEL,2006-09-11,2006,37,200637,0.0,0.0,,,,0.0,INF_A + INF_B,,21.765714285714285,17.93,26.139999999999997,-2.3928571428571423,10,10,True
WPR,JPN,Japan,JP,NH,NH,SENTINEL,2006-09-18,2006,38,200638,0.0,3.0,3.0,,,3.0,INF_ALL,,21.041428571428572,15.170000000000002,27.160000000000004,-0.7242857142857133,10,10,True
WPR,JPN,Japan,JP,NH,NH,SENTINEL,2006-09-25,2006,39,200639,4.0,0.0,4.0,,,4.0,INF_ALL,,19.93714285714286,14.959999999999999,25.119999999999997,-1.1042857142857123,10,10,True
WPR,JPN,Japan,JP,NH,NH,SENTINEL,2006-10-02,2006,40,200640,0.0,0.0,,,,0.0,INF_A + INF_B,,19.1,14.65,24.509999999999998,-0.8371428571428581,10,10,True
WPR,JPN,Japan,JP,NH,NH,SENTINEL,2006-10-09,2006,41,200641,0.0,0.0,,,,0.0,INF_A + INF_B,,18.42142857142857,12.690000000000001,24.419999999999998,-0.6785714285714306,10,10,True
WPR,JPN,Japan,JP,NH,NH,SENTINEL,2006-10-16,2006,42,200642,1.0,1.0,2.0,,,2.0,INF_ALL,,17.931428571428572,12.41,23.55,-0.48999999999999844,10,10,True
WPR,JPN,Japan,JP,NH,NH,SENTINEL,2006-10-23,2006,43,200643,0.0,1.0,1.0,,,1.0,INF_ALL,,16.502857142857142,12.07,21.85,-1.4285714285714306,10,10,True
WPR,JPN,Japan,JP,NH,NH,SENTINEL,2006-10-30,2006,44,200644,0.0,1.0,1.0,,,1.0,INF_ALL,,15.39,9.9,20.96,-1.1128571428571412,10,10,True
WPR,JPN,Japan,JP,NH,NH,SENTINEL,2006-11-06,2006,45,200645,1.0,5.0,6.0,,,6.0,INF_ALL,,13.972857142857142,7.609999999999999,21.39,-1.4171428571428581,10,10,True
WPR,JPN,Japan,JP,NH,NH,SENTINEL,2006-11-13,2006,46,200646,4.0,2.0,6.0,,,6.0,INF_ALL,,11.265714285714285,6.24,17.98,-2.7071428571428573,10,10,True
WPR,JPN,Japan,JP,NH,NH,SENTINEL,2006-11-20,2006,47,200647,4.0,2.0,6.0,,,6.0,INF_ALL,,11.5,6.029999999999999,17.009999999999998,0.23428571428571487,10,10,True
WPR,JPN,Japan,JP,NH,NH,SENTINEL,2006-11-27,2006,48,200648,1.0,3.0,4.0,,,4.0,INF_ALL,,9.711428571428572,3.8200000000000003,16.31,-1.7885714285714283,10,10,True
WPR,JPN,Japan,JP,NH,NH,SENTINEL,2006-12-04,2006,49,200649,3.0,8.0,11.0,,,11.0,INF_ALL,,7.755714285714286,2.5300000000000002,12.940000000000001,-1.9557142857142855,10,10,True
WPR,JPN,Japan,JP,NH,NH,SENTINEL,2006-12-11,2006,50,200650,10.0,13.0,23.0,,,23.0,INF_ALL,,8.618571428571428,2.94,13.85,0.8628571428571421,10,10,True
WPR,JPN,Japan,JP,NH,NH,SENTINEL,2006-12-18,2006,51,200651,4.0,14.0,18.0,,,18.0,INF_ALL,,7.014285714285714,2.03,11.89,-1.604285714285714,10,10,True
WPR,JPN,Japan,JP,NH,NH,SENTINEL,2006-12-25,2006,52,200652,10.0,0.0,10.0,,,10.0,INF_ALL,,6.614285714285714,1.23,13.540000000000001,-0.40000000000000036,10,10,True
WPR,JPN,Japan,JP,NH,NH,SENTINEL,2007-01-01,2007,1,200701,18.0,4.0,22.0,,,22.0,INF_ALL,,6.4471428571428575,0.64,11.47,-0.16714285714285637,10,10,True
WPR,JPN,Japan,JP,NH,NH,SENTINEL,2007-01-08,2007,2,200702,34.0,8.0,42.0,,,42.0,INF_ALL,,4.63,0.8199999999999997,9.11,-1.8171428571428576,10,10,True
WPR,JPN,Japan,JP,NH,NH,SENTINEL,2007-01-15,2007,3,200703,104.0,43.0,147.0,,,147.0,INF_ALL,,5.844285714285714,0.6199999999999999,11.14,1.2142857142857144,10,10,True
WPR,JPN,Japan,JP,NH,NH,SENTINEL,2007-01-22,2007,4,200704,189.0,95.0,284.0,,,284.0,INF_ALL,,5.494285714285715,-0.059999999999999984,11.15,-0.34999999999999964,10,10,True
WPR,JPN,Japan,JP,NH,NH,SENTINEL,2007-01-29,2007,5,200705,224.0,89.0,313.0,,,313.0,INF_ALL,,4.96,-0.43999999999999995,11.42,-0.5342857142857147,10,10,True
WPR,JPN,Japan,JP,NH,NH,SENTINEL,2007-02-05,2007,6,200706,245.0,161.0,406.0,,,406.0,INF_ALL,,7.49,0.45,14.190000000000001,2.5300000000000002,10,10,True
WPR,JPN,Japan,JP,NH,NH,SENTINEL,2007-02-12,2007,7,200707,201.0,129.0,330.0,,,330.0,INF_ALL,,6.654285714285715,0.49000000000000005,13.66,-0.8357142857142854,10,10,True
WPR,JPN,Japan,JP,NH,NH,SENTINEL,2007-02-19,2007,8,200708,306.0,203.0,509.0,,,509.0,INF_ALL,,6.655714285714287,0.7500000000000002,14.219999999999999,0.0014285714285717788,10,10,True
WPR,JPN,Japan,JP,NH,NH,SENTINEL,2007-02-26,2007,9,200709,323.0,258.0,581.0,,,581.0,INF_ALL,,8.222857142857142,0.96,16.5,1.5671428571428558,10,10,True
WPR,JPN,Japan,JP,NH,NH,SENTINEL,2007-03-05,2007,10,200710,240.0,239.0,479.0,,,479.0,INF_ALL,,6.4314285714285715,0.4600000000000001,15.440000000000001,-1.791428571428571,10,10,True
WPR,JPN,Japan,JP,NH,NH,SENTINEL,2007-03-12,2007,11,200711,171.0,235.0,406.0,,,406.0,INF_ALL,,5.557142857142857,0.89,10.99,-0.8742857142857146,10,10,True
WPR,JPN,Japan,JP,NH,NH,SENTINEL,2007-03-19,2007,12,200712,143.0,118.0,261.0,,,261.0,INF_ALL,,8.735714285714286,1.57,16.44,3.178571428571429,10,10,True
WPR,JPN,Japan,JP,NH,NH,SENTINEL,2007-03-26,2007,13,200713,158.0,107.0,265.0,,,265.0,INF_ALL,,11.642857142857142,4.87,18.64,2.9071428571428566,10,10,True
WPR,JPN,Japan,JP,NH,NH,SENTINEL,2007-04-02,2007,14,200714,81.0,36.0,117.0,,,117.0,INF_ALL,,9.540000000000001,3.2299999999999995,16.33,-2.1028571428571414,10,10,True
WPR,JPN,Japan,JP,NH,NH,SENTINEL,2007-04-09,2007,15,200715,95.0,46.0,141.0,,,141.0,INF_ALL,,12.031428571428572,5.52,19.169999999999998,2.491428571428571,10,10,True
WPR,JPN,Japan,JP,NH,NH,SENTINEL,2007-04-16,2007,16,200716,69.0,40.0,109.0,,,109.0,INF_ALL,,12.328571428571427,5.6899999999999995,20.79,0.2971428571428554,10,10,True
WPR,JPN,Japan,JP,NH,NH,SENTINEL,2007-04-23,2007,17,200717,61.0,28.0,89.0,,,89.0,INF_ALL,,13.372857142857143,6.76,20.77,1.0442857142857154,10,10,True
WPR,JPN,Japan,JP,NH,NH,SENTINEL,2007-04-30,2007,18,200718,23.0,19.0,42.0,,,42.0,INF_ALL,,16.374285714285712,9.540000000000001,22.56,3.001428571428569,10,10,True
WPR,JPN,Japan,JP,NH,NH,SENTINEL,2007-05-07,2007,19,200719,25.0,17.0,42.0,,,42.0,INF_ALL,,16.369999999999997,9.43,24.380000000000003,-0.004285714285714448,10,10,True
WPR,JPN,Japan,JP,NH,NH,SENTINEL,2007-05-14,2007,20,200720,34.0,19.0,53.0,,,53.0,INF_ALL,,16.54,10.66,23.55,0.1700000000000017,10,10,True
WPR,JPN,Japan,JP,NH,NH,SENTINEL,2007-05-21,2007,21,200721,32.0,22.0,54.0,,,54.0,INF_ALL,,18.53714285714286,10.83,25.99,1.9971428571428618,10,10,True
WPR,JPN,Japan,JP,NH,NH,SENTINEL,2007-05-28,2007,22,200722,8.0,12.0,20.0,,,20.0,INF_ALL,,18.034285714285716,12.059999999999999,23.490000000000002,-0.5028571428571453,10,10,True
WPR,JPN,Japan,JP,NH,NH,SENTINEL,2007-06-04,2007,23,200723,11.0,0.0,11.0,,,11.0,INF_ALL,,20.077142857142857,14.719999999999999,25.330000000000002,2.042857142857141,10,10,True
WPR,JPN,Japan,JP,NH,NH,SENTINEL,2007-06-11,2007,24,200724,3.0,4.0,7.0,,,7.0,INF_ALL,,21.295714285714286,15.34,27.24,1.2185714285714297,10,10,True
WPR,JPN,Japan,JP,NH,NH,SENTINEL,2007-06-18,2007,25,200725,1.0,0.0,1.0,,,1.0,INF_ALL,,22.262857142857143,18.0,27.05,0.9671428571428571,10,10,True
WPR,JPN,Japan,JP,NH,NH,SENTINEL,2007-06-25,2007,26,200726,3.0,0.0,3.0,,,3.0,INF_ALL,,23.754285714285714,19.3,28.669999999999998,1.491428571428571,10,10,True
WPR,JPN,Japan,JP,NH,NH,SENTINEL,2007-07-02,2007,27,200727,1.0,0.0,1.0,,,1.0,INF_ALL,,22.965714285714284,19.23,27.4,-0.78857142857143,10,10,True
WPR,JPN,Japan,JP,NH,NH,SENTINEL,2007-07-09,2007,28,200728,5.0,0.0,5.0,,,5.0,INF_ALL,,22.947142857142858,19.9,27.130000000000003,-0.018571428571426907,10,10,True
WPR,JPN,Japan,JP,NH,NH,SENTINEL,2007-07-16,2007,29,200729,4.0,0.0,4.0,,,4.0,INF_ALL,,23.43,19.73,28.610000000000003,0.4828571428571422,10,10,True
WPR,JPN,Japan,JP,NH,NH,SENTINEL,2007-07-23,2007,30,200730,4.0,0.0,4.0,,,4.0,INF_ALL,,25.334285714285716,19.97,30.29,1.9042857142857166,10,10,True
WPR,JPN,Japan,JP,NH,NH,SENTINEL,2007-07-30,2007,31,200731,0.0,0.0,,,,0.0,INF_A + INF_B,,25.225714285714286,19.53,31.110000000000003,-0.10857142857143032,10,10,True
WPR,JPN,Japan,JP,NH,NH,SENTINEL,2007-08-06,2007,32,200732,0.0,0.0,,,,0.0,INF_A + INF_B,,26.884285714285717,23.05,31.97,1.658571428571431,10,10,True
WPR,JPN,Japan,JP,NH,NH,SENTINEL,2007-08-13,2007,33,200733,6.0,0.0,6.0,,,6.0,INF_ALL,,27.727142857142855,23.21,33.55,0.8428571428571381,10,10,True
WPR,JPN,Japan,JP,NH,NH,SENTINEL,2007-08-20,2007,34,200734,2.0,0.0,2.0,,,2.0,INF_ALL,,26.60285714285714,22.169999999999998,31.669999999999998,-1.1242857142857154,10,10,True
WPR,JPN,Japan,JP,NH,NH,SENTINEL,2007-08-27,2007,35,200735,0.0,0.0,,,,0.0,INF_A + INF_B,,25.17142857142857,21.240000000000002,30.74,-1.4314285714285688,10,10,True
WPR,JPN,Japan,JP,NH,NH,SENTINEL,2007-09-03,2007,36,200736,2.0,0.0,2.0,,,2.0,INF_ALL,,25.60857142857143,21.43,30.919999999999998,0.4371428571428595,10,10,True
WPR,JPN,Japan,JP,NH,NH,SENTINEL,2007-09-10,2007,37,200737,2.0,0.0,2.0,,,2.0,INF_ALL,,24.495714285714286,19.29,29.71,-1.1128571428571448,10,10,True
WPR,JPN,Japan,JP,NH,NH,SENTINEL,2007-09-17,2007,38,200738,1.0,0.0,1.0,,,1.0,INF_ALL,,24.917142857142856,20.75,30.29,0.4214285714285708,10,10,True
WPR,JPN,Japan,JP,NH,NH,SENTINEL,2007-09-24,2007,39,200739,6.0,0.0,6.0,,,6.0,INF_ALL,,21.878571428571426,17.21,27.65,-3.03857142857143,10,10,True
WPR,JPN,Japan,JP,NH,NH,SENTINEL,2007-10-01,2007,40,200740,11.0,0.0,11.0,,,11.0,INF_ALL,,20.88285714285714,16.1,25.669999999999998,-0.9957142857142856,10,10,True
WPR,JPN,Japan,JP,NH,NH,SENTINEL,2007-10-08,2007,41,200741,10.0,0.0,10.0,,,10.0,INF_ALL,,18.747142857142855,13.9,24.16,-2.135714285714286,10,10,True
WPR,JPN,Japan,JP,NH,NH,SENTINEL,2007-10-15,2007,42,200742,22.0,0.0,22.0,,,22.0,INF_ALL,,16.201428571428572,10.559999999999999,21.5,-2.5457142857142827,10,10,True
WPR,JPN,Japan,JP,NH,NH,SENTINEL,2007-10-22,2007,43,200743,34.0,2.0,36.0,,,36.0,INF_ALL,,16.587142857142858,9.98,22.169999999999998,0.3857142857142861,10,10,True
WPR,JPN,Japan,JP,NH,NH,SENTINEL,2007-10-29,2007,44,200744,30.0,3.0,33.0,,,33.0,INF_ALL,,15.284285714285716,9.85,21.5,-1.3028571428571425,10,10,True
WPR,JPN,Japan,JP,NH,NH,SENTINEL,2007-11-05,2007,45,200745,55.0,1.0,56.0,,,56.0,INF_ALL,,14.357142857142858,9.22,19.31,-0.9271428571428579,10,10,True
WPR,JPN,Japan,JP,NH,NH,SENTINEL,2007-11-12,2007,46,200746,92.0,1.0,93.0,,,93.0,INF_ALL,,11.798571428571428,5.32,17.72,-2.5585714285714296,10,10,True
WPR,JPN,Japan,JP,NH,NH,SENTINEL,2007-11-19,2007,47,200747,83.0,1.0,84.0,,,84.0,INF_ALL,,8.448571428571428,3.75,15.809999999999999,-3.3499999999999996,10,10,True
WPR,JPN,Japan,JP,NH,NH,SENTINEL,2007-11-26,2007,48,200748,179.0,2.0,181.0,,,181.0,INF_ALL,,10.174285714285713,5.2,17.0,1.7257142857142842,10,10,True
WPR,JPN,Japan,JP,NH,NH,SENTINEL,2007-12-03,2007,49,200749,220.0,5.0,225.0,,,225.0,INF_ALL,,7.585714285714286,3.3899999999999997,12.03,-2.5885714285714263,10,10,True
WPR,JPN,Japan,JP,NH,NH,SENTINEL,2007-12-10,2007,50,200750,334.0,1.0,335.0,,,335.0,INF_ALL,,7.987142857142857,2.83,13.41,0.40142857142857036,10,10,True
WPR,JPN,Japan,JP,NH,NH,SENTINEL,2007-12-17,2007,51,200751,298.0,1.0,299.0,,,299.0,INF_ALL,,7.082857142857144,2.62,12.629999999999999,-0.904285714285713,10,10,True
WPR,JPN,Japan,JP,NH,NH,SENTINEL,2007-12-24,2007,52,200752,150.0,2.0,152.0,,,152.0,INF_ALL,,7.721428571428572,1.3699999999999999,13.4,0.6385714285714288,10,10,True
WPR,JPN,Japan,JP,NH,NH,SENTINEL,2007-12-31,2008,1,200801,49.0,0.0,49.0,,,49.0,INF_ALL,,4.568571428571429,0.13000000000000017,11.290000000000001,-3.152857142857143,10,10,True
WPR,JPN,Japan,JP,NH,NH,SENTINEL,2008-01-07,2008,2,200802,276.0,1.0,277.0,,,277.0,INF_ALL,,6.368571428571428,0.51,12.88,1.799999999999999,10,10,True
WPR,JPN,Japan,JP,NH,NH,SENTINEL,2008-01-14,2008,3,200803,316.0,6.0,322.0,,,322.0,INF_ALL,,3.1185714285714288,-1.24,8.42,-3.2499999999999996,10,10,True
WPR,JPN,Japan,JP,NH,NH,SENTINEL,2008-01-21,2008,4,200804,444.0,11.0,455.0,,,455.0,INF_ALL,,3.0300000000000002,-1.2499999999999998,7.85,-0.08857142857142852,10,10,True
WPR,JPN,Japan,JP,NH,NH,SENTINEL,2008-01-28,2008,5,200805,374.0,17.0,391.0,,,391.0,INF_ALL,,3.6557142857142857,-0.6999999999999998,8.64,0.6257142857142854,10,10,True
WPR,JPN,Japan,JP,NH,NH,SENTINEL,2008-02-04,2008,6,200806,287.0,12.0,299.0,,,299.0,INF_ALL,,3.1957142857142857,-1.52,9.0,-0.45999999999999996,10,10,True
WPR,JPN,Japan,JP,NH,NH,SENTINEL,2008-02-11,2008,7,200807,170.0,22.0,192.0,,,192.0,INF_ALL,,2.8114285714285714,-1.58,9.15,-0.38428571428571434,10,10,True
WPR,JPN,Japan,JP,NH,NH,SENTINEL,2008-02-18,2008,8,200808,245.0,28.0,273.0,,,273.0,INF_ALL,,4.3914285714285715,-1.78,12.52,1.58,10,10,True
WPR,JPN,Japan,JP,NH,NH,SENTINEL,2008-02-25,2008,9,200809,149.0,26.0,175.0,,,175.0,INF_ALL,,4.864285714285715,-1.2599999999999998,12.41,0.4728571428571433,10,10,True
WPR,JPN,Japan,JP,NH,NH,SENTINEL,2008-03-03,2008,10,200810,112.0,25.0,137.0,,,137.0,INF_ALL,,5.555714285714286,0.16999999999999993,13.15,0.6914285714285713,10,10,True
WPR,JPN,Japan,JP,NH,NH,SENTINEL,2008-03-10,2008,11,200811,85.0,23.0,108.0,,,108.0,INF_ALL,,9.861428571428572,2.88,16.65,4.305714285714286,10,10,True
WPR,JPN,Japan,JP,NH,NH,SENTINEL,2008-03-17,2008,12,200812,74.0,17.0,91.0,,,91.0,INF_ALL,,10.141428571428571,3.3600000000000003,17.130000000000003,0.27999999999999936,10,10,True
WPR,JPN,Japan,JP,NH,NH,SENTINEL,2008-03-24,2008,13,200813,47.0,21.0,68.0,,,68.0,INF_ALL,,9.374285714285714,4.069999999999999,15.91,-0.7671428571428578,10,10,True
WPR,JPN,Japan,JP,NH,NH,SENTINEL,2008-03-31,2008,14,200814,32.0,16.0,48.0,,,48.0,INF_ALL,,10.218571428571428,4.34,17.78,0.8442857142857143,10,10,True
WPR,JPN,Japan,JP,NH,NH,SENTINEL,2008-04-07,2008,15,200815,26.0,9.0,35.0,,,35.0,INF_ALL,,12.397142857142857,6.409999999999999,18.81,2.178571428571429,10,10,True
WPR,JPN,Japan,JP,NH,NH,SENTINEL,2008-04-14,2008,16,200816,27.0,24.0,51.0,,,51.0,INF_ALL,,13.742857142857142,7.409999999999999,20.14,1.3457142857142852,10,10,True
WPR,JPN,Japan,JP,NH,NH,SENTINEL,2008-04-21,2008,17,200817,18.0,18.0,36.0,,,36.0,INF_ALL,,14.25,7.109999999999999,21.54,0.507142857142858,10,10,True
WPR,JPN,Japan,JP,NH,NH,SENTINEL,2008-04-28,2008,18,200818,8.0,6.0,14.0,,,14.0,INF_ALL,,16.955714285714286,8.3,25.02,2.7057142857142864,10,10,True
WPR,JPN,Japan,JP,NH,NH,SENTINEL,2008-05-05,2008,19,200819,5.0,4.0,9.0,,,9.0,INF_ALL,,15.748571428571429,9.32,23.7,-1.2071428571428573,10,10,True
WPR,JPN,Japan,JP,NH,NH,SENTINEL,2008-05-12,2008,20,200820,10.0,1.0,11.0,,,11.0,INF_ALL,,15.572857142857142,9.040000000000001,22.759999999999998,-0.17571428571428704,10,10,True
WPR,JPN,Japan,JP,NH,NH,SENTINEL,2008-05-19,2008,21,200821,26.0,2.0,28.0,,,28.0,INF_ALL,,18.442857142857143,11.29,25.04,2.870000000000001,10,10,True
WPR,JPN,Japan,JP,NH,NH,SENTINEL,2008-05-26,2008,22,200822,7.0,1.0,8.0,,,8.0,INF_ALL,,18.43,12.86,25.080000000000002,-0.012857142857143344,10,10,True
WPR,JPN,Japan,JP,NH,NH,SENTINEL,2008-06-02,2008,23,200823,6.0,1.0,7.0,,,7.0,INF_ALL,,19.13142857142857,14.5,24.86,0.701428571428572,10,10,True
WPR,JPN,Japan,JP,NH,NH,SENTINEL,2008-06-09,2008,24,200824,8.0,0.0,8.0,,,8.0,INF_ALL,,20.447142857142858,15.309999999999999,26.24,1.3157142857142858,10,10,True
WPR,JPN,Japan,JP,NH,NH,SENTINEL,2008-06-16,2008,25,200825,2.0,0.0,2.0,,,2.0,INF_ALL,,21.725714285714286,16.61,26.74,1.2785714285714285,10,10,True
WPR,JPN,Japan,JP,NH,NH,SENTINEL,2008-06-23,2008,26,200826,8.0,0.0,8.0,,,8.0,INF_ALL,,21.642857142857142,17.6,26.27,-0.08285714285714363,10,10,True
WPR,JPN,Japan,JP,NH,NH,SENTINEL,2008-06-30,2008,27,200827,1.0,2.0,3.0,,,3.0,INF_ALL,,23.735714285714284,17.47,29.7,2.0928571428571416,10,10,True
WPR,JPN,Japan,JP,NH,NH,SENTINEL,2008-07-07,2008,28,200828,3.0,5.0,8.0,,,8.0,INF_ALL,,24.677142857142858,20.5,30.0,0.941428571428574,10,10,True
WPR,JPN,Japan,JP,NH,NH,SENTINEL,2008-07-14,2008,29,200829,2.0,3.0,5.0,,,5.0,INF_ALL,,26.072857142857146,22.45,30.7,1.3957142857142877,10,10,True
WPR,JPN,Japan,JP,NH,NH,SENTINEL,2008-07-21,2008,30,200830,0.0,0.0,,,,0.0,INF_A + INF_B,,26.714285714285715,23.16,31.339999999999996,0.6414285714285697,10,10,True
WPR,JPN,Japan,JP,NH,NH,SENTINEL,2008-07-28,2008,31,200831,0.0,0.0,,,,0.0,INF_A + INF_B,,26.401428571428575,22.47,31.330000000000002,-0.3128571428571405,10,10,True
WPR,JPN,Japan,JP,NH,NH,SENTINEL,2008-08-04,2008,32,200832,1.0,0.0,1.0,,,1.0,INF_ALL,,27.045714285714286,22.77,32.5,0.6442857142857115,10,10,True
WPR,JPN,Japan,JP,NH,NH,SENTINEL,2008-08-11,2008,33,200833,0.0,0.0,,,,0.0,INF_A + INF_B,,26.601428571428574,22.380000000000003,31.660000000000004,-0.4442857142857122,10,10,True
WPR,JPN,Japan,JP,NH,NH,SENTINEL,2008-08-18,2008,34,200834,0.0,0.0,,,,0.0,INF_A + INF_B,,24.21857142857143,19.9,29.880000000000003,-2.3828571428571443,10,10,True
WPR,JPN,Japan,JP,NH,NH,SENTINEL,2008-08-25,2008,35,200835,4.0,0.0,4.0,,,4.0,INF_ALL,,24.15142857142857,19.96,29.060000000000002,-0.0671428571428585,10,10,True
WPR,JPN,Japan,JP,NH,NH,SENTINEL,2008-09-01,2008,36,200836,4.0,0.0,4.0,,,4.0,INF_ALL,,25.02857142857143,21.380000000000003,29.55,0.8771428571428572,10,10,True
WPR,JPN,Japan,JP,NH,NH,SENTINEL,2008-09-08,2008,37,200837,2.0,2.0,4.0,,,4.0,INF_ALL,,23.791428571428572,18.130000000000003,28.669999999999998,-1.2371428571428567,10,10,True
WPR,JPN,Japan,JP,NH,NH,SENTINEL,2008-09-15,2008,38,200838,0.0,4.0,4.0,,,4.0,INF_ALL,,23.077142857142857,19.22,28.060000000000002,-0.7142857142857153,10,10,True
WPR,JPN,Japan,JP,NH,NH,SENTINEL,2008-09-22,2008,39,200839,0.0,0.0,,,,0.0,INF_A + INF_B,,20.544285714285714,14.6,26.610000000000003,-2.532857142857143,10,10,True
WPR,JPN,Japan,JP,NH,NH,SENTINEL,2008-09-29,2008,40,200840,0.0,2.0,2.0,,,2.0,INF_ALL,,18.53142857142857,14.030000000000001,23.8,-2.0128571428571433,10,10,True
WPR,JPN,Japan,JP,NH,NH,SENTINEL,2008-10-06,2008,41,200841,1.0,18.0,19.0,,,19.0,INF_ALL,,19.405714285714286,13.330000000000002,24.41,0.8742857142857154,10,10,True
WPR,JPN,Japan,JP,NH,NH,SENTINEL,2008-10-13,2008,42,200842,4.0,1.0,5.0,,,5.0,INF_ALL,,18.052857142857142,12.77,23.619999999999997,-1.3528571428571432,10,10,True
WPR,JPN,Japan,JP,NH,NH,SENTINEL,2008-10-20,2008,43,200843,8.0,2.0,10.0,,,10.0,INF_ALL,,18.34285714285714,13.36,23.6,0.28999999999999915,10,10,True
WPR,JPN,Japan,JP,NH,NH,SENTINEL,2008-10-27,2008,44,200844,18.0,3.0,21.0,,,21.0,INF_ALL,,14.524285714285714,9.819999999999999,19.5,-3.8185714285714276,10,10,True
WPR,JPN,Japan,JP,NH,NH,SENTINEL,2008-11-03,2008,45,200845,26.0,5.0,31.0,,,31.0,INF_ALL,,14.282857142857143,9.1,21.009999999999998,-0.2414285714285711,10,10,True
WPR,JPN,Japan,JP,NH,NH,SENTINEL,2008-11-10,2008,46,200846,51.0,4.0,55.0,,,55.0,INF_ALL,,12.928571428571427,7.76,18.64,-1.3542857142857159,10,10,True
WPR,JPN,Japan,JP,NH,NH,SENTINEL,2008-11-17,2008,47,200847,36.0,16.0,52.0,,,52.0,INF_ALL,,9.014285714285714,2.9699999999999998,16.31,-3.914285714285713,10,10,True
WPR,JPN,Japan,JP,NH,NH,SENTINEL,2008-11-24,2008,48,200848,49.0,15.0,64.0,,,64.0,INF_ALL,,9.32857142857143,4.9,14.680000000000001,0.31428571428571495,10,10,True
WPR,JPN,Japan,JP,NH,NH,SENTINEL,2008-12-01,2008,49,200849,167.0,36.0,203.0,,,203.0,INF_ALL,,8.184285714285714,1.3900000000000001,16.32,-1.144285714285715,10,10,True
WPR,JPN,Japan,JP,NH,NH,SENTINEL,2008-12-08,2008,50,200850,253.0,21.0,274.0,,,274.0,INF_ALL,,9.024285714285714,2.2800000000000002,16.28,0.8399999999999999,10,10,True
WPR,JPN,Japan,JP,NH,NH,SENTINEL,2008-12-15,2008,51,200851,253.0,26.0,279.0,,,279.0,INF_ALL,,8.05857142857143,2.0999999999999996,15.73,-0.9657142857142844,10,10,True
WPR,JPN,Japan,JP,NH,NH,SENTINEL,2008-12-22,2008,52,200852,209.0,27.0,236.0,,,236.0,INF_ALL,,5.598571428571429,0.7500000000000002,12.22,-2.460000000000001,10,10,True
WPR,JPN,Japan,JP,NH,NH,SENTINEL,2008-12-29,2009,1,200901,40.0,6.0,46.0,,,46.0,INF_ALL,,5.445714285714286,1.34,11.5,-0.15285714285714302,10,10,True
WPR,JPN,Japan,JP,NH,NH,SENTINEL,2009-01-05,2009,2,200902,462.0,23.0,485.0,,,485.0,INF_ALL,,4.8742857142857146,-0.14999999999999997,9.97,-0.5714285714285712,10,10,True
WPR,JPN,Japan,JP,NH,NH,SENTINEL,2009-01-12,2009,3,200903,544.0,47.0,591.0,,,591.0,INF_ALL,,3.3771428571428572,-1.02,10.030000000000001,-1.4971428571428573,10,10,True
WPR,JPN,Japan,JP,NH,NH,SENTINEL,2009-01-19,2009,4,200904,872.0,77.0,949.0,,,949.0,INF_ALL,,5.3,-1.19,12.45,1.9228571428571426,10,10,True
WPR,JPN,Japan,JP,NH,NH,SENTINEL,2009-01-26,2009,5,200905,757.0,86.0,843.0,,,843.0,INF_ALL,,5.794285714285714,-0.75,12.59,0.4942857142857138,10,10,True
WPR,JPN,Japan,JP,NH,NH,SENTINEL,2009-02-02,2009,6,200906,474.0,86.0,560.0,,,560.0,INF_ALL,,5.621428571428572,0.7200000000000001,11.01,-0.1728571428571417,10,10,True
WPR,JPN,Japan,JP,NH,NH,SENTINEL,2009-02-09,2009,7,200907,284.0,102.0,386.0,,,386.0,INF_ALL,,8.232857142857142,0.8699999999999999,16.61,2.6114285714285703,10,10,True
WPR,JPN,Japan,JP,NH,NH,SENTINEL,2009-02-16,2009,8,200908,207.0,125.0,332.0,,,332.0,INF_ALL,,4.522857142857143,-0.7100000000000002,11.91,-3.709999999999999,10,10,True
WPR,JPN,Japan,JP,NH,NH,SENTINEL,2009-02-23,2009,9,200909,152.0,175.0,327.0,,,327.0,INF_ALL,,7.377142857142857,2.5,12.89,2.854285714285714,10,10,True
WPR,JPN,Japan,JP,NH,NH,SENTINEL,2009-03-02,2009,10,200910,105.0,241.0,346.0,,,346.0,INF_ALL,,6.951428571428572,1.53,13.180000000000001,-0.42571428571428527,10,10,True
WPR,JPN,Japan,JP,NH,NH,SENTINEL,2009-03-09,2009,11,200911,65.0,239.0,304.0,,,304.0,INF_ALL,,7.632857142857143,1.1999999999999997,14.540000000000001,0.6814285714285706,10,10,True
WPR,JPN,Japan,JP,NH,NH,SENTINEL,2009-03-16,2009,12,200912,36.0,140.0,176.0,,,176.0,INF_ALL,,11.242857142857142,2.87,19.45,3.6099999999999994,10,10,True
WPR,JPN,Japan,JP,NH,NH,SENTINEL,2009-03-23,2009,13,200913,21.0,87.0,108.0,,,108.0,INF_ALL,,7.217142857142856,1.6300000000000001,13.27,-4.025714285714286,10,10,True
WPR,JPN,Japan,JP,NH,NH,SENTINEL,2009-03-30,2009,14,200914,31.0,70.0,101.0,,,101.0,INF_ALL,,8.97,2.5900000000000003,16.18,1.7528571428571444,10,10,True
WPR,JPN,Japan,JP,NH,NH,SENTINEL,2009-04-06,2009,15,200915,21.0,62.0,83.0,,,83.0,INF_ALL,,13.36,5.279999999999999,22.119999999999997,4.389999999999999,10,10,True
WPR,JPN,Japan,JP,NH,NH,SENTINEL,2009-04-13,2009,16,200916,25.0,76.0,101.0,,,101.0,INF_ALL,,14.468571428571428,8.24,22.43,1.1085714285714285,10,10,True
WPR,JPN,Japan,JP,NH,NH,SENTINEL,2009-04-20,2009,17,200917,29.0,73.0,102.0,,,102.0,INF_ALL,,13.89,8.14,21.1,-0.5785714285714274,10,10,True
WPR,JPN,Japan,JP,NH,NH,SENTINEL,2009-04-27,2009,18,200918,76.0,39.0,115.0,,,115.0,INF_ALL,,13.972857142857142,6.37,21.91,0.08285714285714185,10,10,True
WPR,JPN,Japan,JP,NH,NH,SENTINEL,2009-05-04,2009,19,200919,72.0,18.0,90.0,,,90.0,INF_ALL,,17.14142857142857,11.620000000000001,25.04,3.1685714285714273,10,10,True
WPR,JPN,Japan,JP,NH,NH,SENTINEL,2009-05-11,2009,20,200920,208.0,30.0,238.0,,,238.0,INF_ALL,,17.24857142857143,10.0,24.619999999999997,0.1071428571428612,10,10,True
WPR,JPN,Japan,JP,NH,NH,SENTINEL,2009-05-18,2009,21,200921,494.0,23.0,517.0,,,517.0,INF_ALL,,19.177142857142858,13.26,26.330000000000002,1.928571428571427,10,10,True
WPR,JPN,Japan,JP,NH,NH,SENTINEL,2009-05-25,2009,22,200922,174.0,10.0,184.0,,,184.0,INF_ALL,,18.330000000000002,13.26,24.1,-0.8471428571428561,10,10,True
WPR,JPN,Japan,JP,NH,NH,SENTINEL,2009-06-01,2009,23,200923,104.0,6.0,110.0,,,110.0,INF_ALL,,19.44,13.24,25.910000000000004,1.1099999999999994,10,10,True
WPR,JPN,Japan,JP,NH,NH,SENTINEL,2009-06-08,2009,24,200924,201.0,4.0,205.0,,,205.0,INF_ALL,,20.362857142857145,15.569999999999999,25.57,0.9228571428571435,10,10,True
WPR,JPN,Japan,JP,NH,NH,SENTINEL,2009-06-15,2009,25,200925,248.0,4.0,252.0,,,252.0,INF_ALL,,21.297142857142855,15.940000000000001,27.01,0.9342857142857106,10,10,True
WPR,JPN,Japan,JP,NH,NH,SENTINEL,2009-06-22,2009,26,200926,277.0,4.0,281.0,,,281.0,INF_ALL,,23.732857142857142,18.72,29.27,2.435714285714287,10,10,True
WPR,JPN,Japan,JP,NH,NH,SENTINEL,2009-06-29,2009,27,200927,423.0,0.0,423.0,,,423.0,INF_ALL,,22.768571428571427,18.78,27.830000000000002,-0.9642857142857153,10,10,True
WPR,JPN,Japan,JP,NH,NH,SENTINEL,2009-07-06,2009,28,200928,819.0,4.0,823.0,,,823.0,INF_ALL,,24.244285714285716,19.86,28.78,1.4757142857142895,10,10,True
WPR,JPN,Japan,JP,NH,NH,SENTINEL,2009-07-13,2009,29,200929,1151.0,0.0,1151.0,,,1151.0,INF_ALL,,25.29,20.94,30.089999999999996,1.0457142857142827,10,10,True
WPR,JPN,Japan,JP,NH,NH,SENTINEL,2009-07-20,2009,30,200930,1039.0,0.0,1039.0,,,1039.0,INF_ALL,,24.514285714285712,20.78,29.110000000000003,-0.7757142857142867,10,10,True
WPR,JPN,Japan,JP,NH,NH,SENTINEL,2009-07-27,2009,31,200931,761.0,0.0,761.0,,,761.0,INF_ALL,,24.625714285714285,21.57,28.880000000000003,0.1114285714285721,10,10,True
WPR,JPN,Japan,JP,NH,NH,SENTINEL,2009-08-03,2009,32,200932,1060.0,0.0,1060.0,,,1060.0,INF_ALL,,25.774285714285714,22.27,30.139999999999997,1.1485714285714295,10,10,True
WPR,JPN,Japan,JP,NH,NH,SENTINEL,2009-08-10,2009,33,200933,1134.0,0.0,1134.0,,,1134.0,INF_ALL,,25.692857142857143,21.580000000000002,30.6,-0.08142857142857096,10,10,True
WPR,JPN,Japan,JP,NH,NH,SENTINEL,2009-08-17,2009,34,200934,1528.0,0.0,1528.0,,,1528.0,INF_ALL,,25.524285714285714,21.19,30.169999999999998,-0.16857142857142904,10,10,True
WPR,JPN,Japan,JP,NH,NH,SENTINEL,2009-08-24,2009,35,200935,1008.0,0.0,1008.0,,,1008.0,INF_ALL,,23.937142857142856,18.53,29.330000000000002,-1.587142857142858,10,10,True
WPR,JPN,Japan,JP,NH,NH,SENTINEL,2009-08-31,2009,36,200936,599.0,0.0,599.0,,,599.0,INF_ALL,,23.65285714285714,19.509999999999998,29.23,-0.2842857142857156,10,10,True
WPR,JPN,Japan,JP,NH,NH,SENTINEL,2009-09-07,2009,37,200937,521.0,0.0,521.0,,,521.0,INF_ALL,,22.248571428571427,17.32,28.7,-1.404285714285713,10,10,True
WPR,JPN,Japan,JP,NH,NH,SENTINEL,2009-09-14,2009,38,200938,720.0,0.0,720.0,,,720.0,INF_ALL,,20.947142857142858,15.709999999999999,26.360000000000003,-1.3014285714285698,10,10,True
WPR,JPN,Japan,JP,NH,NH,SENTINEL,2009-09-21,2009,39,200939,477.0,0.0,477.0,,,477.0,INF_ALL,,21.91142857142857,16.21,27.330000000000002,0.9642857142857117,10,10,True
WPR,JPN,Japan,JP,NH,NH,SENTINEL,2009-09-28,2009,40,200940,755.0,0.0,755.0,,,755.0,INF_ALL,,21.104285714285716,15.930000000000001,26.01,-0.8071428571428534,10,10,True
WPR,JPN,Japan,JP,NH,NH,SENTINEL,2009-10-05,2009,41,200941,999.0,0.0,999.0,,,999.0,INF_ALL,,17.62,12.559999999999999,22.45,-3.484285714285715,10,10,True
WPR,JPN,Japan,JP,NH,NH,SENTINEL,2009-10-12,2009,42,200942,1027.0,0.0,1027.0,,,1027.0,INF_ALL,,16.637142857142855,11.74,21.990000000000002,-0.9828571428571458,10,10,True
WPR,JPN,Japan,JP,NH,NH,SENTINEL,2009-10-19,2009,43,200943,1399.0,0.0,1399.0,,,1399.0,INF_ALL,,16.122857142857143,10.639999999999999,21.869999999999997,-0.5142857142857125,10,10,True
WPR,JPN,Japan,JP,NH,NH,SENTINEL,2009-10-26,2009,44,200944,1656.0,0.0,1656.0,,,1656.0,INF_ALL,,16.315714285714286,10.89,22.86,0.19285714285714306,10,10,True
WPR,JPN,Japan,JP,NH,NH,SENTINEL,2009-11-02,2009,45,200945,1431.0,0.0,1431.0,,,1431.0,INF_ALL,,13.09142857142857,5.55,20.86,-3.224285714285715,10,10,True
WPR,JPN,Japan,JP,NH,NH,SENTINEL,2009-11-09,2009,46,200946,1554.0,0.0,1554.0,,,1554.0,INF_ALL,,14.214285714285714,8.57,20.52,1.1228571428571428,10,10,True
WPR,JPN,Japan,JP,NH,NH,SENTINEL,2009-11-16,2009,47,200947,1573.0,1.0,1574.0,,,1574.0,INF_ALL,,9.112857142857141,4.959999999999999,13.459999999999999,-5.101428571428572,10,10,True
WPR,JPN,Japan,JP,NH,NH,SENTINEL,2009-11-23,2009,48,200948,1399.0,0.0,1399.0,,,1399.0,INF_ALL,,11.144285714285715,5.76,17.27,2.031428571428574,10,10,True
WPR,JPN,Japan,JP,NH,NH,SENTINEL,2009-11-30,2009,49,200949,1424.0,0.0,1424.0,,,1424.0,INF_ALL,,9.464285714285714,4.66,14.98,-1.6800000000000015,10,10,True
WPR,JPN,Japan,JP,NH,NH,SENTINEL,2009-12-07,2009,50,200950,1284.0,1.0,1285.0,,,1285.0,INF_ALL,,9.214285714285714,3.53,15.05,-0.25,10,10,True
WPR,JPN,Japan,JP,NH,NH,SENTINEL,2009-12-14,2009,51,200951,1019.0,0.0,1019.0,,,1019.0,INF_ALL,,4.292857142857143,-0.11000000000000018,10.629999999999999,-4.921428571428571,10,10,True
WPR,JPN,Japan,JP,NH,NH,SENTINEL,2009-12-21,2009,52,200952,604.0,0.0,604.0,,,604.0,INF_ALL,,5.771428571428571,0.21999999999999997,11.72,1.4785714285714286,10,10,True
WPR,JPN,Japan,JP,NH,NH,SENTINEL,2009-12-28,2009,53,200953,174.0,0.0,174.0,,,174.0,INF_ALL,,4.42,-0.04999999999999991,11.11,-1.3514285714285714,10,10,True
WPR,JPN,Japan,JP,NH,NH,SENTINEL,2010-01-04,2010,1,201001,503.0,0.0,503.0,,,503.0,INF_ALL,,4.2942857142857145,0.09999999999999978,9.76,-0.12571428571428545,10,10,True
WPR,JPN,Japan,JP,NH,NH,SENTINEL,2010-01-11,2010,2,201002,479.0,1.0,480.0,,,480.0,INF_ALL,,2.8899999999999997,-1.4900000000000002,8.879999999999999,-1.4042857142857148,10,10,True
WPR,JPN,Japan,JP,NH,NH,SENTINEL,2010-01-18,2010,3,201003,541.0,1.0,542.0,,,542.0,INF_ALL,,5.557142857142857,-0.37000000000000005,14.48,2.6671428571428573,10,10,True
WPR,JPN,Japan,JP,NH,NH,SENTINEL,2010-01-25,2010,4,201004,407.0,2.0,409.0,,,409.0,INF_ALL,,5.868571428571428,0.26000000000000006,12.28,0.3114285714285714,10,10,True
WPR,JPN,Japan,JP,NH,NH,SENTINEL,2010-02-01,2010,5,201005,342.0,4.0,346.0,,,346.0,INF_ALL,,2.61,-2.02,8.75,-3.2585714285714285,10,10,True
WPR,JPN,Japan,JP,NH,NH,SENTINEL,2010-02-08,2010,6,201006,262.0,3.0,265.0,,,265.0,INF_ALL,,6.014285714285714,-0.5499999999999999,14.8,3.4042857142857144,10,10,True
WPR,JPN,Japan,JP,NH,NH,SENTINEL,2010-02-15,2010,7,201007,251.0,4.0,255.0,,,255.0,INF_ALL,,3.7299999999999995,-1.1400000000000001,9.49,-2.2842857142857147,10,10,True
WPR,JPN,Japan,JP,NH,NH,SENTINEL,2010-02-22,2010,8,201008,170.0,8.0,178.0,,,178.0,INF_ALL,,9.704285714285714,0.9199999999999999,17.28,5.974285714285714,10,10,True
WPR,JPN,Japan,JP,NH,NH,SENTINEL,2010-03-01,2010,9,201009,101.0,14.0,115.0,,,115.0,INF_ALL,,8.835714285714285,3.72,15.63,-0.8685714285714283,10,10,True
WPR,JPN,Japan,JP,NH,NH,SENTINEL,2010-03-08,2010,10,201010,78.0,10.0,88.0,,,88.0,INF_ALL,,6.385714285714286,-0.21000000000000005,15.05,-2.4499999999999993,10,10,True
WPR,JPN,Japan,JP,NH,NH,SENTINEL,2010-03-15,2010,11,201011,50.0,16.0,66.0,,,66.0,INF_ALL,,9.440000000000001,2.2800000000000002,19.06,3.054285714285715,10,10,True
WPR,JPN,Japan,JP,NH,NH,SENTINEL,2010-03-22,2010,12,201012,19.0,10.0,29.0,,,29.0,INF_ALL,,7.207142857142857,0.8800000000000002,12.88,-2.232857142857144,10,10,True
WPR,JPN,Japan,JP,NH,NH,SENTINEL,2010-03-29,2010,13,201013,20.0,13.0,33.0,,,33.0,INF_ALL,,8.68,0.5500000000000002,16.29,1.4728571428571424,10,10,True
WPR,JPN,Japan,JP,NH,NH,SENTINEL,2010-04-05,2010,14,201014,20.0,6.0,26.0,,,26.0,INF_ALL,,11.597142857142858,3.7399999999999998,19.65,2.917142857142858,10,10,True
WPR,JPN,Japan,JP,NH,NH,SENTINEL,2010-04-12,2010,15,201015,29.0,13.0,42.0,,,42.0,INF_ALL,,9.978571428571428,4.220000000000001,17.86,-1.61857142857143,10,10,True
WPR,JPN,Japan,JP,NH,NH,SENTINEL,2010-04-19,2010,16,201016,21.0,10.0,31.0,,,31.0,INF_ALL,,11.742857142857144,5.2,19.31,1.764285714285716,10,10,True
WPR,JPN,Japan,JP,NH,NH,SENTINEL,2010-04-26,2010,17,201017,10.0,6.0,16.0,,,16.0,INF_ALL,,12.965714285714284,6.279999999999999,19.91,1.2228571428571406,10,10,True
WPR,JPN,Japan,JP,NH,NH,SENTINEL,2010-05-03,2010,18,201018,10.0,4.0,14.0,,,14.0,INF_ALL,,17.384285714285717,9.83,24.16,4.418571428571433,10,10,True
WPR,JPN,Japan,JP,NH,NH,SENTINEL,2010-05-10,2010,19,201019,21.0,23.0,44.0,,,44.0,INF_ALL,,14.274285714285714,8.56,20.6,-3.110000000000003,10,10,True
WPR,JPN,Japan,JP,NH,NH,SENTINEL,2010-05-17,2010,20,201020,30.0,13.0,43.0,,,43.0,INF_ALL,,18.89142857142857,12.129999999999999,25.75,4.617142857142856,10,10,True
WPR,JPN,Japan,JP,NH,NH,SENTINEL,2010-05-24,2010,21,201021,16.0,8.0,24.0,,,24.0,INF_ALL,,16.332857142857144,10.639999999999999,22.89,-2.558571428571426,10,10,True
WPR,JPN,Japan,JP,NH,NH,SENTINEL,2010-05-31,2010,22,201022,8.0,4.0,12.0,,,12.0,INF_ALL,,18.35142857142857,12.209999999999999,24.73,2.018571428571427,10,10,True
WPR,JPN,Japan,JP,NH,NH,SENTINEL,2010-06-07,2010,23,201023,9.0,4.0,13.0,,,13.0,INF_ALL,,20.714285714285715,15.190000000000001,26.6,2.3628571428571448,10,10,True
WPR,JPN,Japan,JP,NH,NH,SENTINEL,2010-06-14,2010,24,201024,13.0,0.0,13.0,,,13.0,INF_ALL,,22.64,18.05,27.76,1.9257142857142853,10,10,True
WPR,JPN,Japan,JP,NH,NH,SENTINEL,2010-06-21,2010,25,201025,3.0,2.0,5.0,,,5.0,INF_ALL,,23.384285714285717,18.34,28.28,0.7442857142857164,10,10,True
WPR,JPN,Japan,JP,NH,NH,SENTINEL,2010-06-28,2010,26,201026,8.0,2.0,10.0,,,10.0,INF_ALL,,24.70285714285714,21.509999999999998,29.0,1.318571428571424,10,10,True
WPR,JPN,Japan,JP,NH,NH,SENTINEL,2010-07-05,2010,27,201027,15.0,0.0,15.0,,,15.0,INF_ALL,,24.595714285714287,20.880000000000003,28.939999999999998,-0.1071428571428541,10,10,True
WPR,JPN,Japan,JP,NH,NH,SENTINEL,2010-07-12,2010,28,201028,14.0,2.0,16.0,,,16.0,INF_ALL,,24.7,20.96,29.5,0.10428571428571232,10,10,True
WPR,JPN,Japan,JP,NH,NH,SENTINEL,2010-07-19,2010,29,201029,9.0,3.0,12.0,,,12.0,INF_ALL,,27.054285714285715,22.82,31.630000000000003,2.354285714285716,10,10,True
WPR,JPN,Japan,JP,NH,NH,SENTINEL,2010-07-26,2010,30,201030,5.0,2.0,7.0,,,7.0,INF_ALL,,26.697142857142858,23.27,30.910000000000004,-0.35714285714285765,10,10,True
WPR,JPN,Japan,JP,NH,NH,SENTINEL,2010-08-02,2010,31,201031,27.0,0.0,27.0,,,27.0,INF_ALL,,27.575714285714287,23.54,31.839999999999996,0.8785714285714299,10,10,True
WPR,JPN,Japan,JP,NH,NH,SENTINEL,2010-08-09,2010,32,201032,23.0,1.0,24.0,,,24.0,INF_ALL,,26.91142857142857,23.759999999999998,31.22,-0.6642857142857181,10,10,True
WPR,JPN,Japan,JP,NH,NH,SENTINEL,2010-08-16,2010,33,201033,14.0,0.0,14.0,,,14.0,INF_ALL,,27.737142857142857,24.0,32.39,0.8257142857142874,10,10,True
WPR,JPN,Japan,JP,NH,NH,SENTINEL,2010-08-23,2010,34,201034,21.0,1.0,22.0,,,22.0,INF_ALL,,27.54714285714286,23.73,32.1,-0.18999999999999773,10,10,True
WPR,JPN,Japan,JP,NH,NH,SENTINEL,2010-08-30,2010,35,201035,29.0,3.0,32.0,,,32.0,INF_ALL,,28.0,23.85,32.95,0.45285714285714107,10,10,True
WPR,JPN,Japan,JP,NH,NH,SENTINEL,2010-09-06,2010,36,201036,49.0,1.0,50.0,,,50.0,INF_ALL,,26.087142857142858,21.09,31.860000000000003,-1.912857142857142,10,10,True
WPR,JPN,Japan,JP,NH,NH,SENTINEL,2010-09-13,2010,37,201037,29.0,2.0,31.0,,,31.0,INF_ALL,,23.817142857142855,19.29,29.05,-2.270000000000003,10,10,True
WPR,JPN,Japan,JP,NH,NH,SENTINEL,2010-09-20,2010,38,201038,30.0,1.0,31.0,,,31.0,INF_ALL,,21.612857142857145,15.26,28.910000000000004,-2.20428571428571,10,10,True
WPR,JPN,Japan,JP,NH,NH,SENTINEL,2010-09-27,2010,39,201039,38.0,1.0,39.0,,,39.0,INF_ALL,,20.147142857142857,15.76,25.28,-1.465714285714288,10,10,True
WPR,JPN,Japan,JP,NH,NH,SENTINEL,2010-10-04,2010,40,201040,60.0,4.0,64.0,,,64.0,INF_ALL,,19.72,15.65,24.35,-0.42714285714285793,10,10,True
WPR,JPN,Japan,JP,NH,NH,SENTINEL,2010-10-11,2010,41,201041,39.0,1.0,40.0,,,40.0,INF_ALL,,19.527142857142856,14.459999999999999,24.69,-0.19285714285714306,10,10,True
WPR,JPN,Japan,JP,NH,NH,SENTINEL,2010-10-18,2010,42,201042,48.0,2.0,50.0,,,50.0,INF_ALL,,17.830000000000002,12.969999999999999,22.9,-1.697142857142854,10,10,True
WPR,JPN,Japan,JP,NH,NH,SENTINEL,2010-10-25,2010,43,201043,73.0,2.0,75.0,,,75.0,INF_ALL,,14.188571428571427,8.690000000000001,21.39,-3.641428571428575,10,10,True
WPR,JPN,Japan,JP,NH,NH,SENTINEL,2010-11-01,2010,44,201044,59.0,0.0,59.0,,,59.0,INF_ALL,,13.174285714285713,8.059999999999999,19.0,-1.0142857142857142,10,10,True
WPR,JPN,Japan,JP,NH,NH,SENTINEL,2010-11-08,2010,45,201045,77.0,1.0,78.0,,,78.0,INF_ALL,,12.902857142857144,7.42,18.98,-0.2714285714285687,10,10,True
WPR,JPN,Japan,JP,NH,NH,SENTINEL,2010-11-15,2010,46,201046,120.0,17.0,137.0,,,137.0,INF_ALL,,10.675714285714285,5.43,17.29,-2.2271428571428586,10,10,True
WPR,JPN,Japan,JP,NH,NH,SENTINEL,2010-11-22,2010,47,201047,137.0,8.0,145.0,,,145.0,INF_ALL,,10.732857142857142,5.4799999999999995,16.869999999999997,0.05714285714285694,10,10,True
WPR,JPN,Japan,JP,NH,NH,SENTINEL,2010-11-29,2010,48,201048,155.0,15.0,170.0,,,170.0,INF_ALL,,10.387142857142857,4.29,17.75,-0.3457142857142852,10,10,True
WPR,JPN,Japan,JP,NH,NH,SENTINEL,2010-12-06,2010,49,201049,248.0,8.0,256.0,,,256.0,INF_ALL,,8.180000000000001,3.15,15.98,-2.2071428571428555,10,10,True
WPR,JPN,Japan,JP,NH,NH,SENTINEL,2010-12-13,2010,50,201050,346.0,26.0,372.0,,,372.0,INF_ALL,,6.404285714285715,1.0899999999999999,13.62,-1.7757142857142867,10,10,True
WPR,JPN,Japan,JP,NH,NH,SENTINEL,2010-12-20,2010,51,201051,399.0,20.0,419.0,,,419.0,INF_ALL,,6.724285714285715,-0.05999999999999991,14.23,0.3200000000000003,10,10,True
WPR,JPN,Japan,JP,NH,NH,SENTINEL,2010-12-27,2010,52,201052,232.0,13.0,245.0,,,245.0,INF_ALL,,4.0042857142857144,-0.7099999999999999,10.73,-2.7200000000000006,10,10,True
WPR,JPN,Japan,JP,NH,NH,SENTINEL,2011-01-03,2011,1,201101,669.0,12.0,681.0,,,681.0,INF_ALL,,3.3242857142857147,-0.9,8.129999999999999,-0.6799999999999997,10,10,True
WPR,JPN,Japan,JP,NH,NH,SENTINEL,2011-01-10,2011,2,201102,1114.0,16.0,1130.0,,,1130.0,INF_ALL,,1.4242857142857144,-3.4699999999999998,7.140000000000001,-1.9000000000000004,10,10,True
WPR,JPN,Japan,JP,NH,NH,SENTINEL,2011-01-17,2011,3,201103,1589.0,61.0,1650.0,,,1650.0,INF_ALL,,2.742857142857143,-1.83,7.33,1.3185714285714285,10,10,True
WPR,JPN,Japan,JP,NH,NH,SENTINEL,2011-01-24,2011,4,201104,1051.0,67.0,1118.0,,,1118.0,INF_ALL,,1.7728571428571427,-2.7700000000000005,6.67,-0.9700000000000002,10,10,True
WPR,JPN,Japan,JP,NH,NH,SENTINEL,2011-01-31,2011,5,201105,861.0,92.0,953.0,,,953.0,INF_ALL,,4.101428571428572,-3.1900000000000004,11.43,2.3285714285714296,10,10,True
WPR,JPN,Japan,JP,NH,NH,SENTINEL,2011-02-07,2011,6,201106,552.0,83.0,635.0,,,635.0,INF_ALL,,3.9200000000000004,-1.78,10.22,-0.18142857142857194,10,10,True
WPR,JPN,Japan,JP,NH,NH,SENTINEL,2011-02-14,2011,7,201107,432.0,81.0,513.0,,,513.0,INF_ALL,,4.93,-1.26,12.26,1.0099999999999993,10,10,True
WPR,JPN,Japan,JP,NH,NH,SENTINEL,2011-02-21,2011,8,201108,413.0,111.0,524.0,,,524.0,INF_ALL,,7.501428571428572,0.5900000000000002,15.4,2.571428571428572,10,10,True
WPR,JPN,Japan,JP,NH,NH,SENTINEL,2011-02-28,2011,9,201109,325.0,116.0,441.0,,,441.0,INF_ALL,,5.031428571428571,-0.8300000000000001,12.85,-2.4700000000000006,10,10,True
WPR,JPN,Japan,JP,NH,NH,SENTINEL,2011-03-07,2011,10,201110,272.0,143.0,415.0,,,415.0,INF_ALL,,5.25,-0.51,14.370000000000001,0.21857142857142886,10,10,True
WPR,JPN,Japan,JP,NH,NH,SENTINEL,2011-03-14,2011,11,201111,146.0,137.0,283.0,,,283.0,INF_ALL,,7.201428571428572,-0.3599999999999999,16.56,1.951428571428572,10,10,True
WPR,JPN,Japan,JP,NH,NH,SENTINEL,2011-03-21,2011,12,201112,91.0,97.0,188.0,,,188.0,INF_ALL,,6.18,0.5499999999999998,12.32,-1.0214285714285722,10,10,True
WPR,JPN,Japan,JP,NH,NH,SENTINEL,2011-03-28,2011,13,201113,79.0,95.0,174.0,,,174.0,INF_ALL,,8.297142857142857,1.25,16.119999999999997,2.1171428571428574,10,10,True
WPR,JPN,Japan,JP,NH,NH,SENTINEL,2011-04-04,2011,14,201114,65.0,95.0,160.0,,,160.0,INF_ALL,,10.998571428571427,1.9599999999999997,18.86,2.70142857142857,10,10,True
WPR,JPN,Japan,JP,NH,NH,SENTINEL,2011-04-11,2011,15,201115,66.0,115.0,181.0,,,181.0,INF_ALL,,11.858571428571429,4.1,20.03,0.8600000000000012,10,10,True
WPR,JPN,Japan,JP,NH,NH,SENTINEL,2011-04-18,2011,16,201116,81.0,94.0,175.0,,,175.0,INF_ALL,,11.662857142857142,5.4,18.22,-0.19571428571428662,10,10,True
WPR,JPN,Japan,JP,NH,NH,SENTINEL,2011-04-25,2011,17,201117,55.0,98.0,153.0,,,153.0,INF_ALL,,14.36142857142857,6.909999999999999,21.970000000000002,2.6985714285714284,10,10,True
WPR,JPN,Japan,JP,NH,NH,SENTINEL,2011-05-02,2011,18,201118,18.0,38.0,56.0,,,56.0,INF_ALL,,15.634285714285715,9.34,23.23,1.272857142857145,10,10,True
WPR,JPN,Japan,JP,NH,NH,SENTINEL,2011-05-09,2011,19,201119,17.0,43.0,60.0,,,60.0,INF_ALL,,17.518571428571427,10.8,24.75,1.8842857142857117,10,10,True
WPR,JPN,Japan,JP,NH,NH,SENTINEL,2011-05-16,2011,20,201120,19.0,33.0,52.0,,,52.0,INF_ALL,,18.11142857142857,11.09,24.94,0.5928571428571416,10,10,True
WPR,JPN,Japan,JP,NH,NH,SENTINEL,2011-05-23,2011,21,201121,13.0,25.0,38.0,,,38.0,INF_ALL,,17.27857142857143,12.069999999999999,22.77,-0.8328571428571401,10,10,True
WPR,JPN,Japan,JP,NH,NH,SENTINEL,2011-05-30,2011,22,201122,8.0,29.0,37.0,,,37.0,INF_ALL,,18.137142857142855,12.719999999999999,24.35,0.8585714285714268,10,10,True
WPR,JPN,Japan,JP,NH,NH,SENTINEL,2011-06-06,2011,23,201123,1.0,14.0,15.0,,,15.0,INF_ALL,,20.857142857142854,15.76,25.79,2.719999999999999,10,10,True
WPR,JPN,Japan,JP,NH,NH,SENTINEL,2011-06-13,2011,24,201124,2.0,7.0,9.0,,,9.0,INF_ALL,,20.435714285714287,16.15,25.15,-0.42142857142856727,10,10,True
WPR,JPN,Japan,JP,NH,NH,SENTINEL,2011-06-20,2011,25,201125,0.0,4.0,4.0,,,4.0,INF_ALL,,23.592857142857145,18.72,29.639999999999997,3.1571428571428584,10,10,True
WPR,JPN,Japan,JP,NH,NH,SENTINEL,2011-06-27,2011,26,201126,3.0,5.0,8.0,,,8.0,INF_ALL,,24.884285714285717,20.62,30.160000000000004,1.2914285714285718,10,10,True
WPR,JPN,Japan,JP,NH,NH,SENTINEL,2011-07-04,2011,27,201127,0.0,1.0,1.0,,,1.0,INF_ALL,,25.494285714285716,20.84,30.589999999999996,0.6099999999999994,10,10,True
WPR,JPN,Japan,JP,NH,NH,SENTINEL,2011-07-11,2011,28,201128,0.0,2.0,2.0,,,2.0,INF_ALL,,26.35285714285714,22.44,31.080000000000002,0.8585714285714232,10,10,True
WPR,JPN,Japan,JP,NH,NH,SENTINEL,2011-07-18,2011,29,201129,2.0,2.0,4.0,,,4.0,INF_ALL,,24.417142857142856,19.61,29.910000000000004,-1.9357142857142833,10,10,True
WPR,JPN,Japan,JP,NH,NH,SENTINEL,2011-07-25,2011,30,201130,1.0,1.0,2.0,,,2.0,INF_ALL,,25.397142857142857,22.06,29.47,0.9800000000000004,10,10,True
WPR,JPN,Japan,JP,NH,NH,SENTINEL,2011-08-01,2011,31,201131,0.0,1.0,1.0,,,1.0,INF_ALL,,26.014285714285712,22.130000000000003,30.72,0.6171428571428557,10,10,True
WPR,JPN,Japan,JP,NH,NH,SENTINEL,2011-08-08,2011,32,201132,1.0,0.0,1.0,,,1.0,INF_ALL,,27.22142857142857,23.080000000000002,31.639999999999997,1.207142857142859,10,10,True
WPR,JPN,Japan,JP,NH,NH,SENTINEL,2011-08-15,2011,33,201133,1.0,0.0,1.0,,,1.0,INF_ALL,,25.841428571428573,21.97,30.78,-1.379999999999999,10,10,True
WPR,JPN,Japan,JP,NH,NH,SENTINEL,2011-08-22,2011,34,201134,1.0,0.0,1.0,,,1.0,INF_ALL,,25.038571428571426,21.52,29.360000000000003,-0.802857142857146,10,10,True
WPR,JPN,Japan,JP,NH,NH,SENTINEL,2011-08-29,2011,35,201135,0.0,0.0,,,,0.0,INF_A + INF_B,,25.854285714285716,22.45,30.24,0.8157142857142894,10,10,True
WPR,JPN,Japan,JP,NH,NH,SENTINEL,2011-09-05,2011,36,201136,5.0,0.0,5.0,,,5.0,INF_ALL,,24.262857142857143,18.48,29.610000000000003,-1.5914285714285725,10,10,True
WPR,JPN,Japan,JP,NH,NH,SENTINEL,2011-09-12,2011,37,201137,1.0,0.0,1.0,,,1.0,INF_ALL,,25.41857142857143,21.71,29.82,1.1557142857142857,10,10,True
WPR,JPN,Japan,JP,NH,NH,SENTINEL,2011-09-19,2011,38,201138,2.0,0.0,2.0,,,2.0,INF_ALL,,20.10857142857143,14.38,25.76,-5.309999999999999,10,10,True
WPR,JPN,Japan,JP,NH,NH,SENTINEL,2011-09-26,2011,39,201139,6.0,1.0,7.0,,,7.0,INF_ALL,,19.72,14.309999999999999,25.36,-0.38857142857143145,10,10,True
WPR,JPN,Japan,JP,NH,NH,SENTINEL,2011-10-03,2011,40,201140,5.0,5.0,10.0,,,10.0,INF_ALL,,17.38285714285714,12.209999999999999,22.82,-2.337142857142858,10,10,True
WPR,JPN,Japan,JP,NH,NH,SENTINEL,2011-10-10,2011,41,201141,19.0,0.0,19.0,,,19.0,INF_ALL,,18.997142857142855,13.2,24.169999999999998,1.6142857142857139,10,10,True
WPR,JPN,Japan,JP,NH,NH,SENTINEL,2011-10-17,2011,42,201142,18.0,3.0,21.0,,,21.0,INF_ALL,,17.642857142857146,11.15,23.35,-1.3542857142857088,10,10,True
WPR,JPN,Japan,JP,NH,NH,SENTINEL,2011-10-24,2011,43,201143,22.0,3.0,25.0,,,25.0,INF_ALL,,15.707142857142859,9.64,21.66,-1.9357142857142868,10,10,True
WPR,JPN,Japan,JP,NH,NH,SENTINEL,2011-10-31,2011,44,201144,26.0,7.0,33.0,,,33.0,INF_ALL,,17.158571428571427,12.02,22.240000000000002,1.4514285714285684,10,10,True
WPR,JPN,Japan,JP,NH,NH,SENTINEL,2011-11-07,2011,45,201145,7.0,2.0,9.0,,,9.0,INF_ALL,,14.534285714285716,10.309999999999999,19.61,-2.624285714285712,10,10,True
WPR,JPN,Japan,JP,NH,NH,SENTINEL,2011-11-14,2011,46,201146,46.0,2.0,48.0,,,48.0,INF_ALL,,12.848571428571429,6.720000000000001,19.81,-1.6857142857142868,10,10,True
WPR,JPN,Japan,JP,NH,NH,SENTINEL,2011-11-21,2011,47,201147,44.0,2.0,46.0,,,46.0,INF_ALL,,9.265714285714285,4.64,16.22,-3.5828571428571436,10,10,True
WPR,JPN,Japan,JP,NH,NH,SENTINEL,2011-11-28,2011,48,201148,75.0,3.0,78.0,,,78.0,INF_ALL,,11.017142857142856,5.970000000000001,18.25,1.751428571428571,10,10,True
WPR,JPN,Japan,JP,NH,NH,SENTINEL,2011-12-05,2011,49,201149,116.0,4.0,120.0,,,120.0,INF_ALL,,7.274285714285715,1.8900000000000001,12.68,-3.742857142857141,10,10,True
WPR,JPN,Japan,JP,NH,NH,SENTINEL,2011-12-12,2011,50,201150,157.0,15.0,172.0,,,172.0,INF_ALL,,6.018571428571429,0.51,12.78,-1.2557142857142862,10,10,True
WPR,JPN,Japan,JP,NH,NH,SENTINEL,2011-12-19,2011,51,201151,169.0,7.0,176.0,,,176.0,INF_ALL,,4.201428571428571,-0.2599999999999999,9.809999999999999,-1.8171428571428576,10,10,True
WPR,JPN,Japan,JP,NH,NH,SENTINEL,2011-12-26,2011,52,201152,107.0,7.0,114.0,,,114.0,INF_ALL,,4.1,-0.14999999999999994,9.77,-0.10142857142857142,10,10,True
WPR,JPN,Japan,JP,NH,NH,SENTINEL,2012-01-02,2012,1,201201,159.0,11.0,170.0,,,170.0,INF_ALL,,3.6714285714285717,-0.11000000000000006,8.61,-0.42857142857142794,10,10,True
WPR,JPN,Japan,JP,NH,NH,SENTINEL,2012-01-09,2012,2,201202,415.0,40.0,455.0,,,455.0,INF_ALL,,3.37,-1.3099999999999998,7.93,-0.3014285714285716,10,10,True
WPR,JPN,Japan,JP,NH,NH,SENTINEL,2012-01-16,2012,3,201203,868.0,94.0,962.0,,,962.0,INF_ALL,,4.708571428571429,-0.8,10.55,1.338571428571429,10,10,True
WPR,JPN,Japan,JP,NH,NH,SENTINEL,2012-01-23,2012,4,201204,615.0,117.0,732.0,,,732.0,INF_ALL,,1.712857142857143,-2.7800000000000002,7.75,-2.995714285714286,10,10,True
WPR,JPN,Japan,JP,NH,NH,SENTINEL,2012-01-30,2012,5,201205,549.0,114.0,663.0,,,663.0,INF_ALL,,1.6157142857142859,-3.7399999999999998,7.58,-0.0971428571428572,10,10,True
WPR,JPN,Japan,JP,NH,NH,SENTINEL,2012-02-06,2012,6,201206,412.0,124.0,536.0,,,536.0,INF_ALL,,3.001428571428572,-2.68,9.92,1.385714285714286,10,10,True
WPR,JPN,Japan,JP,NH,NH,SENTINEL,2012-02-13,2012,7,201207,348.0,155.0,503.0,,,503.0,INF_ALL,,2.682857142857143,-3.47,9.16,-0.31857142857142895,10,10,True
WPR,JPN,Japan,JP,NH,NH,SENTINEL,2012-02-20,2012,8,201208,271.0,130.0,401.0,,,401.0,INF_ALL,,5.2542857142857144,-1.6099999999999999,11.89,2.5714285714285716,10,10,True
WPR,JPN,Japan,JP,NH,NH,SENTINEL,2012-02-27,2012,9,201209,171.0,156.0,327.0,,,327.0,INF_ALL,,4.998571428571429,-1.7700000000000002,12.17,-0.25571428571428534,10,10,True
WPR,JPN,Japan,JP,NH,NH,SENTINEL,2012-03-05,2012,10,201210,129.0,179.0,308.0,,,308.0,INF_ALL,,7.648571428571428,1.31,13.87,2.6499999999999986,10,10,True
WPR,JPN,Japan,JP,NH,NH,SENTINEL,2012-03-12,2012,11,201211,80.0,162.0,242.0,,,242.0,INF_ALL,,6.482857142857142,-0.7100000000000001,14.069999999999999,-1.1657142857142855,10,10,True
WPR,JPN,Japan,JP,NH,NH,SENTINEL,2012-03-19,2012,12,201212,51.0,120.0,171.0,,,171.0,INF_ALL,,7.077142857142857,0.89,14.12,0.5942857142857152,10,10,True
WPR,JPN,Japan,JP,NH,NH,SENTINEL,2012-03-26,2012,13,201213,32.0,114.0,146.0,,,146.0,INF_ALL,,8.494285714285715,1.5400000000000003,17.73,1.4171428571428573,10,10,True
WPR,JPN,Japan,JP,NH,NH,SENTINEL,2012-04-02,2012,14,201214,38.0,83.0,121.0,,,121.0,INF_ALL,,8.402857142857142,1.9100000000000001,16.36,-0.09142857142857252,10,10,True
WPR,JPN,Japan,JP,NH,NH,SENTINEL,2012-04-09,2012,15,201215,36.0,106.0,142.0,,,142.0,INF_ALL,,12.508571428571429,5.82,18.78,4.105714285714287,10,10,True
WPR,JPN,Japan,JP,NH,NH,SENTINEL,2012-04-16,2012,16,201216,18.0,94.0,112.0,,,112.0,INF_ALL,,13.364285714285714,7.5200000000000005,18.94,0.855714285714285,10,10,True
WPR,JPN,Japan,JP,NH,NH,SENTINEL,2012-04-23,2012,17,201217,18.0,72.0,90.0,,,90.0,INF_ALL,,16.197142857142858,9.459999999999999,23.34,2.8328571428571436,10,10,True
WPR,JPN,Japan,JP,NH,NH,SENTINEL,2012-04-30,2012,18,201218,3.0,21.0,24.0,,,24.0,INF_ALL,,17.375714285714288,11.33,23.59,1.1785714285714306,10,10,True
WPR,JPN,Japan,JP,NH,NH,SENTINEL,2012-05-07,2012,19,201219,4.0,22.0,26.0,,,26.0,INF_ALL,,15.587142857142856,9.040000000000001,22.44,-1.7885714285714318,10,10,True
WPR,JPN,Japan,JP,NH,NH,SENTINEL,2012-05-14,2012,20,201220,13.0,22.0,35.0,,,35.0,INF_ALL,,17.43857142857143,10.57,23.270000000000003,1.8514285714285723,10,10,True
WPR,JPN,Japan,JP,NH,NH,SENTINEL,2012-05-21,2012,21,201221,2.0,15.0,17.0,,,17.0,INF_ALL,,18.394285714285715,12.99,24.53,0.9557142857142864,10,10,True
WPR,JPN,Japan,JP,NH,NH,SENTINEL,2012-05-28,2012,22,201222,3.0,12.0,15.0,,,15.0,INF_ALL,,19.122857142857143,13.8,24.68,0.7285714285714278,10,10,True
WPR,JPN,Japan,JP,NH,NH,SENTINEL,2012-06-04,2012,23,201223,2.0,5.0,7.0,,,7.0,INF_ALL,,20.571428571428573,15.61,25.77,1.4485714285714302,10,10,True
WPR,JPN,Japan,JP,NH,NH,SENTINEL,2012-06-11,2012,24,201224,1.0,2.0,3.0,,,3.0,INF_ALL,,20.535714285714285,16.240000000000002,26.439999999999998,-0.03571428571428825,10,10,True
WPR,JPN,Japan,JP,NH,NH,SENTINEL,2012-06-18,2012,25,201225,2.0,2.0,4.0,,,4.0,INF_ALL,,21.021428571428572,16.86,26.02,0.48571428571428754,10,10,True
WPR,JPN,Japan,JP,NH,NH,SENTINEL,2012-06-25,2012,26,201226,18.0,1.0,19.0,,,19.0,INF_ALL,,21.802857142857142,17.259999999999998,26.810000000000002,0.7814285714285703,10,10,True
WPR,JPN,Japan,JP,NH,NH,SENTINEL,2012-07-02,2012,27,201227,5.0,1.0,6.0,,,6.0,INF_ALL,,23.467142857142857,19.369999999999997,28.01,1.6642857142857146,10,10,True
WPR,JPN,Japan,JP,NH,NH,SENTINEL,2012-07-09,2012,28,201228,12.0,0.0,12.0,,,12.0,INF_ALL,,24.520000000000003,19.15,29.3,1.052857142857146,10,10,True
WPR,JPN,Japan,JP,NH,NH,SENTINEL,2012-07-16,2012,29,201229,3.0,1.0,4.0,,,4.0,INF_ALL,,25.054285714285715,20.91,30.910000000000004,0.534285714285712,10,10,True
WPR,JPN,Japan,JP,NH,NH,SENTINEL,2012-07-23,2012,30,201230,8.0,1.0,9.0,,,9.0,INF_ALL,,26.678571428571427,21.89,31.7,1.624285714285712,10,10,True
WPR,JPN,Japan,JP,NH,NH,SENTINEL,2012-07-30,2012,31,201231,9.0,1.0,10.0,,,10.0,INF_ALL,,27.089999999999996,23.21,31.8,0.41142857142856926,10,10,True
WPR,JPN,Japan,JP,NH,NH,SENTINEL,2012-08-06,2012,32,201232,16.0,2.0,18.0,,,18.0,INF_ALL,,25.944285714285712,21.380000000000003,31.01,-1.1457142857142841,10,10,True
WPR,JPN,Japan,JP,NH,NH,SENTINEL,2012-08-13,2012,33,201233,6.0,1.0,7.0,,,7.0,INF_ALL,,26.495714285714286,22.869999999999997,31.339999999999996,0.5514285714285734,10,10,True
WPR,JPN,Japan,JP,NH,NH,SENTINEL,2012-08-20,2012,34,201234,5.0,0.0,5.0,,,5.0,INF_ALL,,26.967142857142857,23.2,31.3,0.47142857142857153,10,10,True
WPR,JPN,Japan,JP,NH,NH,SENTINEL,2012-08-27,2012,35,201235,11.0,2.0,13.0,,,13.0,INF_ALL,,26.44142857142857,22.54,31.04,-0.5257142857142867,10,10,True
WPR,JPN,Japan,JP,NH,NH,SENTINEL,2012-09-03,2012,36,201236,40.0,0.0,40.0,,,40.0,INF_ALL,,25.61142857142857,22.21,29.95,-0.8300000000000018,10,10,True
WPR,JPN,Japan,JP,NH,NH,SENTINEL,2012-09-10,2012,37,201237,20.0,0.0,20.0,,,20.0,INF_ALL,,25.32857142857143,21.32,29.810000000000002,-0.28285714285713937,10,10,True
WPR,JPN,Japan,JP,NH,NH,SENTINEL,2012-09-17,2012,38,201238,5.0,0.0,5.0,,,5.0,INF_ALL,,23.44,18.490000000000002,29.2,-1.888571428571428,10,10,True
WPR,JPN,Japan,JP,NH,NH,SENTINEL,2012-09-24,2012,39,201239,32.0,1.0,33.0,,,33.0,INF_ALL,,21.237142857142857,16.79,26.24,-2.2028571428571446,10,10,True
WPR,JPN,Japan,JP,NH,NH,SENTINEL,2012-10-01,2012,40,201240,11.0,0.0,11.0,,,11.0,INF_ALL,,20.3,15.73,24.79,-0.937142857142856,10,10,True
WPR,JPN,Japan,JP,NH,NH,SENTINEL,2012-10-08,2012,41,201241,6.0,2.0,8.0,,,8.0,INF_ALL,,18.347142857142856,12.66,23.15,-1.9528571428571446,10,10,True
WPR,JPN,Japan,JP,NH,NH,SENTINEL,2012-10-15,2012,42,201242,3.0,1.0,4.0,,,4.0,INF_ALL,,17.052857142857142,11.370000000000001,23.66,-1.2942857142857136,10,10,True
WPR,JPN,Japan,JP,NH,NH,SENTINEL,2012-10-22,2012,43,201243,10.0,1.0,11.0,,,11.0,INF_ALL,,16.017142857142858,10.61,22.259999999999998,-1.0357142857142847,10,10,True
WPR,JPN,Japan,JP,NH,NH,SENTINEL,2012-10-29,2012,44,201244,11.0,0.0,11.0,,,11.0,INF_ALL,,13.117142857142857,8.2,19.23,-2.9000000000000004,10,10,True
WPR,JPN,Japan,JP,NH,NH,SENTINEL,2012-11-05,2012,45,201245,12.0,2.0,14.0,,,14.0,INF_ALL,,13.721428571428572,8.629999999999999,18.580000000000002,0.6042857142857141,10,10,True
WPR,JPN,Japan,JP,NH,NH,SENTINEL,2012-11-12,2012,46,201246,10.0,1.0,11.0,,,11.0,INF_ALL,,11.114285714285714,6.1,16.23,-2.6071428571428577,10,10,True
WPR,JPN,Japan,JP,NH,NH,SENTINEL,2012-11-19,2012,47,201247,25.0,5.0,30.0,,,30.0,INF_ALL,,9.611428571428572,4.49,14.73,-1.5028571428571418,10,10,True
WPR,JPN,Japan,JP,NH,NH,SENTINEL,2012-11-26,2012,48,201248,37.0,7.0,44.0,,,44.0,INF_ALL,,7.7871428571428565,2.83,13.959999999999999,-1.8242857142857156,10,10,True
WPR,JPN,Japan,JP,NH,NH,SENTINEL,2012-12-03,2012,49,201249,82.0,9.0,91.0,,,91.0,INF_ALL,,5.92,1.3499999999999999,13.05,-1.8671428571428565,10,10,True
WPR,JPN,Japan,JP,NH,NH,SENTINEL,2012-12-10,2012,50,201250,127.0,12.0,139.0,,,139.0,INF_ALL,,5.992857142857143,0.31000000000000005,13.66,0.07285714285714295,10,10,True
WPR,JPN,Japan,JP,NH,NH,SENTINEL,2012-12-17,2012,51,201251,218.0,15.0,233.0,,,233.0,INF_ALL,,5.5042857142857144,0.36999999999999994,11.59,-0.48857142857142843,10,10,True
WPR,JPN,Japan,JP,NH,NH,SENTINEL,2012-12-24,2012,52,201252,138.0,10.0,148.0,,,148.0,INF_ALL,,4.11,-0.8700000000000001,11.53,-1.3942857142857141,10,10,True
WPR,JPN,Japan,JP,NH,NH,SENTINEL,2012-12-31,2013,1,201301,141.0,5.0,146.0,,,146.0,INF_ALL,,2.902857142857143,-1.45,9.77,-1.2071428571428573,10,10,True
WPR,JPN,Japan,JP,NH,NH,SENTINEL,2013-01-07,2013,2,201302,594.0,28.0,622.0,,,622.0,INF_ALL,,3.542857142857143,-0.85,9.75,0.6400000000000001,10,10,True
WPR,JPN,Japan,JP,NH,NH,SENTINEL,2013-01-14,2013,3,201303,678.0,56.0,734.0,,,734.0,INF_ALL,,2.5114285714285716,-3.06,7.8,-1.0314285714285716,10,10,True
WPR,JPN,Japan,JP,NH,NH,SENTINEL,2013-01-21,2013,4,201304,750.0,68.0,818.0,,,818.0,INF_ALL,,3.7842857142857143,-1.6800000000000002,10.07,1.2728571428571427,10,10,True
WPR,JPN,Japan,JP,NH,NH,SENTINEL,2013-01-28,2013,5,201305,505.0,81.0,586.0,,,586.0,INF_ALL,,5.474285714285715,-1.7,13.819999999999999,1.6900000000000008,10,10,True
WPR,JPN,Japan,JP,NH,NH,SENTINEL,2013-02-04,2013,6,201306,373.0,87.0,460.0,,,460.0,INF_ALL,,4.228571428571429,-1.51,11.940000000000001,-1.2457142857142864,10,10,True
WPR,JPN,Japan,JP,NH,NH,SENTINEL,2013-02-11,2013,7,201307,233.0,66.0,299.0,,,299.0,INF_ALL,,3.4228571428571426,-1.41,9.8,-0.805714285714286,10,10,True
WPR,JPN,Japan,JP,NH,NH,SENTINEL,2013-02-18,2013,8,201308,256.0,60.0,316.0,,,316.0,INF_ALL,,3.265714285714286,-1.4099999999999997,9.14,-0.15714285714285658,10,10,True
WPR,JPN,Japan,JP,NH,NH,SENTINEL,2013-02-25,2013,9,201309,227.0,96.0,323.0,,,323.0,INF_ALL,,5.461428571428572,-1.6900000000000002,14.4,2.1957142857142857,10,10,True
WPR,JPN,Japan,JP,NH,NH,SENTINEL,2013-03-04,2013,10,201310,172.0,81.0,253.0,,,253.0,INF_ALL,,8.452857142857143,0.56,18.240000000000002,2.991428571428571,10,10,True
WPR,JPN,Japan,JP,NH,NH,SENTINEL,2013-03-11,2013,11,201311,105.0,94.0,199.0,,,199.0,INF_ALL,,7.757142857142857,0.3599999999999999,17.81,-0.6957142857142857,10,10,True
WPR,JPN,Japan,JP,NH,NH,SENTINEL,2013-03-18,2013,12,201312,68.0,93.0,161.0,,,161.0,INF_ALL,,10.315714285714286,2.7299999999999995,18.09,2.5585714285714287,10,10,True
WPR,JPN,Japan,JP,NH,NH,SENTINEL,2013-03-25,2013,13,201313,45.0,86.0,131.0,,,131.0,INF_ALL,,9.327142857142857,2.57,17.130000000000003,-0.9885714285714293,10,10,True
WPR,JPN,Japan,JP,NH,NH,SENTINEL,2013-04-01,2013,14,201314,46.0,49.0,95.0,,,95.0,INF_ALL,,11.731428571428571,4.09,19.630000000000003,2.404285714285715,10,10,True
WPR,JPN,Japan,JP,NH,NH,SENTINEL,2013-04-08,2013,15,201315,38.0,45.0,83.0,,,83.0,INF_ALL,,10.09,3.8600000000000003,19.080000000000002,-1.6414285714285715,10,10,True
WPR,JPN,Japan,JP,NH,NH,SENTINEL,2013-04-15,2013,16,201316,40.0,81.0,121.0,,,121.0,INF_ALL,,12.305714285714286,5.68,21.05,2.215714285714286,10,10,True
WPR,JPN,Japan,JP,NH,NH,SENTINEL,2013-04-22,2013,17,201317,34.0,58.0,92.0,,,92.0,INF_ALL,,12.83857142857143,5.2,19.96,0.5328571428571447,10,10,True
WPR,JPN,Japan,JP,NH,NH,SENTINEL,2013-04-29,2013,18,201318,16.0,35.0,51.0,,,51.0,INF_ALL,,13.068571428571428,6.839999999999999,20.55,0.22999999999999687,10,10,True
WPR,JPN,Japan,JP,NH,NH,SENTINEL,2013-05-06,2013,19,201319,13.0,52.0,65.0,,,65.0,INF_ALL,,15.505714285714285,7.88,23.59,2.4371428571428577,10,10,True
WPR,JPN,Japan,JP,NH,NH,SENTINEL,2013-05-13,2013,20,201320,18.0,62.0,80.0,,,80.0,INF_ALL,,17.551428571428573,11.18,25.009999999999998,2.045714285714288,10,10,True
WPR,JPN,Japan,JP,NH,NH,SENTINEL,2013-05-20,2013,21,201321,9.0,39.0,48.0,,,48.0,INF_ALL,,19.46857142857143,13.309999999999999,26.080000000000002,1.9171428571428564,10,10,True
WPR,JPN,Japan,JP,NH,NH,SENTINEL,2013-05-27,2013,22,201322,9.0,21.0,30.0,,,30.0,INF_ALL,,20.162857142857142,14.64,26.26,0.6942857142857122,10,10,True
WPR,JPN,Japan,JP,NH,NH,SENTINEL,2013-06-03,2013,23,201323,9.0,12.0,21.0,,,21.0,INF_ALL,,20.667142857142856,14.77,26.73,0.5042857142857144,10,10,True
WPR,JPN,Japan,JP,NH,NH,SENTINEL,2013-06-10,2013,24,201324,6.0,14.0,20.0,,,20.0,INF_ALL,,23.215714285714284,17.619999999999997,29.28,2.548571428571428,10,10,True
WPR,JPN,Japan,JP,NH,NH,SENTINEL,2013-06-17,2013,25,201325,1.0,5.0,6.0,,,6.0,INF_ALL,,22.284285714285716,17.19,27.74,-0.9314285714285688,10,10,True
WPR,JPN,Japan,JP,NH,NH,SENTINEL,2013-06-24,2013,26,201326,2.0,2.0,4.0,,,4.0,INF_ALL,,22.302857142857142,18.21,26.75,0.018571428571426907,10,10,True
WPR,JPN,Japan,JP,NH,NH,SENTINEL,2013-07-01,2013,27,201327,2.0,1.0,3.0,,,3.0,INF_ALL,,24.461428571428574,19.71,30.01,2.158571428571431,10,10,True
WPR,JPN,Japan,JP,NH,NH,SENTINEL,2013-07-08,2013,28,201328,7.0,0.0,7.0,,,7.0,INF_ALL,,26.669999999999998,22.84,31.26,2.2085714285714246,10,10,True
WPR,JPN,Japan,JP,NH,NH,SENTINEL,2013-07-15,2013,29,201329,0.0,1.0,1.0,,,1.0,INF_ALL,,25.021428571428572,20.619999999999997,29.97,-1.648571428571426,10,10,True
WPR,JPN,Japan,JP,NH,NH,SENTINEL,2013-07-22,2013,30,201330,0.0,1.0,1.0,,,1.0,INF_ALL,,25.84714285714286,21.919999999999998,30.839999999999996,0.8257142857142874,10,10,True
WPR,JPN,Japan,JP,NH,NH,SENTINEL,2013-07-29,2013,31,201331,3.0,0.0,3.0,,,3.0,INF_ALL,,25.95,22.21,30.119999999999997,0.10285714285713965,10,10,True
WPR,JPN,Japan,JP,NH,NH,SENTINEL,2013-08-05,2013,32,201332,2.0,3.0,5.0,,,5.0,INF_ALL,,27.959999999999997,23.53,33.28,2.009999999999998,10,10,True
WPR,JPN,Japan,JP,NH,NH,SENTINEL,2013-08-12,2013,33,201333,1.0,0.0,1.0,,,1.0,INF_ALL,,28.15571428571429,23.48,33.19,0.19571428571429195,10,10,True
WPR,JPN,Japan,JP,NH,NH,SENTINEL,2013-08-19,2013,34,201334,1.0,0.0,1.0,,,1.0,INF_ALL,,27.248571428571427,22.79,32.730000000000004,-0.9071428571428619,10,10,True
WPR,JPN,Japan,JP,NH,NH,SENTINEL,2013-08-26,2013,35,201335,1.0,1.0,2.0,,,2.0,INF_ALL,,24.998571428571427,20.56,30.48,-2.25,10,10,True
WPR,JPN,Japan,JP,NH,NH,SENTINEL,2013-09-02,2013,36,201336,4.0,0.0,4.0,,,4.0,INF_ALL,,23.628571428571426,20.11,28.43,-1.370000000000001,10,10,True
WPR,JPN,Japan,JP,NH,NH,SENTINEL,2013-09-09,2013,37,201337,3.0,0.0,3.0,,,3.0,INF_ALL,,24.60142857142857,19.75,29.630000000000003,0.9728571428571442,10,10,True
WPR,JPN,Japan,JP,NH,NH,SENTINEL,2013-09-16,2013,38,201338,8.0,0.0,8.0,,,8.0,INF_ALL,,22.345714285714287,16.31,27.79,-2.2557142857142836,10,10,True
WPR,JPN,Japan,JP,NH,NH,SENTINEL,2013-09-23,2013,39,201339,6.0,1.0,7.0,,,7.0,INF_ALL,,21.255714285714284,15.0,27.439999999999998,-1.0900000000000034,10,10,True
WPR,JPN,Japan,JP,NH,NH,SENTINEL,2013-09-30,2013,40,201340,14.0,1.0,15.0,,,15.0,INF_ALL,,21.254285714285714,16.2,26.889999999999997,-0.0014285714285691142,10,10,True
WPR,JPN,Japan,JP,NH,NH,SENTINEL,2013-10-07,2013,41,201341,10.0,6.0,16.0,,,16.0,INF_ALL,,21.771428571428572,14.7,27.160000000000004,0.5171428571428578,10,10,True
WPR,JPN,Japan,JP,NH,NH,SENTINEL,2013-10-14,2013,42,201342,5.0,1.0,6.0,,,6.0,INF_ALL,,16.667142857142856,11.809999999999999,23.36,-5.104285714285716,10,10,True
WPR,JPN,Japan,JP,NH,NH,SENTINEL,2013-10-21,2013,43,201343,4.0,15.0,19.0,,,19.0,INF_ALL,,16.904285714285713,11.86,22.0,0.23714285714285666,10,10,True
WPR,JPN,Japan,JP,NH,NH,SENTINEL,2013-10-28,2013,44,201344,8.0,5.0,13.0,,,13.0,INF_ALL,,15.290000000000001,9.6,20.380000000000003,-1.614285714285712,10,10,True
WPR,JPN,Japan,JP,NH,NH,SENTINEL,2013-11-04,2013,45,201345,13.0,1.0,14.0,,,14.0,INF_ALL,,14.598571428571429,8.95,19.6,-0.6914285714285722,10,10,True
WPR,JPN,Japan,JP,NH,NH,SENTINEL,2013-11-11,2013,46,201346,15.0,2.0,17.0,,,17.0,INF_ALL,,10.212857142857143,4.83,16.69,-4.385714285714286,10,10,True
WPR,JPN,Japan,JP,NH,NH,SENTINEL,2013-11-18,2013,47,201347,38.0,15.0,53.0,,,53.0,INF_ALL,,9.617142857142856,5.3100000000000005,15.719999999999999,-0.595714285714287,10,10,True
WPR,JPN,Japan,JP,NH,NH,SENTINEL,2013-11-25,2013,48,201348,83.0,14.0,97.0,,,97.0,INF_ALL,,8.775714285714287,2.82,16.5,-0.841428571428569,10,10,True
WPR,JPN,Japan,JP,NH,NH,SENTINEL,2013-12-02,2013,49,201349,84.0,21.0,105.0,,,105.0,INF_ALL,,8.322857142857142,3.8600000000000003,13.940000000000001,-0.4528571428571446,10,10,True
WPR,JPN,Japan,JP,NH,NH,SENTINEL,2013-12-09,2013,50,201350,77.0,27.0,104.0,,,104.0,INF_ALL,,6.497142857142857,1.75,13.01,-1.8257142857142847,10,10,True
WPR,JPN,Japan,JP,NH,NH,SENTINEL,2013-12-16,2013,51,201351,120.0,34.0,154.0,,,154.0,INF_ALL,,5.81,1.0799999999999998,10.52,-0.6871428571428577,10,10,True
WPR,JPN,Japan,JP,NH,NH,SENTINEL,2013-12-23,2013,52,201352,93.0,40.0,133.0,,,133.0,INF_ALL,,4.384285714285714,-0.039999999999999813,9.77,-1.4257142857142853,10,10,True
WPR,JPN,Japan,JP,NH,NH,SENTINEL,2013-12-30,2014,1,201401,51.0,14.0,65.0,,,65.0,INF_ALL,,5.3100000000000005,0.4400000000000001,10.879999999999999,0.9257142857142862,10,10,True
WPR,JPN,Japan,JP,NH,NH,SENTINEL,2014-01-06,2014,2,201402,389.0,85.0,474.0,,,474.0,INF_ALL,,3.7614285714285716,-1.3199999999999998,10.22,-1.548571428571429,10,10,True
WPR,JPN,Japan,JP,NH,NH,SENTINEL,2014-01-13,2014,3,201403,554.0,185.0,739.0,,,739.0,INF_ALL,,2.4885714285714284,-1.7100000000000002,7.290000000000001,-1.2728571428571431,10,10,True
WPR,JPN,Japan,JP,NH,NH,SENTINEL,2014-01-20,2014,4,201404,786.0,223.0,1009.0,,,1009.0,INF_ALL,,4.364285714285714,-1.6200000000000003,12.58,1.8757142857142854,10,10,True
WPR,JPN,Japan,JP,NH,NH,SENTINEL,2014-01-27,2014,5,201405,665.0,215.0,880.0,,,880.0,INF_ALL,,6.324285714285714,-1.03,14.709999999999999,1.96,10,10,True
WPR,JPN,Japan,JP,NH,NH,SENTINEL,2014-02-03,2014,6,201406,496.0,201.0,697.0,,,697.0,INF_ALL,,3.1285714285714286,-1.5899999999999999,13.51,-3.1957142857142853,10,10,True
WPR,JPN,Japan,JP,NH,NH,SENTINEL,2014-02-10,2014,7,201407,313.0,185.0,498.0,,,498.0,INF_ALL,,2.7199999999999998,-2.1799999999999997,8.2,-0.4085714285714288,10,10,True
WPR,JPN,Japan,JP,NH,NH,SENTINEL,2014-02-17,2014,8,201408,304.0,221.0,525.0,,,525.0,INF_ALL,,3.1942857142857144,-1.1199999999999999,8.67,0.47428571428571464,10,10,True
WPR,JPN,Japan,JP,NH,NH,SENTINEL,2014-02-24,2014,9,201409,291.0,221.0,512.0,,,512.0,INF_ALL,,7.2142857142857135,-0.0699999999999998,13.85,4.02,10,10,True
WPR,JPN,Japan,JP,NH,NH,SENTINEL,2014-03-03,2014,10,201410,192.0,203.0,395.0,,,395.0,INF_ALL,,4.485714285714286,-0.5599999999999998,10.379999999999999,-2.7285714285714278,10,10,True
WPR,JPN,Japan,JP,NH,NH,SENTINEL,2014-03-10,2014,11,201411,201.0,228.0,429.0,,,429.0,INF_ALL,,6.117142857142857,-0.2500000000000001,14.080000000000002,1.6314285714285717,10,10,True
WPR,JPN,Japan,JP,NH,NH,SENTINEL,2014-03-17,2014,12,201412,106.0,192.0,298.0,,,298.0,INF_ALL,,8.394285714285715,1.97,15.440000000000001,2.2771428571428576,10,10,True
WPR,JPN,Japan,JP,NH,NH,SENTINEL,2014-03-24,2014,13,201413,80.0,141.0,221.0,,,221.0,INF_ALL,,12.231428571428571,3.3899999999999997,18.87,3.8371428571428563,10,10,True
WPR,JPN,Japan,JP,NH,NH,SENTINEL,2014-03-31,2014,14,201414,48.0,102.0,150.0,,,150.0,INF_ALL,,10.07,3.8,17.77,-2.161428571428571,10,10,True
WPR,JPN,Japan,JP,NH,NH,SENTINEL,2014-04-07,2014,15,201415,36.0,78.0,114.0,,,114.0,INF_ALL,,10.84,3.29,18.580000000000002,0.7699999999999996,10,10,True
WPR,JPN,Japan,JP,NH,NH,SENTINEL,2014-04-14,2014,16,201416,40.0,86.0,126.0,,,126.0,INF_ALL,,12.437142857142858,5.64,19.9,1.5971428571428579,10,10,True
WPR,JPN,Japan,JP,NH,NH,SENTINEL,2014-04-21,2014,17,201417,21.0,78.0,99.0,,,99.0,INF_ALL,,14.432857142857141,7.4799999999999995,21.69,1.9957142857142838,10,10,True
WPR,JPN,Japan,JP,NH,NH,SENTINEL,2014-04-28,2014,18,201418,12.0,43.0,55.0,,,55.0,INF_ALL,,15.864285714285714,8.969999999999999,22.34,1.4314285714285724,10,10,True
WPR,JPN,Japan,JP,NH,NH,SENTINEL,2014-05-05,2014,19,201419,6.0,22.0,28.0,,,28.0,INF_ALL,,15.468571428571428,8.55,23.369999999999997,-0.3957142857142859,10,10,True
WPR,JPN,Japan,JP,NH,NH,SENTINEL,2014-05-12,2014,20,201420,10.0,23.0,33.0,,,33.0,INF_ALL,,17.557142857142857,11.68,25.119999999999997,2.088571428571429,10,10,True
WPR,JPN,Japan,JP,NH,NH,SENTINEL,2014-05-19,2014,21,201421,8.0,12.0,20.0,,,20.0,INF_ALL,,17.84285714285714,11.389999999999999,24.380000000000003,0.2857142857142847,10,10,True
WPR,JPN,Japan,JP,NH,NH,SENTINEL,2014-05-26,2014,22,201422,7.0,12.0,19.0,,,19.0,INF_ALL,,20.792857142857144,14.34,28.54,2.950000000000003,10,10,True
WPR,JPN,Japan,JP,NH,NH,SENTINEL,2014-06-02,2014,23,201423,1.0,1.0,2.0,,,2.0,INF_ALL,,21.044285714285714,16.9,27.439999999999998,0.2514285714285691,10,10,True
WPR,JPN,Japan,JP,NH,NH,SENTINEL,2014-06-09,2014,24,201424,2.0,4.0,6.0,,,6.0,INF_ALL,,21.24142857142857,16.69,25.910000000000004,0.1971428571428575,10,10,True
WPR,JPN,Japan,JP,NH,NH,SENTINEL,2014-06-16,2014,25,201425,3.0,4.0,7.0,,,7.0,INF_ALL,,21.542857142857144,16.919999999999998,26.369999999999997,0.3014285714285734,10,10,True
WPR,JPN,Japan,JP,NH,NH,SENTINEL,2014-06-23,2014,26,201426,1.0,2.0,3.0,,,3.0,INF_ALL,,22.552857142857142,17.77,27.560000000000002,1.009999999999998,10,10,True
WPR,JPN,Japan,JP,NH,NH,SENTINEL,2014-06-30,2014,27,201427,1.0,0.0,1.0,,,1.0,INF_ALL,,23.094285714285714,19.35,28.01,0.5414285714285718,10,10,True
WPR,JPN,Japan,JP,NH,NH,SENTINEL,2014-07-07,2014,28,201428,0.0,0.0,,,,0.0,INF_A + INF_B,,24.702857142857145,20.619999999999997,29.96,1.6085714285714303,10,10,True
WPR,JPN,Japan,JP,NH,NH,SENTINEL,2014-07-14,2014,29,201429,4.0,1.0,5.0,,,5.0,INF_ALL,,25.107142857142858,21.25,29.589999999999996,0.404285714285713,10,10,True
WPR,JPN,Japan,JP,NH,NH,SENTINEL,2014-07-21,2014,30,201430,1.0,0.0,1.0,,,1.0,INF_ALL,,26.65285714285714,21.72,32.269999999999996,1.5457142857142827,10,10,True
WPR,JPN,Japan,JP,NH,NH,SENTINEL,2014-07-28,2014,31,201431,1.0,0.0,1.0,,,1.0,INF_ALL,,26.39142857142857,20.53,31.9,-0.2614285714285707,10,10,True
WPR,JPN,Japan,JP,NH,NH,SENTINEL,2014-08-04,2014,32,201432,2.0,1.0,3.0,,,3.0,INF_ALL,,26.03,22.419999999999998,30.860000000000003,-0.36142857142856855,10,10,True
WPR,JPN,Japan,JP,NH,NH,SENTINEL,2014-08-11,2014,33,201433,2.0,0.0,2.0,,,2.0,INF_ALL,,25.307142857142857,21.869999999999997,29.589999999999996,-0.7228571428571442,10,10,True
WPR,JPN,Japan,JP,NH,NH,SENTINEL,2014-08-18,2014,34,201434,4.0,1.0,5.0,,,5.0,INF_ALL,,25.967142857142857,22.330000000000002,30.110000000000003,0.6600000000000001,10,10,True
WPR,JPN,Japan,JP,NH,NH,SENTINEL,2014-08-25,2014,35,201435,6.0,0.0,6.0,,,6.0,INF_ALL,,23.541428571428572,19.330000000000002,28.160000000000004,-2.4257142857142853,10,10,True
WPR,JPN,Japan,JP,NH,NH,SENTINEL,2014-09-01,2014,36,201436,5.0,0.0,5.0,,,5.0,INF_ALL,,23.85857142857143,20.119999999999997,28.75,0.3171428571428585,10,10,True
WPR,JPN,Japan,JP,NH,NH,SENTINEL,2014-09-08,2014,37,201437,13.0,0.0,13.0,,,13.0,INF_ALL,,22.007142857142856,17.15,27.060000000000002,-1.851428571428574,10,10,True
WPR,JPN,Japan,JP,NH,NH,SENTINEL,2014-09-15,2014,38,201438,10.0,0.0,10.0,,,10.0,INF_ALL,,20.604285714285716,15.59,26.119999999999997,-1.4028571428571404,10,10,True
WPR,JPN,Japan,JP,NH,NH,SENTINEL,2014-09-22,2014,39,201439,13.0,2.0,15.0,,,15.0,INF_ALL,,21.181428571428572,15.76,26.3,0.5771428571428565,10,10,True
WPR,JPN,Japan,JP,NH,NH,SENTINEL,2014-09-29,2014,40,201440,16.0,3.0,19.0,,,19.0,INF_ALL,,20.425714285714285,16.15,25.97,-0.7557142857142871,10,10,True
WPR,JPN,Japan,JP,NH,NH,SENTINEL,2014-10-06,2014,41,201441,3.0,1.0,4.0,,,4.0,INF_ALL,,18.497142857142855,13.209999999999999,24.080000000000002,-1.9285714285714306,10,10,True
WPR,JPN,Japan,JP,NH,NH,SENTINEL,2014-10-13,2014,42,201442,5.0,1.0,6.0,,,6.0,INF_ALL,,16.13142857142857,10.4,21.75,-2.365714285714283,10,10,True
WPR,JPN,Japan,JP,NH,NH,SENTINEL,2014-10-20,2014,43,201443,11.0,3.0,14.0,,,14.0,INF_ALL,,16.705714285714286,10.809999999999999,22.71,0.5742857142857147,10,10,True
WPR,JPN,Japan,JP,NH,NH,SENTINEL,2014-10-27,2014,44,201444,27.0,0.0,27.0,,,27.0,INF_ALL,,15.370000000000001,8.85,21.36,-1.3357142857142854,10,10,True
WPR,JPN,Japan,JP,NH,NH,SENTINEL,2014-11-03,2014,45,201445,29.0,1.0,30.0,,,30.0,INF_ALL,,13.44857142857143,7.94,19.52,-1.9214285714285708,10,10,True
WPR,JPN,Japan,JP,NH,NH,SENTINEL,2014-11-10,2014,46,201446,78.0,3.0,81.0,,,81.0,INF_ALL,,11.258571428571429,6.1,17.65,-2.1900000000000013,10,10,True
WPR,JPN,Japan,JP,NH,NH,SENTINEL,2014-11-17,2014,47,201447,108.0,3.0,111.0,,,111.0,INF_ALL,,10.655714285714286,5.45,17.72,-0.6028571428571432,10,10,True
WPR,JPN,Japan,JP,NH,NH,SENTINEL,2014-11-24,2014,48,201448,192.0,2.0,194.0,,,194.0,INF_ALL,,12.265714285714285,6.62,17.619999999999997,1.6099999999999994,10,10,True
WPR,JPN,Japan,JP,NH,NH,SENTINEL,2014-12-01,2014,49,201449,301.0,2.0,303.0,,,303.0,INF_ALL,,6.394285714285714,1.42,16.02,-5.871428571428571,10,10,True
WPR,JPN,Japan,JP,NH,NH,SENTINEL,2014-12-08,2014,50,201450,376.0,7.0,383.0,,,383.0,INF_ALL,,5.538571428571428,0.6500000000000001,12.07,-0.8557142857142859,10,10,True
WPR,JPN,Japan,JP,NH,NH,SENTINEL,2014-12-15,2014,51,201451,524.0,7.0,531.0,,,531.0,INF_ALL,,3.95,-1.4000000000000001,9.99,-1.588571428571428,10,10,True
WPR,JPN,Japan,JP,NH,NH,SENTINEL,2014-12-22,2014,52,201452,374.0,8.0,382.0,,,382.0,INF_ALL,,4.074285714285714,-0.3899999999999998,10.26,0.12428571428571367,10,10,True
WPR,JPN,Japan,JP,NH,NH,SENTINEL,2014-12-29,2015,1,201501,71.0,2.0,73.0,,,73.0,INF_ALL,,3.8328571428571427,-1.53,10.58,-0.2414285714285711,10,10,True
WPR,JPN,Japan,JP,NH,NH,SENTINEL,2015-01-05,2015,2,201502,596.0,15.0,611.0,,,611.0,INF_ALL,,4.831428571428572,0.27000000000000013,11.440000000000001,0.9985714285714291,10,10,True
WPR,JPN,Japan,JP,NH,NH,SENTINEL,2015-01-12,2015,3,201503,481.0,20.0,501.0,,,501.0,INF_ALL,,4.704285714285715,-0.16999999999999987,9.67,-0.12714285714285722,10,10,True
WPR,JPN,Japan,JP,NH,NH,SENTINEL,2015-01-19,2015,4,201504,486.0,44.0,530.0,,,530.0,INF_ALL,,5.112857142857143,-0.20000000000000004,10.120000000000001,0.40857142857142836,10,10,True
WPR,JPN,Japan,JP,NH,NH,SENTINEL,2015-01-26,2015,5,201505,377.0,35.0,412.0,,,412.0,INF_ALL,,4.4799999999999995,-0.8100000000000002,12.3,-0.6328571428571435,10,10,True
WPR,JPN,Japan,JP,NH,NH,SENTINEL,2015-02-02,2015,6,201506,277.0,33.0,310.0,,,310.0,INF_ALL,,3.7157142857142857,-1.1700000000000002,9.28,-0.7642857142857138,10,10,True
WPR,JPN,Japan,JP,NH,NH,SENTINEL,2015-02-09,2015,7,201507,178.0,26.0,204.0,,,204.0,INF_ALL,,3.4042857142857144,-1.8599999999999999,10.49,-0.3114285714285714,10,10,True
WPR,JPN,Japan,JP,NH,NH,SENTINEL,2015-02-16,2015,8,201508,213.0,49.0,262.0,,,262.0,INF_ALL,,5.948571428571428,0.23999999999999994,12.98,2.544285714285714,10,10,True
WPR,JPN,Japan,JP,NH,NH,SENTINEL,2015-02-23,2015,9,201509,118.0,46.0,164.0,,,164.0,INF_ALL,,7.12,1.19,13.45,1.1714285714285717,10,10,True
WPR,JPN,Japan,JP,NH,NH,SENTINEL,2015-03-02,2015,10,201510,94.0,56.0,150.0,,,150.0,INF_ALL,,6.621428571428572,1.5,13.069999999999999,-0.4985714285714282,10,10,True
WPR,JPN,Japan,JP,NH,NH,SENTINEL,2015-03-09,2015,11,201511,84.0,60.0,144.0,,,144.0,INF_ALL,,6.148571428571429,0.13999999999999999,13.14,-0.4728571428571433,10,10,True
WPR,JPN,Japan,JP,NH,NH,SENTINEL,2015-03-16,2015,12,201512,69.0,77.0,146.0,,,146.0,INF_ALL,,11.31,4.9399999999999995,17.919999999999998,5.161428571428572,10,10,True
WPR,JPN,Japan,JP,NH,NH,SENTINEL,2015-03-23,2015,13,201513,38.0,59.0,97.0,,,97.0,INF_ALL,,8.620000000000001,1.98,17.87,-2.6899999999999995,10,10,True
WPR,JPN,Japan,JP,NH,NH,SENTINEL,2015-03-30,2015,14,201514,28.0,42.0,70.0,,,70.0,INF_ALL,,13.555714285714284,6.17,21.06,4.935714285714283,10,10,True
WPR,JPN,Japan,JP,NH,NH,SENTINEL,2015-04-06,2015,15,201515,15.0,42.0,57.0,,,57.0,INF_ALL,,10.59,4.59,18.03,-2.9657142857142844,10,10,True
WPR,JPN,Japan,JP,NH,NH,SENTINEL,2015-04-13,2015,16,201516,24.0,59.0,83.0,,,83.0,INF_ALL,,12.918571428571429,6.65,19.53,2.328571428571429,10,10,True
WPR,JPN,Japan,JP,NH,NH,SENTINEL,2015-04-20,2015,17,201517,13.0,51.0,64.0,,,64.0,INF_ALL,,14.555714285714284,7.12,21.31,1.6371428571428552,10,10,True
WPR,JPN,Japan,JP,NH,NH,SENTINEL,2015-04-27,2015,18,201518,5.0,20.0,25.0,,,25.0,INF_ALL,,17.69,10.9,24.43,3.134285714285717,10,10,True
WPR,JPN,Japan,JP,NH,NH,SENTINEL,2015-05-04,2015,19,201519,2.0,11.0,13.0,,,13.0,INF_ALL,,17.021428571428572,11.040000000000001,23.21,-0.668571428571429,10,10,True
WPR,JPN,Japan,JP,NH,NH,SENTINEL,2015-05-11,2015,20,201520,3.0,19.0,22.0,,,22.0,INF_ALL,,18.025714285714287,10.68,24.68,1.0042857142857144,10,10,True
WPR,JPN,Japan,JP,NH,NH,SENTINEL,2015-05-18,2015,21,201521,1.0,17.0,18.0,,,18.0,INF_ALL,,18.624285714285712,11.489999999999998,25.19,0.5985714285714252,10,10,True
WPR,JPN,Japan,JP,NH,NH,SENTINEL,2015-05-25,2015,22,201522,2.0,8.0,10.0,,,10.0,INF_ALL,,20.784285714285716,14.709999999999999,27.45,2.1600000000000037,10,10,True
WPR,JPN,Japan,JP,NH,NH,SENTINEL,2015-06-01,2015,23,201523,1.0,10.0,11.0,,,11.0,INF_ALL,,19.504285714285714,13.66,26.4,-1.2800000000000011,10,10,True
WPR,JPN,Japan,JP,NH,NH,SENTINEL,2015-06-08,2015,24,201524,2.0,6.0,8.0,,,8.0,INF_ALL,,21.05857142857143,15.89,27.02,1.5542857142857152,10,10,True
WPR,JPN,Japan,JP,NH,NH,SENTINEL,2015-06-15,2015,25,201525,2.0,5.0,7.0,,,7.0,INF_ALL,,21.268571428571427,17.5,26.78,0.2099999999999973,10,10,True
WPR,JPN,Japan,JP,NH,NH,SENTINEL,2015-06-22,2015,26,201526,6.0,1.0,7.0,,,7.0,INF_ALL,,21.887142857142855,17.75,26.580000000000002,0.6185714285714283,10,10,True
WPR,JPN,Japan,JP,NH,NH,SENTINEL,2015-06-29,2015,27,201527,1.0,2.0,3.0,,,3.0,INF_ALL,,21.518571428571427,16.61,26.169999999999998,-0.36857142857142833,10,10,True
WPR,JPN,Japan,JP,NH,NH,SENTINEL,2015-07-06,2015,28,201528,5.0,0.0,5.0,,,5.0,INF_ALL,,23.09,18.61,29.54,1.571428571428573,10,10,True
WPR,JPN,Japan,JP,NH,NH,SENTINEL,2015-07-13,2015,29,201529,1.0,0.0,1.0,,,1.0,INF_ALL,,25.044285714285714,20.75,30.580000000000002,1.9542857142857137,10,10,True
WPR,JPN,Japan,JP,NH,NH,SENTINEL,2015-07-20,2015,30,201530,1.0,0.0,1.0,,,1.0,INF_ALL,,25.89142857142857,22.54,30.73,0.8471428571428561,10,10,True
WPR,JPN,Japan,JP,NH,NH,SENTINEL,2015-07-27,2015,31,201531,1.0,3.0,4.0,,,4.0,INF_ALL,,27.248571428571427,23.03,31.810000000000002,1.3571428571428577,10,10,True
WPR,JPN,Japan,JP,NH,NH,SENTINEL,2015-08-03,2015,32,201532,2.0,1.0,3.0,,,3.0,INF_ALL,,27.845714285714287,23.9,32.89,0.5971428571428596,10,10,True
WPR,JPN,Japan,JP,NH,NH,SENTINEL,2015-08-10,2015,33,201533,2.0,1.0,3.0,,,3.0,INF_ALL,,26.17714285714286,22.44,31.25,-1.6685714285714255,10,10,True
WPR,JPN,Japan,JP,NH,NH,SENTINEL,2015-08-17,2015,34,201534,2.0,3.0,5.0,,,5.0,INF_ALL,,24.988571428571426,21.2,29.580000000000002,-1.1885714285714357,10,10,True
WPR,JPN,Japan,JP,NH,NH,SENTINEL,2015-08-24,2015,35,201535,4.0,1.0,5.0,,,5.0,INF_ALL,,23.39857142857143,20.119999999999997,27.57,-1.5899999999999963,10,10,True
WPR,JPN,Japan,JP,NH,NH,SENTINEL,2015-08-31,2015,36,201536,16.0,1.0,17.0,,,17.0,INF_ALL,,23.264285714285716,19.65,28.01,-0.13428571428571345,10,10,True
WPR,JPN,Japan,JP,NH,NH,SENTINEL,2015-09-07,2015,37,201537,5.0,1.0,6.0,,,6.0,INF_ALL,,21.935714285714287,17.6,26.110000000000003,-1.3285714285714292,10,10,True
WPR,JPN,Japan,JP,NH,NH,SENTINEL,2015-09-14,2015,38,201538,7.0,0.0,7.0,,,7.0,INF_ALL,,20.801428571428573,16.47,25.669999999999998,-1.1342857142857135,10,10,True
WPR,JPN,Japan,JP,NH,NH,SENTINEL,2015-09-21,2015,39,201539,2.0,1.0,3.0,,,3.0,INF_ALL,,21.15142857142857,16.380000000000003,25.9,0.34999999999999787,10,10,True
WPR,JPN,Japan,JP,NH,NH,SENTINEL,2015-09-28,2015,40,201540,7.0,3.0,10.0,,,10.0,INF_ALL,,19.541428571428572,14.080000000000002,25.419999999999998,-1.6099999999999994,10,10,True
WPR,JPN,Japan,JP,NH,NH,SENTINEL,2015-10-05,2015,41,201541,11.0,2.0,13.0,,,13.0,INF_ALL,,17.202857142857145,12.32,22.56,-2.338571428571427,10,10,True
WPR,JPN,Japan,JP,NH,NH,SENTINEL,2015-10-12,2015,42,201542,5.0,3.0,8.0,,,8.0,INF_ALL,,16.45,10.870000000000001,23.03,-0.7528571428571453,10,10,True
WPR,JPN,Japan,JP,NH,NH,SENTINEL,2015-10-19,2015,43,201543,23.0,10.0,33.0,,,33.0,INF_ALL,,16.405714285714286,11.059999999999999,22.55,-0.044285714285713595,10,10,True
WPR,JPN,Japan,JP,NH,NH,SENTINEL,2015-10-26,2015,44,201544,6.0,4.0,10.0,,,10.0,INF_ALL,,14.104285714285714,8.440000000000001,21.41,-2.3014285714285716,10,10,True
WPR,JPN,Japan,JP,NH,NH,SENTINEL,2015-11-02,2015,45,201545,17.0,5.0,22.0,,,22.0,INF_ALL,,14.727142857142857,8.72,21.02,0.6228571428571428,10,10,True
WPR,JPN,Japan,JP,NH,NH,SENTINEL,2015-11-09,2015,46,201546,9.0,15.0,24.0,,,24.0,INF_ALL,,14.824285714285713,9.36,20.16,0.09714285714285609,10,10,True
WPR,JPN,Japan,JP,NH,NH,SENTINEL,2015-11-16,2015,47,201547,21.0,9.0,30.0,,,30.0,INF_ALL,,14.118571428571428,9.040000000000001,19.69,-0.7057142857142846,10,10,True
WPR,JPN,Japan,JP,NH,NH,SENTINEL,2015-11-23,2015,48,201548,17.0,5.0,22.0,,,22.0,INF_ALL,,9.881428571428572,4.4399999999999995,17.25,-4.237142857142857,10,10,True
WPR,JPN,Japan,JP,NH,NH,SENTINEL,2015-11-30,2015,49,201549,29.0,9.0,38.0,,,38.0,INF_ALL,,9.15857142857143,4.43,15.780000000000001,-0.7228571428571424,10,10,True
WPR,JPN,Japan,JP,NH,NH,SENTINEL,2015-12-07,2015,50,201550,42.0,3.0,45.0,,,45.0,INF_ALL,,9.595714285714285,3.55,16.65,0.43714285714285595,10,10,True
WPR,JPN,Japan,JP,NH,NH,SENTINEL,2015-12-14,2015,51,201551,36.0,19.0,55.0,,,55.0,INF_ALL,,8.007142857142856,2.3899999999999997,15.24,-1.588571428571429,10,10,True
WPR,JPN,Japan,JP,NH,NH,SENTINEL,2015-12-21,2015,52,201552,59.0,19.0,78.0,,,78.0,INF_ALL,,8.044285714285714,2.7399999999999998,14.05,0.037142857142857366,10,10,True
WPR,JPN,Japan,JP,NH,NH,SENTINEL,2015-12-28,2015,53,201553,38.0,11.0,49.0,,,49.0,INF_ALL,,5.938571428571429,1.22,13.24,-2.105714285714285,10,10,True
WPR,JPN,Japan,JP,NH,NH,SENTINEL,2016-01-04,2016,1,201601,171.0,39.0,210.0,,2.0,210.0,INF_ALL,,6.317142857142857,1.9600000000000002,12.95,0.3785714285714281,10,10,True
WPR,JPN,Japan,JP,NH,NH,SENTINEL,2016-01-11,2016,2,201602,329.0,83.0,412.0,,6.0,412.0,INF_ALL,,4.001428571428571,-0.6699999999999998,8.790000000000001,-2.315714285714286,10,10,True
WPR,JPN,Japan,JP,NH,NH,SENTINEL,2016-01-18,2016,3,201603,515.0,252.0,767.0,,7.0,767.0,INF_ALL,,2.551428571428571,-3.45,8.29,-1.4499999999999997,10,10,True
WPR,JPN,Japan,JP,NH,NH,SENTINEL,2016-01-25,2016,4,201604,517.0,206.0,723.0,,4.0,723.0,INF_ALL,,4.151428571428572,-3.05,10.18,1.600000000000001,10,10,True
WPR,JPN,Japan,JP,NH,NH,SENTINEL,2016-02-01,2016,5,201605,563.0,252.0,815.0,,0.0,815.0,INF_ALL,,3.431428571428571,-1.42,8.8,-0.7200000000000011,10,10,True
WPR,JPN,Japan,JP,NH,NH,SENTINEL,2016-02-08,2016,6,201606,355.0,176.0,531.0,,2.0,531.0,INF_ALL,,6.678571428571428,-1.5099999999999998,16.53,3.247142857142857,10,10,True
WPR,JPN,Japan,JP,NH,NH,SENTINEL,2016-02-15,2016,7,201607,343.0,197.0,540.0,,4.0,540.0,INF_ALL,,4.977142857142857,-1.17,12.72,-1.701428571428571,10,10,True
WPR,JPN,Japan,JP,NH,NH,SENTINEL,2016-02-22,2016,8,201608,264.0,198.0,462.0,,7.0,462.0,INF_ALL,,4.82,-0.43000000000000016,12.2,-0.15714285714285658,10,10,True
WPR,JPN,Japan,JP,NH,NH,SENTINEL,2016-02-29,2016,9,201609,218.0,247.0,465.0,,8.0,465.0,INF_ALL,,7.332857142857144,-0.45999999999999996,16.880000000000003,2.5128571428571433,10,10,True
WPR,JPN,Japan,JP,NH,NH,SENTINEL,2016-03-07,2016,10,201610,159.0,224.0,383.0,,8.0,383.0,INF_ALL,,7.815714285714286,1.4000000000000001,16.91,0.4828571428571422,10,10,True
WPR,JPN,Japan,JP,NH,NH,SENTINEL,2016-03-14,2016,11,201611,118.0,194.0,312.0,,2.0,312.0,INF_ALL,,9.492857142857144,2.6,17.52,1.677142857142858,10,10,True
WPR,JPN,Japan,JP,NH,NH,SENTINEL,2016-03-21,2016,12,201612,63.0,150.0,213.0,,9.0,213.0,INF_ALL,,7.6085714285714285,1.6,14.91,-1.8842857142857152,10,10,True
WPR,JPN,Japan,JP,NH,NH,SENTINEL,2016-03-28,2016,13,201613,74.0,148.0,222.0,,13.0,222.0,INF_ALL,,11.690000000000001,3.4799999999999995,18.85,4.081428571428573,10,10,True
WPR,JPN,Japan,JP,NH,NH,SENTINEL,2016-04-04,2016,14,201614,72.0,202.0,274.0,,46.0,274.0,INF_ALL,,13.464285714285714,7.06,20.3,1.7742857142857122,10,10,True
WPR,JPN,Japan,JP,NH,NH,SENTINEL,2016-04-11,2016,15,201615,50.0,167.0,217.0,,29.0,217.0,INF_ALL,,13.187142857142856,5.029999999999999,21.509999999999998,-0.2771428571428576,10,10,True
WPR,JPN,Japan,JP,NH,NH,SENTINEL,2016-04-18,2016,16,201616,24.0,181.0,205.0,,29.0,205.0,INF_ALL,,14.707142857142859,7.2,21.869999999999997,1.5200000000000031,10,10,True
WPR,JPN,Japan,JP,NH,NH,SENTINEL,2016-04-25,2016,17,201617,21.0,93.0,114.0,,18.0,114.0,INF_ALL,,14.80285714285714,8.209999999999999,22.05,0.09571428571428164,10,10,True
WPR,JPN,Japan,JP,NH,NH,SENTINEL,2016-05-02,2016,18,201618,17.0,46.0,63.0,,25.0,63.0,INF_ALL,,17.222857142857144,10.709999999999999,24.21,2.4200000000000035,10,10,True
WPR,JPN,Japan,JP,NH,NH,SENTINEL,2016-05-09,2016,19,201619,10.0,59.0,69.0,,26.0,69.0,INF_ALL,,17.544285714285714,10.95,24.31,0.3214285714285694,10,10,True
WPR,JPN,Japan,JP,NH,NH,SENTINEL,2016-05-16,2016,20,201620,2.0,30.0,32.0,,38.0,32.0,INF_ALL,,18.534285714285716,11.24,26.2,0.990000000000002,10,10,True
WPR,JPN,Japan,JP,NH,NH,SENTINEL,2016-05-23,2016,21,201621,4.0,23.0,27.0,,24.0,27.0,INF_ALL,,20.665714285714287,14.809999999999999,27.21,2.1314285714285717,10,10,True
WPR,JPN,Japan,JP,NH,NH,SENTINEL,2016-05-30,2016,22,201622,6.0,7.0,13.0,,31.0,13.0,INF_ALL,,19.082857142857144,12.930000000000001,25.630000000000003,-1.5828571428571436,10,10,True
WPR,JPN,Japan,JP,NH,NH,SENTINEL,2016-06-06,2016,23,201623,1.0,4.0,5.0,,28.0,5.0,INF_ALL,,21.240000000000002,15.62,27.110000000000003,2.1571428571428584,10,10,True
WPR,JPN,Japan,JP,NH,NH,SENTINEL,2016-06-13,2016,24,201624,2.0,6.0,8.0,,32.0,8.0,INF_ALL,,22.0,17.77,27.54,0.759999999999998,10,10,True
WPR,JPN,Japan,JP,NH,NH,SENTINEL,2016-06-20,2016,25,201625,7.0,2.0,9.0,,27.0,9.0,INF_ALL,,22.595714285714287,18.57,27.28,0.595714285714287,10,10,True
WPR,JPN,Japan,JP,NH,NH,SENTINEL,2016-06-27,2016,26,201626,0.0,2.0,2.0,,28.0,2.0,INF_ALL,,23.471428571428568,18.2,29.380000000000003,0.875714285714281,10,10,True
WPR,JPN,Japan,JP,NH,NH,SENTINEL,2016-07-04,2016,27,201627,4.0,1.0,5.0,,36.0,5.0,INF_ALL,,24.48857142857143,20.41,30.04,1.0171428571428613,10,10,True
WPR,JPN,Japan,JP,NH,NH,SENTINEL,2016-07-11,2016,28,201628,5.0,2.0,7.0,,42.0,7.0,INF_ALL,,24.628571428571426,20.29,29.389999999999997,0.13999999999999702,10,10,True
WPR,JPN,Japan,JP,NH,NH,SENTINEL,2016-07-18,2016,29,201629,1.0,1.0,2.0,,25.0,2.0,INF_ALL,,24.61857142857143,20.35,29.68,-0.00999999999999801,10,10,True
WPR,JPN,Japan,JP,NH,NH,SENTINEL,2016-07-25,2016,30,201630,7.0,0.0,7.0,,36.0,7.0,INF_ALL,,25.78857142857143,21.9,30.610000000000003,1.1700000000000017,10,10,True
WPR,JPN,Japan,JP,NH,NH,SENTINEL,2016-08-01,2016,31,201631,7.0,0.0,7.0,,20.0,7.0,INF_ALL,,26.972857142857144,22.990000000000002,31.689999999999998,1.1842857142857142,10,10,True
WPR,JPN,Japan,JP,NH,NH,SENTINEL,2016-08-08,2016,32,201632,10.0,0.0,10.0,,16.0,10.0,INF_ALL,,26.951428571428572,21.96,32.65,-0.02142857142857224,10,10,True
WPR,JPN,Japan,JP,NH,NH,SENTINEL,2016-08-15,2016,33,201633,5.0,2.0,7.0,,15.0,7.0,INF_ALL,,27.507142857142856,23.61,32.36,0.5557142857142843,10,10,True
WPR,JPN,Japan,JP,NH,NH,SENTINEL,2016-08-22,2016,34,201634,3.0,0.0,3.0,,21.0,3.0,INF_ALL,,26.525714285714287,21.830000000000002,31.7,-0.9814285714285695,10,10,True
WPR,JPN,Japan,JP,NH,NH,SENTINEL,2016-08-29,2016,35,201635,6.0,0.0,6.0,,29.0,6.0,INF_ALL,,25.142857142857146,20.35,30.15,-1.3828571428571408,10,10,True
WPR,JPN,Japan,JP,NH,NH,SENTINEL,2016-09-05,2016,36,201636,19.0,0.0,19.0,,40.0,19.0,INF_ALL,,24.728571428571428,20.22,29.589999999999996,-0.41428571428571814,10,10,True
WPR,JPN,Japan,JP,NH,NH,SENTINEL,2016-09-12,2016,37,201637,25.0,0.0,25.0,,37.0,25.0,INF_ALL,,23.52,20.18,27.72,-1.2085714285714282,10,10,True
WPR,JPN,Japan,JP,NH,NH,SENTINEL,2016-09-19,2016,38,201638,33.0,1.0,34.0,,12.0,34.0,INF_ALL,,21.67142857142857,18.0,26.5,-1.8485714285714288,10,10,True
WPR,JPN,Japan,JP,NH,NH,SENTINEL,2016-09-26,2016,39,201639,21.0,2.0,23.0,,38.0,23.0,INF_ALL,,22.83142857142857,17.57,27.939999999999998,1.1600000000000001,10,10,True
WPR,JPN,Japan,JP,NH,NH,SENTINEL,2016-10-03,2016,40,201640,29.0,2.0,31.0,,28.0,31.0,INF_ALL,,21.34,15.559999999999999,27.119999999999997,-1.491428571428571,10,10,True
WPR,JPN,Japan,JP,NH,NH,SENTINEL,2016-10-10,2016,41,201641,35.0,0.0,35.0,,31.0,35.0,INF_ALL,,16.78142857142857,11.72,22.86,-4.55857142857143,10,10,True
WPR,JPN,Japan,JP,NH,NH,SENTINEL,2016-10-17,2016,42,201642,67.0,1.0,68.0,,29.0,68.0,INF_ALL,,18.054285714285715,12.76,24.35,1.272857142857145,10,10,True
WPR,JPN,Japan,JP,NH,NH,SENTINEL,2016-10-24,2016,43,201643,82.0,1.0,83.0,,17.0,83.0,INF_ALL,,15.517142857142858,10.18,22.68,-2.5371428571428574,10,10,True
WPR,JPN,Japan,JP,NH,NH,SENTINEL,2016-10-31,2016,44,201644,95.0,0.0,95.0,,28.0,95.0,INF_ALL,,12.562857142857144,8.059999999999999,18.45,-2.9542857142857137,10,10,True
WPR,JPN,Japan,JP,NH,NH,SENTINEL,2016-11-07,2016,45,201645,106.0,2.0,108.0,,21.0,108.0,INF_ALL,,11.639999999999999,6.640000000000001,18.66,-0.9228571428571453,10,10,True
WPR,JPN,Japan,JP,NH,NH,SENTINEL,2016-11-14,2016,46,201646,178.0,8.0,186.0,,37.0,186.0,INF_ALL,,13.219999999999999,6.25,19.89,1.58,10,10,True
WPR,JPN,Japan,JP,NH,NH,SENTINEL,2016-11-21,2016,47,201647,157.0,6.0,163.0,,28.0,163.0,INF_ALL,,10.22857142857143,3.54,18.009999999999998,-2.9914285714285693,10,10,True
WPR,JPN,Japan,JP,NH,NH,SENTINEL,2016-11-28,2016,48,201648,265.0,5.0,270.0,,45.0,270.0,INF_ALL,,9.938571428571429,4.970000000000001,16.1,-0.2900000000000009,10,10,True
WPR,JPN,Japan,JP,NH,NH,SENTINEL,2016-12-05,2016,49,201649,295.0,12.0,307.0,,75.0,307.0,INF_ALL,,8.134285714285713,3.11,15.35,-1.8042857142857152,10,10,True
WPR,JPN,Japan,JP,NH,NH,SENTINEL,2016-12-12,2016,50,201650,326.0,15.0,341.0,,86.0,341.0,INF_ALL,,6.232857142857143,0.9700000000000001,12.85,-1.9014285714285704,10,10,True
WPR,JPN,Japan,JP,NH,NH,SENTINEL,2016-12-19,2016,51,201651,376.0,14.0,390.0,,96.0,390.0,INF_ALL,,8.978571428571428,2.7600000000000002,16.73,2.7457142857142847,10,10,True
WPR,JPN,Japan,JP,NH,NH,SENTINEL,2016-12-26,2016,52,201652,205.0,10.0,215.0,,34.0,215.0,INF_ALL,,6.027142857142857,0.6400000000000002,13.63,-2.951428571428571,10,10,True
WPR,JPN,Japan,JP,NH,NH,SENTINEL,2017-01-02,2017,1,201701,332.0,16.0,348.0,,37.0,348.0,INF_ALL,,6.301428571428572,1.15,12.05,0.2742857142857149,10,10,True
WPR,JPN,Japan,JP,NH,NH,SENTINEL,2017-01-09,2017,2,201702,492.0,22.0,514.0,,48.0,514.0,INF_ALL,,3.5985714285714288,-2.32,10.510000000000002,-2.702857142857143,10,10,True
WPR,JPN,Japan,JP,NH,NH,SENTINEL,2017-01-16,2017,3,201703,694.0,45.0,739.0,,53.0,739.0,INF_ALL,,3.5714285714285716,-1.6600000000000001,8.98,-0.027142857142857135,10,10,True
WPR,JPN,Japan,JP,NH,NH,SENTINEL,2017-01-23,2017,4,201704,591.0,46.0,637.0,,56.0,637.0,INF_ALL,,3.541428571428571,-1.9300000000000002,11.9,-0.030000000000000693,10,10,True
WPR,JPN,Japan,JP,NH,NH,SENTINEL,2017-01-30,2017,5,201705,534.0,47.0,581.0,,65.0,581.0,INF_ALL,,5.075714285714286,-0.11999999999999986,11.39,1.5342857142857147,10,10,True
WPR,JPN,Japan,JP,NH,NH,SENTINEL,2017-02-06,2017,6,201706,459.0,47.0,506.0,,52.0,506.0,INF_ALL,,3.54,-0.7899999999999998,9.1,-1.5357142857142856,10,10,True
WPR,JPN,Japan,JP,NH,NH,SENTINEL,2017-02-13,2017,7,201707,448.0,70.0,518.0,,51.0,518.0,INF_ALL,,5.3742857142857146,-0.43,14.26,1.8342857142857145,10,10,True
WPR,JPN,Japan,JP,NH,NH,SENTINEL,2017-02-20,2017,8,201708,374.0,63.0,437.0,,49.0,437.0,INF_ALL,,5.784285714285714,0.1999999999999998,13.469999999999999,0.40999999999999925,10,10,True
WPR,JPN,Japan,JP,NH,NH,SENTINEL,2017-02-27,2017,9,201709,317.0,108.0,425.0,,30.0,425.0,INF_ALL,,6.202857142857143,-0.16999999999999993,13.09,0.41857142857142904,10,10,True
WPR,JPN,Japan,JP,NH,NH,SENTINEL,2017-03-06,2017,10,201710,270.0,96.0,366.0,,41.0,366.0,INF_ALL,,5.765714285714286,0.59,12.65,-0.43714285714285683,10,10,True
WPR,JPN,Japan,JP,NH,NH,SENTINEL,2017-03-13,2017,11,201711,252.0,112.0,364.0,,37.0,364.0,INF_ALL,,7.558571428571429,1.69,14.559999999999999,1.7928571428571427,10,10,True
WPR,JPN,Japan,JP,NH,NH,SENTINEL,2017-03-20,2017,12,201712,167.0,99.0,266.0,,27.0,266.0,INF_ALL,,7.997142857142857,2.59,14.069999999999999,0.4385714285714286,10,10,True
WPR,JPN,Japan,JP,NH,NH,SENTINEL,2017-03-27,2017,13,201713,153.0,141.0,294.0,,29.0,294.0,INF_ALL,,8.201428571428572,3.1,15.680000000000001,0.20428571428571463,10,10,True
WPR,JPN,Japan,JP,NH,NH,SENTINEL,2017-04-03,2017,14,201714,116.0,126.0,242.0,,26.0,242.0,INF_ALL,,12.672857142857143,3.62,18.630000000000003,4.4714285714285715,10,10,True
WPR,JPN,Japan,JP,NH,NH,SENTINEL,2017-04-10,2017,15,201715,113.0,125.0,238.0,,31.0,238.0,INF_ALL,,12.638571428571428,5.41,21.830000000000002,-0.034285714285715585,10,10,True
WPR,JPN,Japan,JP,NH,NH,SENTINEL,2017-04-17,2017,16,201716,84.0,165.0,249.0,,34.0,249.0,INF_ALL,,13.634285714285715,7.279999999999999,20.369999999999997,0.9957142857142873,10,10,True
WPR,JPN,Japan,JP,NH,NH,SENTINEL,2017-04-24,2017,17,201717,52.0,107.0,159.0,,36.0,159.0,INF_ALL,,14.342857142857145,7.06,22.11,0.70857142857143,10,10,True
WPR,JPN,Japan,JP,NH,NH,SENTINEL,2017-05-01,2017,18,201718,34.0,49.0,83.0,,22.0,83.0,INF_ALL,,16.724285714285713,9.24,23.45,2.381428571428568,10,10,True
WPR,JPN,Japan,JP,NH,NH,SENTINEL,2017-05-08,2017,19,201719,26.0,73.0,99.0,,29.0,99.0,INF_ALL,,17.451428571428572,11.47,23.86,0.7271428571428586,10,10,True
WPR,JPN,Japan,JP,NH,NH,SENTINEL,2017-05-15,2017,20,201720,21.0,56.0,77.0,,35.0,77.0,INF_ALL,,18.018571428571427,11.8,25.82,0.567142857142855,10,10,True
WPR,JPN,Japan,JP,NH,NH,SENTINEL,2017-05-22,2017,21,201721,9.0,25.0,34.0,,22.0,34.0,INF_ALL,,19.192857142857143,13.65,25.29,1.1742857142857162,10,10,True
WPR,JPN,Japan,JP,NH,NH,SENTINEL,2017-05-29,2017,22,201722,7.0,22.0,29.0,,26.0,29.0,INF_ALL,,19.897142857142857,12.919999999999998,27.130000000000003,0.7042857142857137,10,10,True
WPR,JPN,Japan,JP,NH,NH,SENTINEL,2017-06-05,2017,23,201723,8.0,15.0,23.0,,56.0,23.0,INF_ALL,,19.53142857142857,13.37,26.02,-0.36571428571428655,10,10,True
WPR,JPN,Japan,JP,NH,NH,SENTINEL,2017-06-12,2017,24,201724,8.0,10.0,18.0,,42.0,18.0,INF_ALL,,19.774285714285714,13.559999999999999,26.310000000000002,0.24285714285714377,10,10,True
WPR,JPN,Japan,JP,NH,NH,SENTINEL,2017-06-19,2017,25,201725,8.0,12.0,20.0,,24.0,20.0,INF_ALL,,22.02285714285714,16.86,27.72,2.2485714285714273,10,10,True
WPR,JPN,Japan,JP,NH,NH,SENTINEL,2017-06-26,2017,26,201726,8.0,13.0,21.0,,37.0,21.0,INF_ALL,,23.202857142857145,18.71,29.01,1.1800000000000033,10,10,True
WPR,JPN,Japan,JP,NH,NH,SENTINEL,2017-07-03,2017,27,201727,14.0,11.0,25.0,,37.0,25.0,INF_ALL,,24.85857142857143,20.990000000000002,30.060000000000002,1.6557142857142857,10,10,True
WPR,JPN,Japan,JP,NH,NH,SENTINEL,2017-07-10,2017,28,201728,11.0,1.0,12.0,,19.0,12.0,INF_ALL,,26.592857142857145,22.509999999999998,31.27,1.7342857142857149,10,10,True
WPR,JPN,Japan,JP,NH,NH,SENTINEL,2017-07-17,2017,29,201729,12.0,0.0,12.0,,18.0,12.0,INF_ALL,,26.518571428571427,22.59,31.47,-0.07428571428571829,10,10,True
WPR,JPN,Japan,JP,NH,NH,SENTINEL,2017-07-24,2017,30,201730,17.0,0.0,17.0,,21.0,17.0,INF_ALL,,26.401428571428575,22.919999999999998,30.8,-0.11714285714285211,10,10,True
WPR,JPN,Japan,JP,NH,NH,SENTINEL,2017-07-31,2017,31,201731,27.0,1.0,28.0,,33.0,28.0,INF_ALL,,26.674285714285713,22.44,31.439999999999998,0.2728571428571378,10,10,True
WPR,JPN,Japan,JP,NH,NH,SENTINEL,2017-08-07,2017,32,201732,24.0,1.0,25.0,,11.0,25.0,INF_ALL,,26.195714285714285,22.43,30.8,-0.47857142857142776,10,10,True
WPR,JPN,Japan,JP,NH,NH,SENTINEL,2017-08-14,2017,33,201733,24.0,3.0,27.0,,15.0,27.0,INF_ALL,,25.361428571428572,22.330000000000002,29.52,-0.8342857142857127,10,10,True
WPR,JPN,Japan,JP,NH,NH,SENTINEL,2017-08-21,2017,34,201734,24.0,0.0,24.0,,25.0,24.0,INF_ALL,,26.580000000000002,20.85,31.380000000000003,1.2185714285714297,10,10,True
WPR,JPN,Japan,JP,NH,NH,SENTINEL,2017-08-28,2017,35,201735,30.0,8.0,38.0,,28.0,38.0,INF_ALL,,24.041428571428572,18.619999999999997,29.8,-2.53857142857143,10,10,True
WPR,JPN,Japan,JP,NH,NH,SENTINEL,2017-09-04,2017,36,201736,31.0,8.0,39.0,,22.0,39.0,INF_ALL,,23.472857142857144,18.85,28.410000000000004,-0.5685714285714276,10,10,True
WPR,JPN,Japan,JP,NH,NH,SENTINEL,2017-09-11,2017,37,201737,42.0,6.0,48.0,,27.0,48.0,INF_ALL,,22.40285714285714,17.85,27.71,-1.0700000000000038,10,10,True
WPR,JPN,Japan,JP,NH,NH,SENTINEL,2017-09-18,2017,38,201738,19.0,4.0,23.0,,11.0,23.0,INF_ALL,,21.90142857142857,16.81,26.689999999999998,-0.5014285714285691,10,10,True
WPR,JPN,Japan,JP,NH,NH,SENTINEL,2017-09-25,2017,39,201739,19.0,2.0,21.0,,,21.0,INF_ALL,,20.61714285714286,14.169999999999998,26.46,-1.284285714285712,10,10,True
WPR,JPN,Japan,JP,NH,NH,SENTINEL,2017-10-02,2017,40,201740,26.0,11.0,37.0,,29.0,37.0,INF_ALL,,19.25857142857143,13.930000000000001,25.21,-1.3585714285714303,10,10,True
WPR,JPN,Japan,JP,NH,NH,SENTINEL,2017-10-09,2017,41,201741,18.0,13.0,31.0,,30.0,31.0,INF_ALL,,19.357142857142858,15.309999999999999,25.509999999999998,0.09857142857142875,10,10,True
WPR,JPN,Japan,JP,NH,NH,SENTINEL,2017-10-16,2017,42,201742,33.0,11.0,44.0,,24.0,44.0,INF_ALL,,16.158571428571427,12.309999999999999,20.259999999999998,-3.19857142857143,10,10,True
WPR,JPN,Japan,JP,NH,NH,SENTINEL,2017-10-23,2017,43,201743,35.0,16.0,51.0,,37.0,51.0,INF_ALL,,15.351428571428574,9.97,21.330000000000002,-0.8071428571428534,10,10,True
WPR,JPN,Japan,JP,NH,NH,SENTINEL,2017-10-30,2017,44,201744,34.0,13.0,47.0,,44.0,47.0,INF_ALL,,13.64857142857143,8.290000000000001,20.03,-1.7028571428571446,10,10,True
WPR,JPN,Japan,JP,NH,NH,SENTINEL,2017-11-06,2017,45,201745,45.0,18.0,63.0,,26.0,63.0,INF_ALL,,13.578571428571427,7.970000000000001,20.05,-0.07000000000000206,10,10,True
WPR,JPN,Japan,JP,NH,NH,SENTINEL,2017-11-13,2017,46,201746,99.0,25.0,124.0,,24.0,124.0,INF_ALL,,10.239999999999998,4.33,17.21,-3.338571428571429,10,10,True
WPR,JPN,Japan,JP,NH,NH,SENTINEL,2017-11-20,2017,47,201747,155.0,34.0,189.0,,35.0,189.0,INF_ALL,,8.031428571428572,3.0500000000000003,14.41,-2.2085714285714264,10,10,True
WPR,JPN,Japan,JP,NH,NH,SENTINEL,2017-11-27,2017,48,201748,194.0,87.0,281.0,,33.0,281.0,INF_ALL,,8.994285714285713,3.44,16.43,0.9628571428571409,10,10,True
WPR,JPN,Japan,JP,NH,NH,SENTINEL,2017-12-04,2017,49,201749,274.0,108.0,382.0,,55.0,382.0,INF_ALL,,6.007142857142857,1.2599999999999998,12.27,-2.9871428571428558,10,10,True
WPR,JPN,Japan,JP,NH,NH,SENTINEL,2017-12-11,2017,50,201750,319.0,176.0,495.0,,81.0,495.0,INF_ALL,,4.741428571428572,0.5500000000000002,11.32,-1.2657142857142851,10,10,True
WPR,JPN,Japan,JP,NH,NH,SENTINEL,2017-12-18,2017,51,201751,346.0,212.0,558.0,,47.0,558.0,INF_ALL,,5.605714285714286,0.73,12.65,0.8642857142857139,10,10,True
WPR,JPN,Japan,JP,NH,NH,SENTINEL,2017-12-25,2017,52,201752,238.0,178.0,416.0,,29.0,416.0,INF_ALL,,4.711428571428572,0.5699999999999997,11.309999999999999,-0.8942857142857141,10,10,True
WPR,JPN,Japan,JP,NH,NH,SENTINEL,2018-01-01,2018,1,201801,201.0,151.0,352.0,,25.0,352.0,INF_ALL,,4.4314285714285715,0.19000000000000003,9.25,-0.28000000000000025,10,10,True
WPR,JPN,Japan,JP,NH,NH,SENTINEL,2018-01-08,2018,2,201802,379.0,315.0,694.0,,51.0,694.0,INF_ALL,,3.2142857142857144,-2.73,12.1,-1.217142857142857,10,10,True
WPR,JPN,Japan,JP,NH,NH,SENTINEL,2018-01-15,2018,3,201803,433.0,487.0,920.0,,76.0,920.0,INF_ALL,,6.328571428571428,-1.27,12.65,3.114285714285714,10,10,True
WPR,JPN,Japan,JP,NH,NH,SENTINEL,2018-01-22,2018,4,201804,320.0,440.0,760.0,,43.0,760.0,INF_ALL,,1.0314285714285711,-4.09,7.35,-5.297142857142857,10,10,True
WPR,JPN,Japan,JP,NH,NH,SENTINEL,2018-01-29,2018,5,201805,297.0,470.0,767.0,,57.0,767.0,INF_ALL,,2.122857142857143,-2.7600000000000002,7.7,1.091428571428572,10,10,True
WPR,JPN,Japan,JP,NH,NH,SENTINEL,2018-02-05,2018,6,201806,252.0,398.0,650.0,,48.0,650.0,INF_ALL,,2.217142857142857,-3.05,10.01,0.09428571428571386,10,10,True
WPR,JPN,Japan,JP,NH,NH,SENTINEL,2018-02-12,2018,7,201807,206.0,289.0,495.0,,49.0,495.0,INF_ALL,,3.1100000000000003,-2.89,10.18,0.8928571428571432,10,10,True
WPR,JPN,Japan,JP,NH,NH,SENTINEL,2018-02-19,2018,8,201808,216.0,296.0,512.0,,43.0,512.0,INF_ALL,,4.395714285714286,-0.9099999999999999,11.309999999999999,1.2857142857142856,10,10,True
WPR,JPN,Japan,JP,NH,NH,SENTINEL,2018-02-26,2018,9,201809,230.0,231.0,461.0,,40.0,461.0,INF_ALL,,7.278571428571429,0.05999999999999979,16.75,2.8828571428571435,10,10,True
WPR,JPN,Japan,JP,NH,NH,SENTINEL,2018-03-05,2018,10,201810,188.0,208.0,396.0,,34.0,396.0,INF_ALL,,7.087142857142856,0.55,16.009999999999998,-0.19142857142857306,10,10,True
WPR,JPN,Japan,JP,NH,NH,SENTINEL,2018-03-12,2018,11,201811,172.0,150.0,322.0,,39.0,322.0,INF_ALL,,9.41,1.5500000000000003,18.3,2.322857142857144,10,10,True
WPR,JPN,Japan,JP,NH,NH,SENTINEL,2018-03-19,2018,12,201812,128.0,100.0,228.0,,24.0,228.0,INF_ALL,,8.455714285714285,2.09,15.99,-0.9542857142857155,10,10,True
WPR,JPN,Japan,JP,NH,NH,SENTINEL,2018-03-26,2018,13,201813,127.0,69.0,196.0,,19.0,196.0,INF_ALL,,12.15857142857143,4.22,19.77,3.7028571428571446,10,10,True
WPR,JPN,Japan,JP,NH,NH,SENTINEL,2018-04-02,2018,14,201814,104.0,30.0,134.0,,26.0,134.0,INF_ALL,,12.468571428571428,4.8100000000000005,20.98,0.3099999999999987,10,10,True
WPR,JPN,Japan,JP,NH,NH,SENTINEL,2018-04-09,2018,15,201815,90.0,22.0,112.0,,21.0,112.0,INF_ALL,,12.947142857142856,4.74,20.380000000000003,0.47857142857142776,10,10,True
WPR,JPN,Japan,JP,NH,NH,SENTINEL,2018-04-16,2018,16,201816,96.0,27.0,123.0,,29.0,123.0,INF_ALL,,14.65,6.92,23.740000000000002,1.7028571428571446,10,10,True
WPR,JPN,Japan,JP,NH,NH,SENTINEL,2018-04-23,2018,17,201817,50.0,8.0,58.0,,44.0,58.0,INF_ALL,,15.624285714285714,9.17,22.53,0.9742857142857133,10,10,True
WPR,JPN,Japan,JP,NH,NH,SENTINEL,2018-04-30,2018,18,201818,32.0,5.0,37.0,,31.0,37.0,INF_ALL,,16.754285714285714,10.32,24.330000000000002,1.1300000000000008,10,10,True
WPR,JPN,Japan,JP,NH,NH,SENTINEL,2018-05-07,2018,19,201819,40.0,4.0,44.0,,60.0,44.0,INF_ALL,,15.680000000000001,9.0,22.330000000000002,-1.074285714285713,10,10,True
WPR,JPN,Japan,JP,NH,NH,SENTINEL,2018-05-14,2018,20,201820,38.0,1.0,39.0,,41.0,39.0,INF_ALL,,18.80142857142857,10.959999999999999,26.24,3.1214285714285683,10,10,True
WPR,JPN,Japan,JP,NH,NH,SENTINEL,2018-05-21,2018,21,201821,31.0,0.0,31.0,,37.0,31.0,INF_ALL,,18.978571428571428,12.43,25.860000000000003,0.17714285714285793,10,10,True
WPR,JPN,Japan,JP,NH,NH,SENTINEL,2018-05-28,2018,22,201822,21.0,0.0,21.0,,44.0,21.0,INF_ALL,,20.085714285714285,14.419999999999998,25.55,1.1071428571428577,10,10,True
WPR,JPN,Japan,JP,NH,NH,SENTINEL,2018-06-04,2018,23,201823,18.0,1.0,19.0,,37.0,19.0,INF_ALL,,21.205714285714286,16.0,27.2,1.120000000000001,10,10,True
WPR,JPN,Japan,JP,NH,NH,SENTINEL,2018-06-11,2018,24,201824,3.0,0.0,3.0,,40.0,3.0,INF_ALL,,19.18857142857143,14.39,24.619999999999997,-2.017142857142858,10,10,True
WPR,JPN,Japan,JP,NH,NH,SENTINEL,2018-06-18,2018,25,201825,5.0,0.0,5.0,,44.0,5.0,INF_ALL,,21.504285714285714,17.21,27.089999999999996,2.315714285714286,10,10,True
WPR,JPN,Japan,JP,NH,NH,SENTINEL,2018-06-25,2018,26,201826,4.0,0.0,4.0,,44.0,4.0,INF_ALL,,24.45,18.240000000000002,30.189999999999998,2.945714285714285,10,10,True
WPR,JPN,Japan,JP,NH,NH,SENTINEL,2018-07-02,2018,27,201827,10.0,0.0,10.0,,41.0,10.0,INF_ALL,,24.22,20.11,29.52,-0.23000000000000043,10,10,True
WPR,JPN,Japan,JP,NH,NH,SENTINEL,2018-07-09,2018,28,201828,10.0,0.0,10.0,,24.0,10.0,INF_ALL,,26.15,21.81,31.310000000000002,1.9299999999999997,10,10,True
WPR,JPN,Japan,JP,NH,NH,SENTINEL,2018-07-16,2018,29,201829,6.0,0.0,6.0,,21.0,6.0,INF_ALL,,27.64142857142857,23.7,32.989999999999995,1.491428571428571,10,10,True
WPR,JPN,Japan,JP,NH,NH,SENTINEL,2018-07-23,2018,30,201830,7.0,0.0,7.0,,20.0,7.0,INF_ALL,,27.22142857142857,22.509999999999998,33.260000000000005,-0.41999999999999815,10,10,True
WPR,JPN,Japan,JP,NH,NH,SENTINEL,2018-07-30,2018,31,201831,4.0,0.0,4.0,,22.0,4.0,INF_ALL,,27.762857142857143,23.4,33.47,0.5414285714285718,10,10,True
WPR,JPN,Japan,JP,NH,NH,SENTINEL,2018-08-06,2018,32,201832,2.0,0.0,2.0,,16.0,2.0,INF_ALL,,26.864285714285717,22.03,32.46,-0.8985714285714259,10,10,True
WPR,JPN,Japan,JP,NH,NH,SENTINEL,2018-08-13,2018,33,201833,3.0,0.0,3.0,,23.0,3.0,INF_ALL,,25.557142857142857,18.56,31.880000000000003,-1.3071428571428605,10,10,True
WPR,JPN,Japan,JP,NH,NH,SENTINEL,2018-08-20,2018,34,201834,8.0,0.0,8.0,,29.0,8.0,INF_ALL,,27.10857142857143,20.69,32.989999999999995,1.5514285714285734,10,10,True
WPR,JPN,Japan,JP,NH,NH,SENTINEL,2018-08-27,2018,35,201835,3.0,0.0,3.0,,35.0,3.0,INF_ALL,,25.505714285714284,21.34,30.48,-1.6028571428571468,10,10,True
WPR,JPN,Japan,JP,NH,NH,SENTINEL,2018-09-03,2018,36,201836,20.0,0.0,20.0,,52.0,20.0,INF_ALL,,24.622857142857143,20.740000000000002,29.659999999999997,-0.8828571428571408,10,10,True
WPR,JPN,Japan,JP,NH,NH,SENTINEL,2018-09-10,2018,37,201837,29.0,1.0,30.0,,34.0,30.0,INF_ALL,,22.692857142857143,18.240000000000002,27.619999999999997,-1.9299999999999997,10,10,True
WPR,JPN,Japan,JP,NH,NH,SENTINEL,2018-09-17,2018,38,201838,24.0,2.0,26.0,,34.0,26.0,INF_ALL,,22.35857142857143,17.72,27.060000000000002,-0.33428571428571274,10,10,True
WPR,JPN,Japan,JP,NH,NH,SENTINEL,2018-09-24,2018,39,201839,25.0,0.0,25.0,,33.0,25.0,INF_ALL,,20.339999999999996,15.790000000000001,25.7,-2.018571428571434,10,10,True
WPR,JPN,Japan,JP,NH,NH,SENTINEL,2018-10-01,2018,40,201840,30.0,2.0,32.0,,39.0,32.0,INF_ALL,,20.677142857142858,15.1,27.060000000000002,0.33714285714286163,10,10,True
WPR,JPN,Japan,JP,NH,NH,SENTINEL,2018-10-08,2018,41,201841,10.0,1.0,11.0,,59.0,11.0,INF_ALL,,18.494285714285713,13.309999999999999,24.21,-2.182857142857145,10,10,True
WPR,JPN,Japan,JP,NH,NH,SENTINEL,2018-10-15,2018,42,201842,31.0,1.0,32.0,,84.0,32.0,INF_ALL,,16.425714285714285,11.09,21.22,-2.0685714285714276,10,10,True
WPR,JPN,Japan,JP,NH,NH,SENTINEL,2018-10-22,2018,43,201843,24.0,0.0,24.0,,51.0,24.0,INF_ALL,,16.174285714285713,10.559999999999999,21.740000000000002,-0.25142857142857267,10,10,True
WPR,JPN,Japan,JP,NH,NH,SENTINEL,2018-10-29,2018,44,201844,21.0,1.0,22.0,,58.0,22.0,INF_ALL,,13.782857142857143,8.85,19.35,-2.3914285714285697,10,10,True
WPR,JPN,Japan,JP,NH,NH,SENTINEL,2018-11-05,2018,45,201845,46.0,0.0,46.0,,52.0,46.0,INF_ALL,,15.711428571428574,10.47,20.73,1.9285714285714306,10,10,True
WPR,JPN,Japan,JP,NH,NH,SENTINEL,2018-11-12,2018,46,201846,64.0,0.0,64.0,,65.0,64.0,INF_ALL,,12.675714285714285,7.49,17.84,-3.0357142857142883,10,10,True
WPR,JPN,Japan,JP,NH,NH,SENTINEL,2018-11-19,2018,47,201847,66.0,0.0,66.0,,42.0,66.0,INF_ALL,,10.1,4.529999999999999,15.91,-2.5757142857142856,10,10,True
WPR,JPN,Japan,JP,NH,NH,SENTINEL,2018-11-26,2018,48,201848,105.0,1.0,106.0,,62.0,106.0,INF_ALL,,11.065714285714286,5.8,17.48,0.9657142857142862,10,10,True
WPR,JPN,Japan,JP,NH,NH,SENTINEL,2018-12-03,2018,49,201849,149.0,1.0,150.0,,71.0,150.0,INF_ALL,,10.155714285714286,2.72,19.81,-0.9100000000000001,10,10,True
WPR,JPN,Japan,JP,NH,NH,SENTINEL,2018-12-10,2018,50,201850,261.0,4.0,265.0,,56.0,265.0,INF_ALL,,6.048571428571429,1.2099999999999997,11.690000000000001,-4.107142857142857,10,10,True
WPR,JPN,Japan,JP,NH,NH,SENTINEL,2018-12-17,2018,51,201851,416.0,4.0,420.0,,67.0,420.0,INF_ALL,,8.370000000000001,3.2399999999999998,13.530000000000001,2.321428571428572,10,10,True
WPR,JPN,Japan,JP,NH,NH,SENTINEL,2018-12-24,2018,52,201852,294.0,7.0,301.0,,51.0,301.0,INF_ALL,,4.852857142857143,0.09000000000000011,10.43,-3.517142857142858,10,10,True
WPR,JPN,Japan,JP,NH,NH,SENTINEL,2018-12-31,2019,1,201901,264.0,3.0,267.0,,28.0,267.0,INF_ALL,,4.8185714285714285,0.2299999999999999,10.08,-0.0342857142857147,10,10,True
WPR,JPN,Japan,JP,NH,NH,SENTINEL,2019-01-07,2019,2,201902,783.0,5.0,788.0,,56.0,788.0,INF_ALL,,5.038571428571428,0.79,10.36,0.21999999999999975,10,10,True
WPR,JPN,Japan,JP,NH,NH,SENTINEL,2019-01-14,2019,3,201903,776.0,14.0,790.0,,53.0,790.0,INF_ALL,,4.9871428571428575,-0.10000000000000009,11.01,-0.05142857142857071,10,10,True
WPR,JPN,Japan,JP,NH,NH,SENTINEL,2019-01-21,2019,4,201904,869.0,9.0,878.0,,64.0,878.0,INF_ALL,,4.032857142857143,-0.66,9.99,-0.9542857142857146,10,10,True
WPR,JPN,Japan,JP,NH,NH,SENTINEL,2019-01-28,2019,5,201905,730.0,11.0,741.0,,62.0,741.0,INF_ALL,,4.875714285714286,-0.04999999999999984,12.379999999999999,0.8428571428571434,10,10,True
WPR,JPN,Japan,JP,NH,NH,SENTINEL,2019-02-04,2019,6,201906,563.0,12.0,575.0,,79.0,575.0,INF_ALL,,5.5042857142857144,0.13000000000000023,13.55,0.6285714285714281,10,10,True
WPR,JPN,Japan,JP,NH,NH,SENTINEL,2019-02-11,2019,7,201907,378.0,10.0,388.0,,62.0,388.0,INF_ALL,,4.144285714285714,-0.4699999999999999,9.690000000000001,-1.3600000000000003,10,10,True
WPR,JPN,Japan,JP,NH,NH,SENTINEL,2019-02-18,2019,8,201908,365.0,11.0,376.0,,80.0,376.0,INF_ALL,,7.471428571428571,0.9600000000000002,13.87,3.3271428571428565,10,10,True
WPR,JPN,Japan,JP,NH,NH,SENTINEL,2019-02-25,2019,9,201909,289.0,8.0,297.0,,77.0,297.0,INF_ALL,,7.87,2.36,13.959999999999999,0.39857142857142946,10,10,True
WPR,JPN,Japan,JP,NH,NH,SENTINEL,2019-03-04,2019,10,201910,228.0,15.0,243.0,,68.0,243.0,INF_ALL,,8.4,1.7600000000000002,14.969999999999999,0.5300000000000002,10,10,True
WPR,JPN,Japan,JP,NH,NH,SENTINEL,2019-03-11,2019,11,201911,172.0,21.0,193.0,,48.0,193.0,INF_ALL,,7.742857142857143,2.05,13.559999999999999,-0.6571428571428575,10,10,True
WPR,JPN,Japan,JP,NH,NH,SENTINEL,2019-03-18,2019,12,201912,132.0,22.0,154.0,,45.0,154.0,INF_ALL,,9.314285714285713,1.6300000000000001,18.48,1.5714285714285703,10,10,True
WPR,JPN,Japan,JP,NH,NH,SENTINEL,2019-03-25,2019,13,201913,114.0,27.0,141.0,,29.0,141.0,INF_ALL,,9.745714285714286,3.12,17.2,0.4314285714285724,10,10,True
WPR,JPN,Japan,JP,NH,NH,SENTINEL,2019-04-01,2019,14,201914,95.0,32.0,127.0,,35.0,127.0,INF_ALL,,9.552857142857142,2.64,18.9,-0.19285714285714306,10,10,True
WPR,JPN,Japan,JP,NH,NH,SENTINEL,2019-04-08,2019,15,201915,106.0,35.0,141.0,,54.0,141.0,INF_ALL,,10.559999999999999,4.4399999999999995,18.2,1.0071428571428562,10,10,True
WPR,JPN,Japan,JP,NH,NH,SENTINEL,2019-04-15,2019,16,201916,109.0,75.0,184.0,,44.0,184.0,INF_ALL,,13.830000000000002,6.12,21.44,3.270000000000003,10,10,True
WPR,JPN,Japan,JP,NH,NH,SENTINEL,2019-04-22,2019,17,201917,66.0,67.0,133.0,,51.0,133.0,INF_ALL,,15.051428571428573,7.140000000000001,23.56,1.2214285714285715,10,10,True
WPR,JPN,Japan,JP,NH,NH,SENTINEL,2019-04-29,2019,18,201918,13.0,24.0,37.0,,32.0,37.0,INF_ALL,,15.89857142857143,9.17,23.419999999999998,0.8471428571428561,10,10,True
WPR,JPN,Japan,JP,NH,NH,SENTINEL,2019-05-06,2019,19,201919,14.0,38.0,52.0,,49.0,52.0,INF_ALL,,16.327142857142857,9.209999999999999,24.259999999999998,0.42857142857142705,10,10,True
WPR,JPN,Japan,JP,NH,NH,SENTINEL,2019-05-13,2019,20,201920,31.0,60.0,91.0,,73.0,91.0,INF_ALL,,18.79,12.53,24.55,2.4628571428571426,10,10,True
WPR,JPN,Japan,JP,NH,NH,SENTINEL,2019-05-20,2019,21,201921,13.0,43.0,56.0,,43.0,56.0,INF_ALL,,20.004285714285714,12.84,28.939999999999998,1.2142857142857153,10,10,True
WPR,JPN,Japan,JP,NH,NH,SENTINEL,2019-05-27,2019,22,201922,6.0,27.0,33.0,,40.0,33.0,INF_ALL,,20.242857142857144,13.719999999999999,27.389999999999997,0.23857142857142932,10,10,True
WPR,JPN,Japan,JP,NH,NH,SENTINEL,2019-06-03,2019,23,201923,8.0,27.0,35.0,,36.0,35.0,INF_ALL,,21.43857142857143,16.490000000000002,27.95,1.1957142857142848,10,10,True
WPR,JPN,Japan,JP,NH,NH,SENTINEL,2019-06-10,2019,24,201924,2.0,11.0,13.0,,35.0,13.0,INF_ALL,,19.784285714285716,15.14,25.82,-1.654285714285713,10,10,True
WPR,JPN,Japan,JP,NH,NH,SENTINEL,2019-06-17,2019,25,201925,8.0,6.0,14.0,,32.0,14.0,INF_ALL,,21.305714285714288,15.02,26.830000000000002,1.5214285714285722,10,10,True
WPR,JPN,Japan,JP,NH,NH,SENTINEL,2019-06-24,2019,26,201926,6.0,4.0,10.0,,35.0,10.0,INF_ALL,,22.672857142857143,17.3,28.05,1.3671428571428557,10,10,True
WPR,JPN,Japan,JP,NH,NH,SENTINEL,2019-07-01,2019,27,201927,7.0,4.0,11.0,,20.0,11.0,INF_ALL,,22.92142857142857,19.34,27.71,0.24857142857142733,10,10,True
WPR,JPN,Japan,JP,NH,NH,SENTINEL,2019-07-08,2019,28,201928,5.0,2.0,7.0,,28.0,7.0,INF_ALL,,22.44142857142857,19.09,27.060000000000002,-0.4800000000000004,10,10,True
WPR,JPN,Japan,JP,NH,NH,SENTINEL,2019-07-15,2019,29,201929,4.0,0.0,4.0,,22.0,4.0,INF_ALL,,24.28142857142857,20.73,28.76,1.8399999999999999,10,10,True
WPR,JPN,Japan,JP,NH,NH,SENTINEL,2019-07-22,2019,30,201930,6.0,1.0,7.0,,17.0,7.0,INF_ALL,,25.95285714285714,22.240000000000002,30.669999999999998,1.6714285714285708,10,10,True
WPR,JPN,Japan,JP,NH,NH,SENTINEL,2019-07-29,2019,31,201931,15.0,2.0,17.0,,21.0,17.0,INF_ALL,,28.05857142857143,24.06,32.6,2.1057142857142885,10,10,True
WPR,JPN,Japan,JP,NH,NH,SENTINEL,2019-08-05,2019,32,201932,10.0,2.0,12.0,,16.0,12.0,INF_ALL,,27.534285714285716,23.830000000000002,32.22,-0.524285714285714,10,10,True
WPR,JPN,Japan,JP,NH,NH,SENTINEL,2019-08-12,2019,33,201933,6.0,3.0,9.0,,4.0,9.0,INF_ALL,,27.43285714285714,23.630000000000003,32.44,-0.10142857142857409,10,10,True
WPR,JPN,Japan,JP,NH,NH,SENTINEL,2019-08-19,2019,34,201934,16.0,5.0,21.0,,24.0,21.0,INF_ALL,,25.364285714285714,21.35,29.939999999999998,-2.0685714285714276,10,10,True
WPR,JPN,Japan,JP,NH,NH,SENTINEL,2019-08-26,2019,35,201935,16.0,3.0,19.0,,14.0,19.0,INF_ALL,,24.457142857142856,20.45,28.689999999999998,-0.9071428571428584,10,10,True
WPR,JPN,Japan,JP,NH,NH,SENTINEL,2019-09-02,2019,36,201936,61.0,5.0,66.0,,21.0,66.0,INF_ALL,,25.502857142857145,21.32,30.6,1.0457142857142898,10,10,True
WPR,JPN,Japan,JP,NH,NH,SENTINEL,2019-09-09,2019,37,201937,75.0,6.0,81.0,,16.0,81.0,INF_ALL,,25.068571428571428,19.68,30.95,-0.4342857142857177,10,10,True
WPR,JPN,Japan,JP,NH,NH,SENTINEL,2019-09-16,2019,38,201938,67.0,4.0,71.0,,18.0,71.0,INF_ALL,,22.11857142857143,16.57,27.75,-2.9499999999999993,10,10,True
WPR,JPN,Japan,JP,NH,NH,SENTINEL,2019-09-23,2019,39,201939,73.0,3.0,76.0,,33.0,76.0,INF_ALL,,22.245714285714286,16.15,28.07,0.12714285714285722,10,10,True
WPR,JPN,Japan,JP,NH,NH,SENTINEL,2019-09-30,2019,40,201940,83.0,4.0,87.0,,32.0,87.0,INF_ALL,,22.392857142857146,16.880000000000003,27.880000000000003,0.14714285714286035,10,10,True
WPR,JPN,Japan,JP,NH,NH,SENTINEL,2019-10-07,2019,41,201941,80.0,1.0,81.0,,42.0,81.0,INF_ALL,,19.66,13.85,25.630000000000003,-2.7328571428571458,10,10,True
WPR,JPN,Japan,JP,NH,NH,SENTINEL,2019-10-14,2019,42,201942,50.0,1.0,51.0,,14.0,51.0,INF_ALL,,17.40142857142857,11.76,22.44,-2.258571428571429,10,10,True
WPR,JPN,Japan,JP,NH,NH,SENTINEL,2019-10-21,2019,43,201943,70.0,4.0,74.0,,17.0,74.0,INF_ALL,,17.664285714285715,13.55,22.7,0.26285714285714334,10,10,True
WPR,JPN,Japan,JP,NH,NH,SENTINEL,2019-10-28,2019,44,201944,83.0,1.0,84.0,,36.0,84.0,INF_ALL,,15.742857142857142,10.940000000000001,21.05,-1.9214285714285726,10,10,True
WPR,JPN,Japan,JP,NH,NH,SENTINEL,2019-11-04,2019,45,201945,77.0,0.0,77.0,,21.0,77.0,INF_ALL,,12.997142857142858,7.590000000000001,18.68,-2.7457142857142838,10,10,True
WPR,JPN,Japan,JP,NH,NH,SENTINEL,2019-11-11,2019,46,201946,148.0,3.0,151.0,,19.0,151.0,INF_ALL,,12.592857142857143,6.720000000000001,19.009999999999998,-0.4042857142857148,10,10,True
WPR,JPN,Japan,JP,NH,NH,SENTINEL,2019-11-18,2019,47,201947,189.0,1.0,190.0,,24.0,190.0,INF_ALL,,11.815714285714286,5.5,20.330000000000002,-0.7771428571428576,10,10,True
WPR,JPN,Japan,JP,NH,NH,SENTINEL,2019-11-25,2019,48,201948,366.0,3.0,369.0,,57.0,369.0,INF_ALL,,9.534285714285714,3.6100000000000003,17.36,-2.281428571428572,10,10,True
WPR,JPN,Japan,JP,NH,NH,SENTINEL,2019-12-02,2019,49,201949,426.0,7.0,433.0,,55.0,433.0,INF_ALL,,7.414285714285714,3.2299999999999995,15.59,-2.12,10,10,True
WPR,JPN,Japan,JP,NH,NH,SENTINEL,2019-12-09,2019,50,201950,549.0,13.0,562.0,,45.0,562.0,INF_ALL,,8.281428571428572,2.63,15.180000000000001,0.8671428571428583,10,10,True
WPR,JPN,Japan,JP,NH,NH,SENTINEL,2019-12-16,2019,51,201951,589.0,18.0,607.0,,52.0,607.0,INF_ALL,,8.627142857142857,3.05,14.84,0.3457142857142852,10,10,True
WPR,JPN,Japan,JP,NH,NH,SENTINEL,2019-12-23,2019,52,201952,397.0,22.0,419.0,,31.0,419.0,INF_ALL,,7.142857142857143,1.8399999999999994,12.41,-1.484285714285714,10,10,True
WPR,JPN,Japan,JP,NH,NH,SENTINEL,2019-12-30,2020,1,202001,92.0,6.0,98.0,,4.0,98.0,INF_ALL,,6.26,1.4099999999999997,13.969999999999999,-0.8828571428571435,10,10,True
WPR,JPN,Japan,JP,NH,NH,SENTINEL,2020-01-06,2020,2,202002,461.0,36.0,497.0,,46.0,497.0,INF_ALL,,7.117142857142857,1.7000000000000004,13.6,0.8571428571428577,10,10,True
WPR,JPN,Japan,JP,NH,NH,SENTINEL,2020-01-13,2020,3,202003,363.0,37.0,400.0,,25.0,400.0,INF_ALL,,5.5528571428571425,1.12,10.379999999999999,-1.564285714285715,10,10,True
WPR,JPN,Japan,JP,NH,NH,SENTINEL,2020-01-20,2020,4,202004,401.0,63.0,464.0,,24.0,464.0,INF_ALL,,6.742857142857143,1.31,12.930000000000001,1.1900000000000004,10,10,True
WPR,JPN,Japan,JP,NH,NH,SENTINEL,2020-01-27,2020,5,202005,309.0,75.0,384.0,,72.0,384.0,INF_ALL,,6.5842857142857145,1.09,12.45,-0.15857142857142836,10,10,True
WPR,JPN,Japan,JP,NH,NH,SENTINEL,2020-02-03,2020,6,202006,206.0,88.0,294.0,,49.0,294.0,INF_ALL,,3.844285714285715,-1.27,10.98,-2.7399999999999993,10,10,True
WPR,JPN,Japan,JP,NH,NH,SENTINEL,2020-02-10,2020,7,202007,142.0,85.0,227.0,,189.0,227.0,INF_ALL,,7.925714285714285,-0.55,15.8,4.08142857142857,10,10,True
WPR,JPN,Japan,JP,NH,NH,SENTINEL,2020-02-17,2020,8,202008,110.0,102.0,212.0,,716.0,212.0,INF_ALL,,6.481428571428571,0.5199999999999998,13.64,-1.444285714285714,10,10,True
WPR,JPN,Japan,JP,NH,NH,SENTINEL,2020-02-24,2020,9,202009,42.0,108.0,150.0,,1186.0,150.0,INF_ALL,,7.404285714285715,1.2999999999999998,14.12,0.9228571428571435,10,10,True
WPR,JPN,Japan,JP,NH,NH,SENTINEL,2020-03-02,2020,10,202010,24.0,88.0,112.0,,1965.0,112.0,INF_ALL,,7.671428571428573,2.05,13.819999999999999,0.2671428571428578,10,10,True
WPR,JPN,Japan,JP,NH,NH,SENTINEL,2020-03-09,2020,11,202011,13.0,38.0,51.0,,1862.0,51.0,INF_ALL,,9.065714285714286,2.63,16.3,1.3942857142857132,10,10,True
WPR,JPN,Japan,JP,NH,NH,SENTINEL,2020-03-16,2020,12,202012,3.0,9.0,12.0,,1698.0,12.0,INF_ALL,,9.772857142857143,1.9499999999999997,18.25,0.7071428571428573,10,10,True
WPR,JPN,Japan,JP,NH,NH,SENTINEL,2020-03-23,2020,13,202013,1.0,2.0,3.0,,2442.0,3.0,INF_ALL,,10.190000000000001,3.4,17.68,0.41714285714285815,10,10,True
WPR,JPN,Japan,JP,NH,NH,SENTINEL,2020-03-30,2020,14,202014,1.0,3.0,4.0,,4266.0,4.0,INF_ALL,,10.86,4.6,17.65,0.6699999999999982,10,10,True
WPR,JPN,Japan,JP,NH,NH,SENTINEL,2020-04-06,2020,15,202015,0.0,2.0,2.0,,5470.0,2.0,INF_ALL,,9.971428571428572,4.55,16.84,-0.8885714285714279,10,10,True
WPR,JPN,Japan,JP,NH,NH,SENTINEL,2020-04-13,2020,16,202016,0.0,2.0,2.0,,6599.0,2.0,INF_ALL,,11.514285714285714,4.720000000000001,18.71,1.5428571428571427,10,10,True
WPR,JPN,Japan,JP,NH,NH,SENTINEL,2020-04-20,2020,17,202017,0.0,1.0,1.0,,5628.0,1.0,INF_ALL,,11.507142857142856,5.53,18.47,-0.007142857142858006,10,10,True
WPR,JPN,Japan,JP,NH,NH,SENTINEL,2020-04-27,2020,18,202018,0.0,0.0,,,5068.0,0.0,INF_A + INF_B,,15.137142857142857,6.9,24.259999999999998,3.630000000000001,10,10,True
WPR,JPN,Japan,JP,NH,NH,SENTINEL,2020-05-04,2020,19,202019,0.0,0.0,,,3362.0,0.0,INF_A + INF_B,,16.908571428571427,9.76,23.79,1.7714285714285705,10,10,True
WPR,JPN,Japan,JP,NH,NH,SENTINEL,2020-05-11,2020,20,202020,0.0,0.0,,,3357.0,0.0,INF_A + INF_B,,18.092857142857145,11.35,24.53,1.1842857142857177,10,10,True
WPR,JPN,Japan,JP,NH,NH,SENTINEL,2020-05-18,2020,21,202021,0.0,0.0,,,1869.0,0.0,INF_A + INF_B,,17.21142857142857,11.540000000000001,23.880000000000003,-0.8814285714285752,10,10,True
WPR,JPN,Japan,JP,NH,NH,SENTINEL,2020-05-25,2020,22,202022,0.0,0.0,,,1518.0,0.0,INF_A + INF_B,,19.481428571428573,13.680000000000001,25.02,2.270000000000003,10,10,True
WPR,JPN,Japan,JP,NH,NH,SENTINEL,2020-06-01,2020,23,202023,0.0,0.0,,,1335.0,0.0,INF_A + INF_B,,21.362857142857145,16.34,27.35,1.8814285714285717,10,10,True
WPR,JPN,Japan,JP,NH,NH,SENTINEL,2020-06-08,2020,24,202024,0.0,0.0,,,1267.0,0.0,INF_A + INF_B,,22.984285714285715,16.59,28.85,1.62142857142857,10,10,True
WPR,JPN,Japan,JP,NH,NH,SENTINEL,2020-06-15,2020,25,202025,0.0,0.0,,,969.0,0.0,INF_A + INF_B,,21.582857142857144,16.29,27.160000000000004,-1.4014285714285712,10,10,True
WPR,JPN,Japan,JP,NH,NH,SENTINEL,2020-06-22,2020,26,202026,0.0,0.0,,,1026.0,0.0,INF_A + INF_B,,22.922857142857143,18.490000000000002,28.49,1.3399999999999999,10,10,True
WPR,JPN,Japan,JP,NH,NH,SENTINEL,2020-06-29,2020,27,202027,0.0,0.0,,,1318.0,0.0,INF_A + INF_B,,22.812857142857144,18.94,27.360000000000003,-0.10999999999999943,10,10,True
WPR,JPN,Japan,JP,NH,NH,SENTINEL,2020-07-06,2020,28,202028,0.0,0.0,,,1605.0,0.0,INF_A + INF_B,,24.121428571428574,20.78,28.24,1.3085714285714296,10,10,True
WPR,JPN,Japan,JP,NH,NH,SENTINEL,2020-07-13,2020,29,202029,0.0,0.0,,,1881.0,0.0,INF_A + INF_B,,22.972857142857144,19.43,28.45,-1.1485714285714295,10,10,True
WPR,JPN,Japan,JP,NH,NH,SENTINEL,2020-07-20,2020,30,202030,0.0,0.0,,,2266.0,0.0,INF_A + INF_B,,24.79,21.57,29.669999999999998,1.817142857142855,10,10,True
WPR,JPN,Japan,JP,NH,NH,SENTINEL,2020-07-27,2020,31,202031,0.0,0.0,,,3121.0,0.0,INF_A + INF_B,,25.174285714285716,21.740000000000002,29.54,0.384285714285717,10,10,True
WPR,JPN,Japan,JP,NH,NH,SENTINEL,2020-08-03,2020,32,202032,0.0,0.0,,,4598.0,0.0,INF_A + INF_B,,26.507142857142856,22.52,30.97,1.33285714285714,10,10,True
WPR,JPN,Japan,JP,NH,NH,SENTINEL,2020-08-10,2020,33,202033,0.0,0.0,,,2477.0,0.0,INF_A + INF_B,,27.805714285714288,23.86,32.910000000000004,1.2985714285714316,10,10,True
WPR,JPN,Japan,JP,NH,NH,SENTINEL,2020-08-17,2020,34,202034,0.0,0.0,,,3110.0,0.0,INF_A + INF_B,,27.555714285714288,23.11,32.97,-0.25,10,10,True
WPR,JPN,Japan,JP,NH,NH,SENTINEL,2020-08-24,2020,35,202035,0.0,0.0,,,2794.0,0.0,INF_A + INF_B,,27.557142857142857,23.05,32.87,0.0014285714285691142,10,10,True
WPR,JPN,Japan,JP,NH,NH,SENTINEL,2020-08-31,2020,36,202036,0.0,0.0,,,2126.0,0.0,INF_A + INF_B,,26.698571428571427,22.830000000000002,32.45,-0.8585714285714303,10,10,True
WPR,JPN,Japan,JP,NH,NH,SENTINEL,2020-09-07,2020,37,202037,0.0,0.0,,,1762.0,0.0,INF_A + INF_B,,25.22,20.98,30.339999999999996,-1.4785714285714278,10,10,True
WPR,JPN,Japan,JP,NH,NH,SENTINEL,2020-09-14,2020,38,202038,0.0,0.0,,,1794.0,0.0,INF_A + INF_B,,23.012857142857143,18.89,27.79,-2.2071428571428555,10,10,True
WPR,JPN,Japan,JP,NH,NH,SENTINEL,2020-09-21,2020,39,202039,0.0,0.0,,,998.0,0.0,INF_A + INF_B,,21.115714285714287,16.9,26.130000000000003,-1.8971428571428568,10,10,True
WPR,JPN,Japan,JP,NH,NH,SENTINEL,2020-09-28,2020,40,202040,0.0,0.0,,,1335.0,0.0,INF_A + INF_B,,20.26142857142857,15.479999999999999,24.55,-0.8542857142857159,10,10,True
WPR,JPN,Japan,JP,NH,NH,SENTINEL,2020-10-05,2020,41,202041,0.0,0.0,,,1530.0,0.0,INF_A + INF_B,,18.627142857142857,14.309999999999999,23.990000000000002,-1.6342857142857135,10,10,True
WPR,JPN,Japan,JP,NH,NH,SENTINEL,2020-10-12,2020,42,202042,0.0,0.0,,,1809.0,0.0,INF_A + INF_B,,17.31,11.290000000000001,23.44,-1.3171428571428585,10,10,True
WPR,JPN,Japan,JP,NH,NH,SENTINEL,2020-10-19,2020,43,202043,1.0,0.0,1.0,,1821.0,1.0,INF_ALL,,15.895714285714286,10.5,21.490000000000002,-1.4142857142857128,10,10,True
WPR,JPN,Japan,JP,NH,NH,SENTINEL,2020-10-26,2020,44,202044,1.0,0.0,1.0,,1342.0,1.0,INF_ALL,,14.614285714285714,9.190000000000001,20.19,-1.281428571428572,10,10,True
WPR,JPN,Japan,JP,NH,NH,SENTINEL,2020-11-02,2020,45,202045,0.0,0.0,,,1933.0,0.0,INF_A + INF_B,,14.15,7.609999999999999,20.29,-0.4642857142857135,10,10,True
WPR,JPN,Japan,JP,NH,NH,SENTINEL,2020-11-09,2020,46,202046,0.0,0.0,,,3140.0,0.0,INF_A + INF_B,,11.484285714285715,6.51,18.41,-2.6657142857142855,10,10,True
WPR,JPN,Japan,JP,NH,NH,SENTINEL,2020-11-16,2020,47,202047,0.0,0.0,,,4231.0,0.0,INF_A + INF_B,,14.912857142857144,8.09,22.02,3.428571428571429,10,10,True
WPR,JPN,Japan,JP,NH,NH,SENTINEL,2020-11-23,2020,48,202048,0.0,0.0,,,3766.0,0.0,INF_A + INF_B,,10.845714285714285,6.720000000000001,15.64,-4.0671428571428585,10,10,True
WPR,JPN,Japan,JP,NH,NH,SENTINEL,2020-11-30,2020,49,202049,0.0,0.0,,,3792.0,0.0,INF_A + INF_B,,8.65857142857143,4.61,13.41,-2.187142857142856,10,10,True
WPR,JPN,Japan,JP,NH,NH,SENTINEL,2020-12-07,2020,50,202050,0.0,0.0,,,4333.0,0.0,INF_A + INF_B,,8.964285714285714,4.2,13.809999999999999,0.3057142857142843,10,10,True
WPR,JPN,Japan,JP,NH,NH,SENTINEL,2020-12-14,2020,51,202051,0.0,0.0,,,2932.0,0.0,INF_A + INF_B,,3.7714285714285714,0.2599999999999999,8.55,-5.192857142857142,10,10,True
WPR,JPN,Japan,JP,NH,NH,SENTINEL,2020-12-21,2020,52,202052,0.0,0.0,,,2977.0,0.0,INF_A + INF_B,,5.978571428571429,0.9800000000000001,11.97,2.2071428571428573,10,10,True
WPR,JPN,Japan,JP,NH,NH,SENTINEL,2020-12-28,2020,53,202053,0.0,0.0,,,2648.0,0.0,INF_A + INF_B,,3.7885714285714287,-2.2800000000000002,12.040000000000001,-2.19,10,10,True
WPR,JPN,Japan,JP,NH,NH,SENTINEL,2021-01-04,2021,1,202101,0.0,0.0,,,3850.0,0.0,INF_A + INF_B,,1.6057142857142856,-4.15,8.510000000000002,-2.1828571428571433,10,10,True
WPR,JPN,Japan,JP,NH,NH,SENTINEL,2021-01-11,2021,2,202102,0.0,0.0,,,3430.0,0.0,INF_A + INF_B,,4.267142857142857,-1.98,12.17,2.661428571428571,10,10,True
WPR,JPN,Japan,JP,NH,NH,SENTINEL,2021-01-18,2021,3,202103,0.0,0.0,,,3197.0,0.0,INF_A + INF_B,,4.682857142857143,-1.97,11.559999999999999,0.41571428571428637,10,10,True
WPR,JPN,Japan,JP,NH,NH,SENTINEL,2021-01-25,2021,4,202104,0.0,0.0,,,2573.0,0.0,INF_A + INF_B,,5.252857142857144,-0.85,12.629999999999999,0.5700000000000003,10,10,True
WPR,JPN,Japan,JP,NH,NH,SENTINEL,2021-02-01,2021,5,202105,0.0,0.0,,,2573.0,0.0,INF_A + INF_B,,5.407142857142857,-1.15,13.040000000000001,0.15428571428571303,10,10,True
WPR,JPN,Japan,JP,NH,NH,SENTINEL,2021-02-08,2021,6,202106,2.0,0.0,2.0,,1913.0,2.0,INF_ALL,,6.225714285714285,-0.5900000000000001,15.969999999999999,0.8185714285714285,10,10,True
WPR,JPN,Japan,JP,NH,NH,SENTINEL,2021-02-15,2021,7,202107,0.0,0.0,,,1662.0,0.0,INF_A + INF_B,,5.914285714285715,-1.0100000000000002,15.85,-0.3114285714285705,10,10,True
WPR,JPN,Japan,JP,NH,NH,SENTINEL,2021-02-22,2021,8,202108,0.0,0.0,,,996.0,0.0,INF_A + INF_B,,6.6257142857142854,0.14999999999999986,16.52,0.7114285714285709,10,10,True
WPR,JPN,Japan,JP,NH,NH,SENTINEL,2021-03-01,2021,9,202109,2.0,0.0,2.0,,1301.0,2.0,INF_ALL,,8.325714285714286,1.41,16.77,1.7000000000000002,10,10,True
WPR,JPN,Japan,JP,NH,NH,SENTINEL,2021-03-08,2021,10,202110,0.0,0.0,,,1383.0,0.0,INF_A + INF_B,,8.595714285714285,1.89,14.89,0.2699999999999996,10,10,True
WPR,JPN,Japan,JP,NH,NH,SENTINEL,2021-03-15,2021,11,202111,0.0,0.0,,,1430.0,0.0,INF_A + INF_B,,10.552857142857144,3.47,17.46,1.957142857142859,10,10,True
WPR,JPN,Japan,JP,NH,NH,SENTINEL,2021-03-22,2021,12,202112,0.0,0.0,,,1847.0,0.0,INF_A + INF_B,,10.942857142857143,3.9,18.130000000000003,0.3899999999999988,10,10,True
WPR,JPN,Japan,JP,NH,NH,SENTINEL,2021-03-29,2021,13,202113,0.0,0.0,,,2489.0,0.0,INF_A + INF_B,,14.055714285714284,7.109999999999999,20.71,3.112857142857141,10,10,True
WPR,JPN,Japan,JP,NH,NH,SENTINEL,2021-04-05,2021,14,202114,0.0,0.0,,,2544.0,0.0,INF_A + INF_B,,10.637142857142857,4.18,17.43,-3.4185714285714273,10,10,True
WPR,JPN,Japan,JP,NH,NH,SENTINEL,2021-04-12,2021,15,202115,0.0,0.0,,,2953.0,0.0,INF_A + INF_B,,12.855714285714285,5.57,19.0,2.218571428571428,10,10,True
WPR,JPN,Japan,JP,NH,NH,SENTINEL,2021-04-19,2021,16,202116,0.0,0.0,,,4368.0,0.0,INF_A + INF_B,,14.001428571428571,6.710000000000001,22.19,1.145714285714286,10,10,True
WPR,JPN,Japan,JP,NH,NH,SENTINEL,2021-04-26,2021,17,202117,0.0,0.0,,,4084.0,0.0,INF_A + INF_B,,13.719999999999999,6.13,20.16,-0.281428571428572,10,10,True
WPR,JPN,Japan,JP,NH,NH,SENTINEL,2021-05-03,2021,18,202118,0.0,0.0,,,2859.0,0.0,INF_A + INF_B,,16.17,8.83,22.740000000000002,2.450000000000003,10,10,True
WPR,JPN,Japan,JP,NH,NH,SENTINEL,2021-05-10,2021,19,202119,0.0,0.0,,,4004.0,0.0,INF_A + INF_B,,18.015714285714285,11.24,25.169999999999998,1.8457142857142834,10,10,True
WPR,JPN,Japan,JP,NH,NH,SENTINEL,2021-05-17,2021,20,202120,0.0,0.0,,,2847.0,0.0,INF_A + INF_B,,19.35857142857143,14.8,24.84,1.3428571428571452,10,10,True
WPR,JPN,Japan,JP,NH,NH,SENTINEL,2021-05-24,2021,21,202121,0.0,0.0,,,2452.0,0.0,INF_A + INF_B,,18.67142857142857,13.819999999999999,24.23,-0.6871428571428595,10,10,True
WPR,JPN,Japan,JP,NH,NH,SENTINEL,2021-05-31,2021,22,202122,0.0,0.0,,,2371.0,0.0,INF_A + INF_B,,19.96,13.75,25.9,1.28857142857143,10,10,True
WPR,JPN,Japan,JP,NH,NH,SENTINEL,2021-06-07,2021,23,202123,0.0,0.0,,,2816.0,0.0,INF_A + INF_B,,22.174285714285713,17.07,27.919999999999998,2.2142857142857117,10,10,True
WPR,JPN,Japan,JP,NH,NH,SENTINEL,2021-06-14,2021,24,202124,0.0,0.0,,,2575.0,0.0,INF_A + INF_B,,21.687142857142856,17.61,26.419999999999998,-0.48714285714285666,10,10,True
WPR,JPN,Japan,JP,NH,NH,SENTINEL,2021-06-21,2021,25,202125,1.0,0.0,1.0,,2412.0,1.0,INF_ALL,,21.96857142857143,17.080000000000002,26.830000000000002,0.2814285714285738,10,10,True
WPR,JPN,Japan,JP,NH,NH,SENTINEL,2021-06-28,2021,26,202126,0.0,0.0,,,1612.0,0.0,INF_A + INF_B,,23.237142857142857,19.4,28.139999999999997,1.268571428571427,10,10,True
WPR,JPN,Japan,JP,NH,NH,SENTINEL,2021-07-05,2021,27,202127,0.0,0.0,,,1889.0,0.0,INF_A + INF_B,,24.497142857142858,21.73,28.560000000000002,1.2600000000000016,10,10,True
WPR,JPN,Japan,JP,NH,NH,SENTINEL,2021-07-12,2021,28,202128,0.0,0.0,,,2676.0,0.0,INF_A + INF_B,,25.094285714285714,21.29,29.96,0.5971428571428561,10,10,True
WPR,JPN,Japan,JP,NH,NH,SENTINEL,2021-07-19,2021,29,202129,0.0,0.0,,,2555.0,0.0,INF_A + INF_B,,26.454285714285714,22.490000000000002,30.9,1.3599999999999994,10,10,True
WPR,JPN,Japan,JP,NH,NH,SENTINEL,2021-07-26,2021,30,202130,0.0,0.0,,,2386.0,0.0,INF_A + INF_B,,26.58857142857143,22.669999999999998,30.919999999999998,0.134285714285717,10,10,True
WPR,JPN,Japan,JP,NH,NH,SENTINEL,2021-08-02,2021,31,202131,0.0,0.0,,,2791.0,0.0,INF_A + INF_B,,27.728571428571428,23.990000000000002,32.7,1.139999999999997,10,10,True
WPR,JPN,Japan,JP,NH,NH,SENTINEL,2021-08-09,2021,32,202132,0.0,0.0,,,2635.0,0.0,INF_A + INF_B,,24.419999999999998,20.889999999999997,30.2,-3.3085714285714296,10,10,True
WPR,JPN,Japan,JP,NH,NH,SENTINEL,2021-08-16,2021,33,202133,0.0,0.0,,,2862.0,0.0,INF_A + INF_B,,24.395714285714284,20.86,28.95,-0.024285714285714022,10,10,True
WPR,JPN,Japan,JP,NH,NH,SENTINEL,2021-08-23,2021,34,202134,0.0,0.0,,,3269.0,0.0,INF_A + INF_B,,26.18285714285714,22.6,30.45,1.7871428571428574,10,10,True
WPR,JPN,Japan,JP,NH,NH,SENTINEL,2021-08-30,2021,35,202135,0.0,0.0,,,2489.0,0.0,INF_A + INF_B,,23.908571428571427,20.04,29.54,-2.274285714285714,10,10,True
WPR,JPN,Japan,JP,NH,NH,SENTINEL,2021-09-06,2021,36,202136,0.0,0.0,,,2486.0,0.0,INF_A + INF_B,,23.181428571428572,19.15,27.869999999999997,-0.7271428571428551,10,10,True
WPR,JPN,Japan,JP,NH,NH,SENTINEL,2021-09-13,2021,37,202137,0.0,0.0,,,1700.0,0.0,INF_A + INF_B,,22.28142857142857,18.06,26.919999999999998,-0.9000000000000021,10,10,True
WPR,JPN,Japan,JP,NH,NH,SENTINEL,2021-09-20,2021,38,202138,0.0,0.0,,,1307.0,0.0,INF_A + INF_B,,22.22142857142857,16.97,27.630000000000003,-0.05999999999999872,10,10,True
WPR,JPN,Japan,JP,NH,NH,SENTINEL,2021-09-27,2021,39,202139,0.0,0.0,,,1208.0,0.0,INF_A + INF_B,,21.92,16.729999999999997,27.2,-0.3014285714285698,10,10,True
WPR,JPN,Japan,JP,NH,NH,SENTINEL,2021-10-04,2021,40,202140,0.0,0.0,,,677.0,0.0,INF_A + INF_B,,21.874285714285712,16.85,27.369999999999997,-0.045714285714289815,10,10,True
WPR,JPN,Japan,JP,NH,NH,SENTINEL,2021-10-11,2021,41,202141,0.0,0.0,,,660.0,0.0,INF_A + INF_B,,19.85142857142857,12.559999999999999,26.4,-2.0228571428571414,10,10,True
WPR,JPN,Japan,JP,NH,NH,SENTINEL,2021-10-18,2021,42,202142,0.0,0.0,,,240.0,0.0,INF_A + INF_B,,14.062857142857144,9.459999999999999,19.39,-5.7885714285714265,10,10,True
WPR,JPN,Japan,JP,NH,NH,SENTINEL,2021-10-25,2021,43,202143,0.0,0.0,,,220.0,0.0,INF_A + INF_B,,15.02,9.61,20.25,0.9571428571428555,10,10,True
WPR,JPN,Japan,JP,NH,NH,SENTINEL,2021-11-01,2021,44,202144,0.0,0.0,,,142.0,0.0,INF_A + INF_B,,14.754285714285714,9.77,19.81,-0.2657142857142851,10,10,True
WPR,JPN,Japan,JP,NH,NH,SENTINEL,2021-11-08,2021,45,202145,0.0,0.0,,,299.0,0.0,INF_A + INF_B,,13.044285714285715,8.05,20.14,-1.709999999999999,10,10,True
WPR,JPN,Japan,JP,NH,NH,SENTINEL,2021-11-15,2021,46,202146,0.0,0.0,,,177.0,0.0,INF_A + INF_B,,12.437142857142856,7.01,18.04,-0.6071428571428594,10,10,True
WPR,JPN,Japan,JP,NH,NH,SENTINEL,2021-11-22,2021,47,202147,0.0,0.0,,,83.0,0.0,INF_A + INF_B,,9.88142857142857,4.709999999999999,17.29,-2.555714285714286,10,10,True
WPR,JPN,Japan,JP,NH,NH,SENTINEL,2021-11-29,2021,48,202148,0.0,0.0,,,218.0,0.0,INF_A + INF_B,,8.625714285714285,3.3900000000000006,17.28,-1.2557142857142853,10,10,True
WPR,JPN,Japan,JP,NH,NH,SENTINEL,2021-12-06,2021,49,202149,1.0,0.0,1.0,,239.0,1.0,INF_ALL,,9.855714285714285,4.569999999999999,15.09,1.2300000000000004,10,10,True
WPR,JPN,Japan,JP,NH,NH,SENTINEL,2021-12-13,2021,50,202150,2.0,0.0,2.0,,501.0,2.0,INF_ALL,,6.718571428571428,0.8099999999999999,13.62,-3.137142857142857,10,10,True
WPR,JPN,Japan,JP,NH,NH,SENTINEL,2021-12-20,2021,51,202151,1.0,0.0,1.0,,1109.0,1.0,INF_ALL,,5.99,-0.6200000000000001,13.059999999999999,-0.7285714285714278,10,10,True
WPR,JPN,Japan,JP,NH,NH,SENTINEL,2021-12-27,2021,52,202152,0.0,0.0,,,467.0,0.0,INF_A + INF_B,,3.1471428571428572,-1.3699999999999999,9.79,-2.842857142857143,10,10,True
WPR,JPN,Japan,JP,NH,NH,SENTINEL,2022-01-03,2022,1,202201,0.0,0.0,,,653.0,0.0,INF_A + INF_B,,3.9442857142857144,-0.5399999999999998,9.87,0.7971428571428572,10,10,True
WPR,JPN,Japan,JP,NH,NH,SENTINEL,2022-01-10,2022,2,202202,0.0,0.0,,,2444.0,0.0,INF_A + INF_B,,4.058571428571428,-0.5600000000000002,10.15,0.11428571428571344,10,10,True
WPR,JPN,Japan,JP,NH,NH,SENTINEL,2022-01-17,2022,3,202203,0.0,0.0,,,3852.0,0.0,INF_A + INF_B,,3.182857142857143,-0.8799999999999999,8.39,-0.875714285714285,10,10,True
WPR,JPN,Japan,JP,NH,NH,SENTINEL,2022-01-24,2022,4,202204,0.0,0.0,,,4275.0,0.0,INF_A + INF_B,,4.594285714285715,0.2000000000000001,9.55,1.4114285714285724,10,10,True
WPR,JPN,Japan,JP,NH,NH,SENTINEL,2022-01-31,2022,5,202205,0.0,0.0,,,2541.0,0.0,INF_A + INF_B,,2.782857142857143,-1.4,7.790000000000001,-1.8114285714285723,10,10,True
WPR,JPN,Japan,JP,NH,NH,SENTINEL,2022-02-07,2022,6,202206,0.0,0.0,,,3616.0,0.0,INF_A + INF_B,,4.167142857142857,-0.6699999999999997,9.629999999999999,1.3842857142857143,10,10,True
WPR,JPN,Japan,JP,NH,NH,SENTINEL,2022-02-14,2022,7,202207,0.0,0.0,,,3049.0,0.0,INF_A + INF_B,,3.6785714285714293,-1.34,10.059999999999999,-0.488571428571428,10,10,True
WPR,JPN,Japan,JP,NH,NH,SENTINEL,2022-02-21,2022,8,202208,1.0,0.0,1.0,,2995.0,1.0,INF_ALL,,3.6714285714285717,-0.7300000000000001,11.43,-0.007142857142857562,10,10,True
WPR,JPN,Japan,JP,NH,NH,SENTINEL,2022-02-28,2022,9,202209,0.0,0.0,,,2863.0,0.0,INF_A + INF_B,,6.648571428571428,0.9500000000000004,13.27,2.977142857142856,10,10,True
WPR,JPN,Japan,JP,NH,NH,SENTINEL,2022-03-07,2022,10,202210,0.0,0.0,,,1951.0,0.0,INF_A + INF_B,,8.265714285714285,1.2500000000000002,16.869999999999997,1.6171428571428574,10,10,True
WPR,JPN,Japan,JP,NH,NH,SENTINEL,2022-03-14,2022,11,202211,0.0,0.0,,,2186.0,0.0,INF_A + INF_B,,10.104285714285714,4.3100000000000005,17.57,1.838571428571429,10,10,True
WPR,JPN,Japan,JP,NH,NH,SENTINEL,2022-03-21,2022,12,202212,0.0,0.0,,,1771.0,0.0,INF_A + INF_B,,9.475714285714286,1.9099999999999997,17.36,-0.6285714285714281,10,10,True
WPR,JPN,Japan,JP,NH,NH,SENTINEL,2022-03-28,2022,13,202213,0.0,0.0,,,2790.0,0.0,INF_A + INF_B,,9.855714285714285,3.25,17.71,0.379999999999999,10,10,True
WPR,JPN,Japan,JP,NH,NH,SENTINEL,2022-04-04,2022,14,202214,0.0,0.0,,,2156.0,0.0,INF_A + INF_B,,12.419999999999998,5.16,21.669999999999998,2.564285714285713,10,10,True
WPR,JPN,Japan,JP,NH,NH,SENTINEL,2022-04-11,2022,15,202215,0.0,0.0,,,1606.0,0.0,INF_A + INF_B,,14.219999999999999,6.709999999999999,22.78,1.8000000000000007,10,10,True
WPR,JPN,Japan,JP,NH,NH,SENTINEL,2022-04-18,2022,16,202216,0.0,0.0,,,1444.0,0.0,INF_A + INF_B,,15.04857142857143,7.69,22.15,0.828571428571431,10,10,True
WPR,JPN,Japan,JP,NH,NH,SENTINEL,2022-04-25,2022,17,202217,0.0,0.0,,,1667.0,0.0,INF_A + INF_B,,15.715714285714284,8.43,23.869999999999997,0.6671428571428546,10,10,True
WPR,JPN,Japan,JP,NH,NH,SENTINEL,2022-05-02,2022,18,202218,0.0,0.0,,,1478.0,0.0,INF_A + INF_B,,15.75,8.27,23.55,0.034285714285715585,10,10,True
WPR,JPN,Japan,JP,NH,NH,SENTINEL,2022-05-09,2022,19,202219,0.0,0.0,,,1484.0,0.0,INF_A + INF_B,,17.214285714285715,10.33,23.29,1.4642857142857153,10,10,True
WPR,JPN,Japan,JP,NH,NH,SENTINEL,2022-05-16,2022,20,202220,0.0,0.0,,,1511.0,0.0,INF_A + INF_B,,17.98857142857143,11.97,24.3,0.774285714285714,10,10,True
WPR,JPN,Japan,JP,NH,NH,SENTINEL,2022-05-23,2022,21,202221,0.0,0.0,,,816.0,0.0,INF_A + INF_B,,19.862857142857145,13.709999999999999,26.830000000000002,1.8742857142857154,10,10,True
WPR,JPN,Japan,JP,NH,NH,SENTINEL,2022-05-30,2022,22,202222,0.0,0.0,,,963.0,0.0,INF_A + INF_B,,19.637142857142855,14.51,25.830000000000002,-0.22571428571428953,10,10,True
WPR,JPN,Japan,JP,NH,NH,SENTINEL,2022-06-06,2022,23,202223,0.0,0.0,,,862.0,0.0,INF_A + INF_B,,19.068571428571428,14.530000000000001,24.64,-0.5685714285714276,10,10,True
WPR,JPN,Japan,JP,NH,NH,SENTINEL,2022-06-13,2022,24,202224,0.0,0.0,,,804.0,0.0,INF_A + INF_B,,21.087142857142858,15.4,27.53,2.0185714285714305,10,10,True
WPR,JPN,Japan,JP,NH,NH,SENTINEL,2022-06-20,2022,25,202225,1.0,0.0,1.0,,,1.0,INF_ALL,,24.14,20.11,30.119999999999997,3.0528571428571425,10,10,True
WPR,JPN,Japan,JP,NH,NH,SENTINEL,2022-06-27,2022,26,202226,,0.0,,,,,Missing,,26.47142857142857,21.85,32.25,2.331428571428571,10,10,True
WPR,JPN,Japan,JP,NH,NH,SENTINEL,2022-07-04,2022,27,202227,16.0,0.0,16.0,,,16.0,INF_ALL,,25.49285714285714,22.240000000000002,30.15,-0.9785714285714313,10,10,True
WPR,JPN,Japan,JP,NH,NH,SENTINEL,2022-07-11,2022,28,202228,1.0,0.0,1.0,,,1.0,INF_ALL,,25.071428571428573,21.97,29.439999999999998,-0.42142857142856727,10,10,True
WPR,JPN,Japan,JP,NH,NH,SENTINEL,2022-07-18,2022,29,202229,3.0,0.0,3.0,,,3.0,INF_ALL,,25.452857142857145,21.55,29.72,0.38142857142857167,10,10,True
WPR,JPN,Japan,JP,NH,NH,SENTINEL,2022-07-25,2022,30,202230,5.0,0.0,5.0,,,5.0,INF_ALL,,26.93285714285714,23.130000000000003,31.65,1.4799999999999969,10,10,True
WPR,JPN,Japan,JP,NH,NH,SENTINEL,2022-08-01,2022,31,202231,2.0,0.0,2.0,,,2.0,INF_ALL,,26.689999999999998,22.65,31.78,-0.24285714285714377,10,10,True
WPR,JPN,Japan,JP,NH,NH,SENTINEL,2022-08-08,2022,32,202232,2.0,0.0,2.0,,,2.0,INF_ALL,,27.53,24.29,31.389999999999997,0.8400000000000034,10,10,True
WPR,JPN,Japan,JP,NH,NH,SENTINEL,2022-08-15,2022,33,202233,12.0,0.0,12.0,,,12.0,INF_ALL,,26.29714285714286,22.22,30.57,-1.2328571428571422,10,10,True
WPR,JPN,Japan,JP,NH,NH,SENTINEL,2022-08-22,2022,34,202234,4.0,0.0,4.0,,,4.0,INF_ALL,,25.815714285714286,20.72,30.68,-0.4814285714285731,10,10,True
WPR,JPN,Japan,JP,NH,NH,SENTINEL,2022-08-29,2022,35,202235,4.0,0.0,4.0,,,4.0,INF_ALL,,24.884285714285717,19.79,30.28,-0.9314285714285688,10,10,True
WPR,JPN,Japan,JP,NH,NH,SENTINEL,2022-09-05,2022,36,202236,4.0,0.0,4.0,,,4.0,INF_ALL,,24.825714285714287,20.380000000000003,29.880000000000003,-0.05857142857142961,10,10,True
WPR,JPN,Japan,JP,NH,NH,SENTINEL,2022-09-12,2022,37,202237,3.0,1.0,4.0,,,4.0,INF_ALL,,25.174285714285713,20.78,30.130000000000003,0.3485714285714252,10,10,True
WPR,JPN,Japan,JP,NH,NH,SENTINEL,2022-09-19,2022,38,202238,,0.0,,,,,Missing,,21.75857142857143,15.89,28.0,-3.4157142857142837,10,10,True
WPR,JPN,Japan,JP,NH,NH,SENTINEL,2022-09-26,2022,39,202239,1.0,0.0,1.0,,,1.0,INF_ALL,,21.885714285714286,17.15,26.98,0.12714285714285722,10,10,True
WPR,JPN,Japan,JP,NH,NH,SENTINEL,2022-10-03,2022,40,202240,,0.0,,,,,Missing,,18.788571428571426,13.719999999999999,26.29,-3.0971428571428596,10,10,True
WPR,JPN,Japan,JP,NH,NH,SENTINEL,2022-10-10,2022,41,202241,,0.0,,,,,Missing,,18.474285714285713,13.63,24.36,-0.31428571428571317,10,10,True
WPR,JPN,Japan,JP,NH,NH,SENTINEL,2022-10-17,2022,42,202242,,0.0,,,,,Missing,,16.892857142857142,10.74,23.03,-1.581428571428571,10,10,True
WPR,JPN,Japan,JP,NH,NH,SENTINEL,2022-10-24,2022,43,202243,4.0,0.0,4.0,,,4.0,INF_ALL,,14.042857142857144,8.610000000000001,19.46,-2.849999999999998,10,10,True
WPR,JPN,Japan,JP,NH,NH,SENTINEL,2022-10-31,2022,44,202244,1.0,0.0,1.0,,,1.0,INF_ALL,,14.144285714285715,8.73,20.64,0.10142857142857054,10,10,True
WPR,JPN,Japan,JP,NH,NH,SENTINEL,2022-11-07,2022,45,202245,7.0,0.0,7.0,,,7.0,INF_ALL,,14.518571428571429,8.65,21.39,0.37428571428571367,10,10,True
WPR,JPN,Japan,JP,NH,NH,SENTINEL,2022-11-14,2022,46,202246,11.0,0.0,11.0,,,11.0,INF_ALL,,12.465714285714286,7.4799999999999995,17.45,-2.0528571428571425,10,10,True
WPR,JPN,Japan,JP,NH,NH,SENTINEL,2022-11-21,2022,47,202247,9.0,0.0,9.0,,,9.0,INF_ALL,,13.154285714285715,8.3,18.79,0.6885714285714286,10,10,True
WPR,JPN,Japan,JP,NH,NH,SENTINEL,2022-11-28,2022,48,202248,4.0,0.0,4.0,,,4.0,INF_ALL,,10.341428571428573,3.5300000000000002,20.18,-2.8128571428571423,10,10,True
WPR,JPN,Japan,JP,NH,NH,SENTINEL,2022-12-05,2022,49,202249,16.0,0.0,16.0,,,16.0,INF_ALL,,8.185714285714287,4.12,13.61,-2.1557142857142857,10,10,True
WPR,JPN,Japan,JP,NH,NH,SENTINEL,2022-12-12,2022,50,202250,41.0,1.0,42.0,,,42.0,INF_ALL,,5.752857142857144,0.19999999999999998,12.91,-2.4328571428571433,10,10,True
WPR,JPN,Japan,JP,NH,NH,SENTINEL,2022-12-19,2022,51,202251,73.0,1.0,74.0,,,74.0,INF_ALL,,4.177142857142857,-1.23,10.66,-1.5757142857142865,10,10,True
WPR,JPN,Japan,JP,NH,NH,SENTINEL,2022-12-26,2022,52,202252,45.0,0.0,45.0,,,45.0,INF_ALL,,5.46,1.3900000000000001,10.58,1.282857142857143,10,10,True
WPR,JPN,Japan,JP,NH,NH,SENTINEL,2023-01-02,2023,1,202301,153.0,1.0,154.0,,,154.0,INF_ALL,,4.444285714285715,0.6199999999999999,9.629999999999999,-1.0157142857142851,10,10,True
WPR,JPN,Japan,JP,NH,NH,SENTINEL,2023-01-09,2023,2,202302,240.0,1.0,241.0,,,241.0,INF_ALL,,7.737142857142857,1.1,14.4,3.292857142857142,10,10,True
WPR,JPN,Japan,JP,NH,NH,SENTINEL,2023-01-16,2023,3,202303,238.0,5.0,243.0,,,243.0,INF_ALL,,4.704285714285715,-0.2,10.4,-3.032857142857142,10,10,True
WPR,JPN,Japan,JP,NH,NH,SENTINEL,2023-01-23,2023,4,202304,220.0,1.0,221.0,,,221.0,INF_ALL,,1.3114285714285714,-3.97,8.42,-3.3928571428571432,10,10,True
WPR,JPN,Japan,JP,NH,NH,SENTINEL,2023-01-30,2023,5,202305,250.0,1.0,251.0,,,251.0,INF_ALL,,3.597142857142857,-2.43,10.73,2.2857142857142856,10,10,True
WPR,JPN,Japan,JP,NH,NH,SENTINEL,2023-02-06,2023,6,202306,186.0,1.0,187.0,,,187.0,INF_ALL,,6.1085714285714285,0.2,12.89,2.5114285714285716,10,10,True
WPR,JPN,Japan,JP,NH,NH,SENTINEL,2023-02-13,2023,7,202307,206.0,4.0,210.0,,,210.0,INF_ALL,,5.554285714285714,-1.06,13.419999999999998,-0.5542857142857143,10,10,True
WPR,JPN,Japan,JP,NH,NH,SENTINEL,2023-02-20,2023,8,202308,182.0,8.0,190.0,,,190.0,INF_ALL,,4.895714285714286,-0.64,11.15,-0.6585714285714284,10,10,True
WPR,JPN,Japan,JP,NH,NH,SENTINEL,2023-02-27,2023,9,202309,195.0,6.0,201.0,,,201.0,INF_ALL,,7.057142857142857,0.5200000000000001,14.85,2.161428571428571,10,10,True
WPR,JPN,Japan,JP,NH,NH,SENTINEL,2023-03-06,2023,10,202310,198.0,9.0,207.0,,,207.0,INF_ALL,,10.722857142857142,2.62,18.73,3.6657142857142855,10,10,True
WPR,JPN,Japan,JP,NH,NH,SENTINEL,2023-03-13,2023,11,202311,143.0,12.0,155.0,,,155.0,INF_ALL,,9.521428571428572,2.69,17.36,-1.2014285714285702,10,10,True
WPR,JPN,Japan,JP,NH,NH,SENTINEL,2023-03-20,2023,12,202312,140.0,7.0,147.0,,,147.0,INF_ALL,,12.552857142857142,4.290000000000001,20.69,3.0314285714285703,10,10,True
WPR,JPN,Japan,JP,NH,NH,SENTINEL,2023-03-27,2023,13,202313,123.0,5.0,128.0,,,128.0,INF_ALL,,11.562857142857144,5.34,19.619999999999997,-0.9899999999999984,10,10,True
WPR,JPN,Japan,JP,NH,NH,SENTINEL,2023-04-03,2023,14,202314,107.0,5.0,112.0,,,112.0,INF_ALL,,13.1,5.85,20.21,1.5371428571428556,10,10,True
WPR,JPN,Japan,JP,NH,NH,SENTINEL,2023-04-10,2023,15,202315,86.0,2.0,88.0,,,88.0,INF_ALL,,13.891428571428571,5.67,20.619999999999997,0.7914285714285718,10,10,True
WPR,JPN,Japan,JP,NH,NH,SENTINEL,2023-04-17,2023,16,202316,71.0,3.0,74.0,,,74.0,INF_ALL,,14.327142857142857,7.5,22.380000000000003,0.43571428571428505,10,10,True
WPR,JPN,Japan,JP,NH,NH,SENTINEL,2023-04-24,2023,17,202317,70.0,1.0,71.0,,,71.0,INF_ALL,,14.402857142857144,7.220000000000001,21.5,0.0757142857142874,10,10,True
WPR,JPN,Japan,JP,NH,NH,SENTINEL,2023-05-01,2023,18,202318,35.0,9.0,44.0,,,44.0,INF_ALL,,16.58857142857143,8.959999999999999,23.57,2.185714285714287,10,10,True
WPR,JPN,Japan,JP,NH,NH,SENTINEL,2023-05-08,2023,19,202319,63.0,0.0,63.0,,,63.0,INF_ALL,,15.477142857142857,8.940000000000001,22.55,-1.1114285714285739,10,10,True
WPR,JPN,Japan,JP,NH,NH,SENTINEL,2023-05-15,2023,20,202320,64.0,4.0,68.0,,,68.0,INF_ALL,,18.95,12.6,27.160000000000004,3.4728571428571424,10,10,True
WPR,JPN,Japan,JP,NH,NH,SENTINEL,2023-05-22,2023,21,202321,44.0,0.0,44.0,,,44.0,INF_ALL,,18.53,11.940000000000001,25.1,-0.41999999999999815,10,10,True
WPR,JPN,Japan,JP,NH,NH,SENTINEL,2023-05-29,2023,22,202322,37.0,0.0,37.0,,,37.0,INF_ALL,,19.655714285714286,13.39,24.880000000000003,1.1257142857142846,10,10,True
WPR,JPN,Japan,JP,NH,NH,SENTINEL,2023-06-05,2023,23,202323,57.0,0.0,57.0,,,57.0,INF_ALL,,20.55142857142857,14.9,25.78,0.8957142857142841,10,10,True
WPR,JPN,Japan,JP,NH,NH,SENTINEL,2023-06-12,2023,24,202324,36.0,1.0,37.0,,,37.0,INF_ALL,,22.02,17.6,27.32,1.4685714285714297,10,10,True
WPR,JPN,Japan,JP,NH,NH,SENTINEL,2023-06-19,2023,25,202325,30.0,0.0,30.0,,,30.0,INF_ALL,,22.114285714285714,17.009999999999998,27.669999999999998,0.0942857142857143,10,10,True
WPR,JPN,Japan,JP,NH,NH,SENTINEL,2023-06-26,2023,26,202326,43.0,0.0,43.0,,,43.0,INF_ALL,,24.330000000000002,20.25,28.74,2.215714285714288,10,10,True
WPR,JPN,Japan,JP,NH,NH,SENTINEL,2023-07-03,2023,27,202327,45.0,0.0,45.0,,,45.0,INF_ALL,,25.14428571428571,20.580000000000002,30.45,0.8142857142857096,10,10,True
WPR,JPN,Japan,JP,NH,NH,SENTINEL,2023-07-10,2023,28,202328,40.0,0.0,40.0,,,40.0,INF_ALL,,26.205714285714286,22.82,30.65,1.061428571428575,10,10,True
WPR,JPN,Japan,JP,NH,NH,SENTINEL,2023-07-17,2023,29,202329,37.0,1.0,38.0,,,38.0,INF_ALL,,26.227142857142855,21.84,31.43,0.021428571428568688,10,10,True
WPR,JPN,Japan,JP,NH,NH,SENTINEL,2023-07-24,2023,30,202330,46.0,0.0,46.0,,,46.0,INF_ALL,,28.027142857142856,23.21,32.93,1.8000000000000007,10,10,True
WPR,JPN,Japan,JP,NH,NH,SENTINEL,2023-07-31,2023,31,202331,36.0,0.0,36.0,,,36.0,INF_ALL,,28.174285714285713,24.6,32.7,0.1471428571428568,10,10,True
WPR,JPN,Japan,JP,NH,NH,SENTINEL,2023-08-07,2023,32,202332,32.0,0.0,32.0,,,32.0,INF_ALL,,27.751428571428573,24.3,32.6,-0.42285714285713993,10,10,True
WPR,JPN,Japan,JP,NH,NH,SENTINEL,2023-08-14,2023,33,202333,40.0,0.0,40.0,,,40.0,INF_ALL,,27.621428571428574,24.509999999999998,32.47,-0.129999999999999,10,10,True
WPR,JPN,Japan,JP,NH,NH,SENTINEL,2023-08-21,2023,34,202334,49.0,0.0,49.0,,,49.0,INF_ALL,,27.79714285714286,24.14,32.260000000000005,0.17571428571428527,10,10,True
WPR,JPN,Japan,JP,NH,NH,SENTINEL,2023-08-28,2023,35,202335,102.0,1.0,103.0,,,103.0,INF_ALL,,27.310000000000002,23.72,32.08,-0.48714285714285666,10,10,True
WPR,JPN,Japan,JP,NH,NH,SENTINEL,2023-09-04,2023,36,202336,134.0,1.0,135.0,,,135.0,INF_ALL,,25.804285714285715,21.47,30.57,-1.5057142857142871,10,10,True
WPR,JPN,Japan,JP,NH,NH,SENTINEL,2023-09-11,2023,37,202337,191.0,1.0,192.0,,,192.0,INF_ALL,,26.03,22.53,30.22,0.22571428571428598,10,10,True
WPR,JPN,Japan,JP,NH,NH,SENTINEL,2023-09-18,2023,38,202338,140.0,1.0,141.0,,,141.0,INF_ALL,,24.575714285714287,19.369999999999997,29.669999999999998,-1.4542857142857137,10,10,True
WPR,JPN,Japan,JP,NH,NH,SENTINEL,2023-09-25,2023,39,202339,249.0,4.0,253.0,,,253.0,INF_ALL,,23.52,18.66,28.23,-1.0557142857142878,10,10,True
WPR,JPN,Japan,JP,NH,NH,SENTINEL,2023-10-02,2023,40,202340,260.0,0.0,260.0,,,260.0,INF_ALL,,19.36714285714286,14.61,24.92,-4.15285714285714,10,10,True
WPR,JPN,Japan,JP,NH,NH,SENTINEL,2023-10-09,2023,41,202341,209.0,6.0,215.0,,,215.0,INF_ALL,,18.231428571428573,12.98,23.23,-1.1357142857142861,10,10,True
WPR,JPN,Japan,JP,NH,NH,SENTINEL,2023-10-16,2023,42,202342,307.0,1.0,308.0,,,308.0,INF_ALL,,16.958571428571428,11.22,23.3,-1.272857142857145,10,10,True
WPR,JPN,Japan,JP,NH,NH,SENTINEL,2023-10-23,2023,43,202343,306.0,0.0,306.0,,,306.0,INF_ALL,,16.352857142857143,11.42,21.619999999999997,-0.605714285714285,10,10,True
WPR,JPN,Japan,JP,NH,NH,SENTINEL,2023-10-30,2023,44,202344,287.0,6.0,293.0,,,293.0,INF_ALL,,17.045714285714286,10.95,24.21,0.6928571428571431,10,10,True
WPR,JPN,Japan,JP,NH,NH,SENTINEL,2023-11-06,2023,45,202345,301.0,2.0,303.0,,,303.0,INF_ALL,,15.44142857142857,8.540000000000001,23.669999999999998,-1.6042857142857159,10,10,True
WPR,JPN,Japan,JP,NH,NH,SENTINEL,2023-11-13,2023,46,202346,360.0,6.0,366.0,,,366.0,INF_ALL,,10.991428571428571,5.970000000000001,16.64,-4.449999999999999,10,10,True
WPR,JPN,Japan,JP,NH,NH,SENTINEL,2023-11-20,2023,47,202347,329.0,6.0,335.0,,,335.0,INF_ALL,,10.995714285714286,5.0600000000000005,19.380000000000003,0.004285714285714448,10,10,True
WPR,JPN,Japan,JP,NH,NH,SENTINEL,2023-11-27,2023,48,202348,369.0,8.0,377.0,,,377.0,INF_ALL,,8.561428571428571,3.8200000000000003,15.99,-2.434285714285714,10,10,True
WPR,JPN,Japan,JP,NH,NH,SENTINEL,2023-12-04,2023,49,202349,342.0,10.0,352.0,,,352.0,INF_ALL,,10.092857142857143,4.04,18.11,1.531428571428572,10,10,True
WPR,JPN,Japan,JP,NH,NH,SENTINEL,2023-12-11,2023,50,202350,340.0,22.0,362.0,,,362.0,INF_ALL,,10.038571428571428,2.55,17.47,-0.05428571428571516,10,10,True
WPR,JPN,Japan,JP,NH,NH,SENTINEL,2023-12-18,2023,51,202351,255.0,20.0,275.0,,,275.0,INF_ALL,,3.915714285714286,-0.41000000000000003,9.13,-6.122857142857143,10,10,True
WPR,JPN,Japan,JP,NH,NH,SENTINEL,2023-12-25,2023,52,202352,183.0,17.0,200.0,,,200.0,INF_ALL,,6.974285714285715,1.67,12.88,3.058571428571429,10,10,True
WPR,JPN,Japan,JP,NH,NH,SENTINEL,2024-01-01,2024,1,202401,106.0,21.0,127.0,,,127.0,INF_ALL,,6.758571428571429,1.2800000000000002,12.59,-0.2157142857142862,10,10,True
WPR,JPN,Japan,JP,NH,NH,SENTINEL,2024-01-08,2024,2,202402,187.0,65.0,252.0,,,252.0,INF_ALL,,4.795714285714285,-0.37,10.75,-1.9628571428571435,10,10,True
WPR,JPN,Japan,JP,NH,NH,SENTINEL,2024-01-15,2024,3,202403,211.0,96.0,307.0,,,307.0,INF_ALL,,6.531428571428572,0.41,12.790000000000001,1.7357142857142867,10,10,True
WPR,JPN,Japan,JP,NH,NH,SENTINEL,2024-01-22,2024,4,202404,161.0,132.0,293.0,,,293.0,INF_ALL,,4.072857142857143,-0.7700000000000001,10.65,-2.458571428571429,10,10,True
WPR,JPN,Japan,JP,NH,NH,SENTINEL,2024-01-29,2024,5,202405,122.0,124.0,246.0,,,246.0,INF_ALL,,5.747142857142857,0.44000000000000006,11.75,1.6742857142857144,10,10,True
WPR,JPN,Japan,JP,NH,NH,SENTINEL,2024-02-05,2024,6,202406,74.0,171.0,245.0,,,245.0,INF_ALL,,4.718571428571429,0.08999999999999986,10.34,-1.0285714285714285,10,10,True
WPR,JPN,Japan,JP,NH,NH,SENTINEL,2024-02-12,2024,7,202407,45.0,171.0,216.0,,,216.0,INF_ALL,,8.235714285714286,0.5199999999999998,16.58,3.517142857142857,10,10,True
WPR,JPN,Japan,JP,NH,NH,SENTINEL,2024-02-19,2024,8,202408,28.0,185.0,213.0,,,213.0,INF_ALL,,7.8757142857142854,1.5000000000000004,17.369999999999997,-0.3600000000000003,10,10,True
WPR,JPN,Japan,JP,NH,NH,SENTINEL,2024-02-26,2024,9,202409,27.0,179.0,206.0,,,206.0,INF_ALL,,5.388571428571429,0.10999999999999999,11.09,-2.4871428571428567,10,10,True
WPR,JPN,Japan,JP,NH,NH,SENTINEL,2024-03-04,2024,10,202410,30.0,178.0,208.0,,,208.0,INF_ALL,,5.655714285714286,0.6699999999999999,11.440000000000001,0.2671428571428569,10,10,True
WPR,JPN,Japan,JP,NH,NH,SENTINEL,2024-03-11,2024,11,202411,28.0,191.0,219.0,,,219.0,INF_ALL,,8.487142857142857,1.48,16.39,2.831428571428571,10,10,True
WPR,JPN,Japan,JP,NH,NH,SENTINEL,2024-03-18,2024,12,202412,22.0,162.0,184.0,,,184.0,INF_ALL,,7.191428571428571,0.9200000000000002,14.469999999999999,-1.2957142857142854,10,10,True
WPR,JPN,Japan,JP,NH,NH,SENTINEL,2024-03-25,2024,13,202413,43.0,143.0,186.0,,,186.0,INF_ALL,,11.457142857142857,4.1899999999999995,18.97,4.265714285714286,10,10,True
WPR,JPN,Japan,JP,NH,NH,SENTINEL,2024-04-01,2024,14,202414,19.0,101.0,120.0,,,120.0,INF_ALL,,12.972857142857142,6.779999999999999,20.25,1.5157142857142851,10,10,True
WPR,JPN,Japan,JP,NH,NH,SENTINEL,2024-04-08,2024,15,202415,21.0,65.0,86.0,,,86.0,INF_ALL,,13.91,5.35,21.56,0.9371428571428577,10,10,True
WPR,JPN,Japan,JP,NH,NH,SENTINEL,2024-04-15,2024,16,202416,14.0,52.0,66.0,,,66.0,INF_ALL,,15.90285714285714,9.530000000000001,22.98,1.9928571428571402,10,10,True
WPR,JPN,Japan,JP,NH,NH,SENTINEL,2024-04-22,2024,17,202417,14.0,32.0,46.0,,,46.0,INF_ALL,,16.981428571428573,11.32,24.11,1.0785714285714327,10,10,True
WPR,JPN,Japan,JP,NH,NH,SENTINEL,2024-04-29,2024,18,202418,6.0,14.0,20.0,,,20.0,INF_ALL,,16.95,9.68,24.130000000000003,-0.031428571428573804,10,10,True
WPR,JPN,Japan,JP,NH,NH,SENTINEL,2024-05-06,2024,19,202419,8.0,8.0,16.0,,,16.0,INF_ALL,,16.75714285714286,8.99,23.1,-0.1928571428571395,10,10,True
WPR,JPN,Japan,JP,NH,NH,SENTINEL,2024-05-13,2024,20,202420,11.0,3.0,14.0,,,14.0,INF_ALL,,17.60857142857143,11.01,24.95,0.8514285714285705,10,10,True
WPR,JPN,Japan,JP,NH,NH,SENTINEL,2024-05-20,2024,21,202421,7.0,3.0,10.0,,,10.0,INF_ALL,,19.005714285714284,12.41,26.07,1.3971428571428532,10,10,True
WPR,JPN,Japan,JP,NH,NH,SENTINEL,2024-05-27,2024,22,202422,6.0,1.0,7.0,,,7.0,INF_ALL,,18.72142857142857,12.98,24.5,-0.28428571428571203,10,10,True
WPR,JPN,Japan,JP,NH,NH,SENTINEL,2024-06-03,2024,23,202423,5.0,1.0,6.0,,,6.0,INF_ALL,,19.327142857142857,13.51,25.07,0.605714285714285,10,10,True
WPR,JPN,Japan,JP,NH,NH,SENTINEL,2024-06-10,2024,24,202424,6.0,1.0,7.0,,,7.0,INF_ALL,,22.815714285714286,17.79,28.389999999999997,3.4885714285714293,10,10,True
WPR,JPN,Japan,JP,NH,NH,SENTINEL,2024-06-17,2024,25,202425,9.0,1.0,10.0,,,10.0,INF_ALL,,22.942857142857143,17.56,28.619999999999997,0.12714285714285722,10,10,True
WPR,JPN,Japan,JP,NH,NH,SENTINEL,2024-06-24,2024,26,202426,9.0,0.0,9.0,,,9.0,INF_ALL,,23.56142857142857,18.95,28.639999999999997,0.6185714285714283,10,10,True
WPR,JPN,Japan,JP,NH,NH,SENTINEL,2024-07-01,2024,27,202427,17.0,0.0,17.0,,,17.0,INF_ALL,,26.18,21.68,31.26,2.6185714285714283,10,10,True
WPR,JPN,Japan,JP,NH,NH,SENTINEL,2024-07-08,2024,28,202428,16.0,1.0,17.0,,,17.0,INF_ALL,,25.565714285714286,21.3,30.560000000000002,-0.6142857142857139,10,10,True
WPR,JPN,Japan,JP,NH,NH,SENTINEL,2024-07-15,2024,29,202429,14.0,1.0,15.0,,,15.0,INF_ALL,,26.630000000000003,22.65,31.869999999999997,1.0642857142857167,10,10,True
WPR,JPN,Japan,JP,NH,NH,SENTINEL,2024-07-22,2024,30,202430,22.0,1.0,23.0,,,23.0,INF_ALL,,27.85,24.28,32.69,1.2199999999999989,10,10,True
WPR,JPN,Japan,JP,NH,NH,SENTINEL,2024-07-29,2024,31,202431,14.0,0.0,14.0,,,14.0,INF_ALL,,28.14142857142857,24.23,32.519999999999996,0.29142857142856826,10,10,True
WPR,JPN,Japan,JP,NH,NH,SENTINEL,2024-08-05,2024,32,202432,13.0,0.0,13.0,,,13.0,INF_ALL,,28.224285714285713,23.89,32.660000000000004,0.08285714285714363,10,10,True
WPR,JPN,Japan,JP,NH,NH,SENTINEL,2024-08-12,2024,33,202433,21.0,0.0,21.0,,,21.0,INF_ALL,,28.504285714285714,24.419999999999998,33.459999999999994,0.28000000000000114,10,10,True
WPR,JPN,Japan,JP,NH,NH,SENTINEL,2024-08-19,2024,34,202434,21.0,0.0,21.0,,,21.0,INF_ALL,,27.86714285714286,24.759999999999998,32.35,-0.6371428571428552,10,10,True
WPR,JPN,Japan,JP,NH,NH,SENTINEL,2024-08-26,2024,35,202435,19.0,0.0,19.0,,,19.0,INF_ALL,,26.824285714285715,23.580000000000002,31.310000000000002,-1.0428571428571445,10,10,True
WPR,JPN,Japan,JP,NH,NH,SENTINEL,2024-09-02,2024,36,202436,42.0,1.0,43.0,,,43.0,INF_ALL,,26.15285714285714,21.71,30.73,-0.6714285714285744,10,10,True
WPR,JPN,Japan,JP,NH,NH,SENTINEL,2024-09-09,2024,37,202437,46.0,2.0,48.0,,,48.0,INF_ALL,,26.865714285714283,23.27,31.139999999999997,0.7128571428571426,10,10,True
WPR,JPN,Japan,JP,NH,NH,SENTINEL,2024-09-16,2024,38,202438,29.0,1.0,30.0,,,30.0,INF_ALL,,26.05,21.32,30.939999999999998,-0.8157142857142823,10,10,True
WPR,JPN,Japan,JP,NH,NH,SENTINEL,2024-09-23,2024,39,202439,29.0,2.0,31.0,,,31.0,INF_ALL,,23.1,18.740000000000002,28.04,-2.9499999999999993,10,10,True
WPR,JPN,Japan,JP,NH,NH,SENTINEL,2024-09-30,2024,40,202440,59.0,3.0,62.0,,,62.0,INF_ALL,,22.242857142857144,18.19,27.97,-0.8571428571428577,10,10,True
WPR,JPN,Japan,JP,NH,NH,SENTINEL,2024-10-07,2024,41,202441,61.0,0.0,61.0,,,61.0,INF_ALL,,19.55142857142857,14.690000000000001,24.71,-2.691428571428574,10,10,True
WPR,JPN,Japan,JP,NH,NH,SENTINEL,2024-10-14,2024,42,202442,47.0,4.0,51.0,,,51.0,INF_ALL,,20.369999999999997,13.459999999999999,26.419999999999998,0.8185714285714276,10,10,True
WPR,JPN,Japan,JP,NH,NH,SENTINEL,2024-10-21,2024,43,202443,48.0,1.0,49.0,,,49.0,INF_ALL,,19.152857142857144,12.51,24.75,-1.2171428571428535,10,10,True
WPR,JPN,Japan,JP,NH,NH,SENTINEL,2024-10-28,2024,44,202444,58.0,1.0,59.0,,,59.0,INF_ALL,,17.298571428571428,12.58,22.61,-1.8542857142857159,10,10,True
WPR,JPN,Japan,JP,NH,NH,SENTINEL,2024-11-04,2024,45,202445,60.0,0.0,60.0,,,60.0,INF_ALL,,13.934285714285716,8.2,21.29,-3.364285714285712,10,10,True
WPR,JPN,Japan,JP,NH,NH,SENTINEL,2024-11-11,2024,46,202446,111.0,3.0,114.0,,,114.0,INF_ALL,,15.66,10.39,21.380000000000003,1.7257142857142842,10,10,True
WPR,JPN,Japan,JP,NH,NH,SENTINEL,2024-11-18,2024,47,202447,135.0,3.0,138.0,,,138.0,INF_ALL,,10.468571428571428,6.17,15.959999999999999,-5.191428571428572,10,10,True
WPR,JPN,Japan,JP,NH,NH,SENTINEL,2024-11-25,2024,48,202448,243.0,4.0,247.0,,,247.0,INF_ALL,,10.072857142857142,5.15,17.07,-0.3957142857142859,10,10,True
WPR,JPN,Japan,JP,NH,NH,SENTINEL,2024-12-02,2024,49,202449,324.0,4.0,328.0,,,328.0,INF_ALL,,8.72,3.69,15.809999999999999,-1.3528571428571414,10,10,True
WPR,JPN,Japan,JP,NH,NH,SENTINEL,2024-12-09,2024,50,202450,467.0,5.0,472.0,,,472.0,INF_ALL,,6.292857142857143,2.11,11.190000000000001,-2.427142857142858,10,10,True
WPR,JPN,Japan,JP,NH,NH,SENTINEL,2024-12-16,2024,51,202451,450.0,10.0,460.0,,,460.0,INF_ALL,,5.172857142857143,0.1999999999999999,10.25,-1.12,10,10,True
WPR,JPN,Japan,JP,NH,NH,SENTINEL,2024-12-23,2024,52,202452,320.0,6.0,326.0,,,326.0,INF_ALL,,5.034285714285714,0.7,11.36,-0.1385714285714288,10,10,True
WPR,JPN,Japan,JP,NH,NH,SENTINEL,2024-12-30,2025,1,202501,63.0,0.0,63.0,,,63.0,INF_ALL,,5.050000000000001,0.2200000000000001,10.67,0.015714285714286902,10,10,True
WPR,JPN,Japan,JP,NH,NH,SENTINEL,2025-01-06,2025,2,202502,390.0,11.0,401.0,,,401.0,INF_ALL,,3.7885714285714287,-1.4899999999999998,9.82,-1.261428571428572,10,10,True
WPR,JPN,Japan,JP,NH,NH,SENTINEL,2025-01-13,2025,3,202503,308.0,8.0,316.0,,,316.0,INF_ALL,,4.228571428571429,-0.8000000000000002,10.92,0.43999999999999995,10,10,True
WPR,JPN,Japan,JP,NH,NH,SENTINEL,2025-01-20,2025,4,202504,269.0,10.0,279.0,,,279.0,INF_ALL,,6.248571428571429,1.52,11.92,2.0200000000000005,10,10,True
WPR,JPN,Japan,JP,NH,NH,SENTINEL,2025-01-27,2025,5,202505,176.0,20.0,196.0,,,196.0,INF_ALL,,4.6657142857142855,0.30000000000000016,10.29,-1.5828571428571436,10,10,True
WPR,JPN,Japan,JP,NH,NH,SENTINEL,2025-02-03,2025,6,202506,119.0,10.0,129.0,,,129.0,INF_ALL,,2.282857142857143,-2.38,9.64,-2.3828571428571426,10,10,True
WPR,JPN,Japan,JP,NH,NH,SENTINEL,2025-02-10,2025,7,202507,85.0,16.0,101.0,,,101.0,INF_ALL,,4.905714285714286,-0.97,12.190000000000001,2.6228571428571428,10,10,True
WPR,JPN,Japan,JP,NH,NH,SENTINEL,2025-02-17,2025,8,202508,78.0,24.0,102.0,,,102.0,INF_ALL,,2.934285714285714,-1.09,8.85,-1.9714285714285715,10,10,True
WPR,JPN,Japan,JP,NH,NH,SENTINEL,2025-02-24,2025,9,202509,57.0,27.0,84.0,,,84.0,INF_ALL,,7.038571428571428,-1.5400000000000003,16.03,4.104285714285714,10,10,True
WPR,JPN,Japan,JP,NH,NH,SENTINEL,2025-03-03,2025,10,202510,61.0,28.0,89.0,,,89.0,INF_ALL,,6.041428571428571,1.02,12.09,-0.9971428571428573,10,10,True
WPR,JPN,Japan,JP,NH,NH,SENTINEL,2025-03-10,2025,11,202511,74.0,35.0,109.0,,,109.0,INF_ALL,,8.739999999999998,1.3,15.98,2.6985714285714275,10,10,True
WPR,JPN,Japan,JP,NH,NH,SENTINEL,2025-03-17,2025,12,202512,38.0,34.0,72.0,,,72.0,INF_ALL,,7.894285714285715,1.28,18.21,-0.8457142857142834,10,10,True
WPR,JPN,Japan,JP,NH,NH,SENTINEL,2025-03-24,2025,13,202513,41.0,49.0,90.0,,,90.0,INF_ALL,,11.815714285714286,3.37,20.830000000000002,3.921428571428571,10,10,True
WPR,JPN,Japan,JP,NH,NH,SENTINEL,2025-03-31,2025,14,202514,11.0,24.0,35.0,,,35.0,INF_ALL,,9.204285714285714,2.21,16.97,-2.611428571428572,10,10,True
WPR,JPN,Japan,JP,NH,NH,SENTINEL,2025-04-07,2025,15,202515,45.0,35.0,80.0,1148.0,,80.0,INF_ALL,6.968641114982578,12.99,5.85,20.11,3.7857142857142865,10,10,True
WPR,JPN,Japan,JP,NH,NH,SENTINEL,2025-04-14,2025,16,202516,43.0,33.0,76.0,1144.0,,76.0,INF_ALL,6.643356643356643,14.34142857142857,6.6,23.3,1.3514285714285705,10,10,True
WPR,JPN,Japan,JP,NH,NH,SENTINEL,2025-04-21,2025,17,202517,29.0,35.0,64.0,1167.0,,64.0,INF_ALL,5.484147386461012,15.251428571428571,7.95,22.21,0.9100000000000001,10,10,True
WPR,JPN,Japan,JP,NH,NH,SENTINEL,2025-04-28,2025,18,202518,15.0,29.0,44.0,966.0,,44.0,INF_ALL,4.554865424430641,14.917142857142858,8.24,21.869999999999997,-0.33428571428571274,10,10,True
WPR,JPN,Japan,JP,NH,NH,SENTINEL,2025-05-05,2025,19,202519,12.0,20.0,32.0,828.0,,32.0,INF_ALL,3.864734299516908,15.969999999999999,9.0,22.52,1.0528571428571407,10,10,True
WPR,JPN,Japan,JP,NH,NH,SENTINEL,2025-05-12,2025,20,202520,18.0,35.0,53.0,1150.0,,53.0,INF_ALL,4.608695652173913,18.815714285714286,11.459999999999999,25.509999999999998,2.845714285714287,10,10,True
WPR,JPN,Japan,JP,NH,NH,SENTINEL,2025-05-19,2025,21,202521,9.0,21.0,30.0,1167.0,,30.0,INF_ALL,2.570694087403599,19.018571428571427,13.35,25.860000000000003,0.20285714285714107,10,10,True
WPR,JPN,Japan,JP,NH,NH,SENTINEL,2025-05-26,2025,22,202522,11.0,17.0,28.0,1154.0,,28.0,INF_ALL,2.4263431542461005,18.00714285714286,12.16,24.009999999999998,-1.0114285714285671,10,10,True
WPR,JPN,Japan,JP,NH,NH,SENTINEL,2025-06-02,2025,23,202523,6.0,14.0,20.0,1172.0,,20.0,INF_ALL,1.706484641638225,20.091428571428573,13.91,25.939999999999998,2.0842857142857127,10,10,True
WPR,JPN,Japan,JP,NH,NH,SENTINEL,2025-06-09,2025,24,202524,6.0,13.0,19.0,1155.0,,19.0,INF_ALL,1.645021645021645,21.68857142857143,16.89,27.54,1.597142857142856,10,10,True
WPR,JPN,Japan,JP,NH,NH,SENTINEL,2025-06-16,2025,25,202525,10.0,11.0,21.0,1070.0,,21.0,INF_ALL,1.9626168224299063,25.295714285714286,20.02,30.73,3.6071428571428577,10,10,True
WPR,JPN,Japan,JP,NH,NH,SENTINEL,2025-06-23,2025,26,202526,5.0,4.0,9.0,1074.0,,9.0,INF_ALL,0.8379888268156425,25.04,20.57,30.080000000000002,-0.2557142857142871,10,10,True
WPR,JPN,Japan,JP,NH,NH,SENTINEL,2025-06-30,2025,27,202527,12.0,8.0,20.0,1127.0,,20.0,INF_ALL,1.774622892635315,27.195714285714285,22.85,31.54,2.1557142857142857,10,10,True
WPR,JPN,Japan,JP,NH,NH,SENTINEL,2025-07-07,2025,28,202528,8.0,4.0,12.0,1078.0,,12.0,INF_ALL,1.1131725417439702,26.704285714285714,22.119999999999997,32.1,-0.4914285714285711,10,10,True
WPR,JPN,Japan,JP,NH,NH,SENTINEL,2025-07-14,2025,29,202529,9.0,3.0,12.0,1055.0,,12.0,INF_ALL,1.1374407582938388,26.63571428571429,22.39,31.22,-0.06857142857142406,10,10,True
WPR,JPN,Japan,JP,NH,NH,SENTINEL,2025-07-21,2025,30,202530,11.0,4.0,15.0,996.0,,15.0,INF_ALL,1.5060240963855422,28.27857142857143,24.28,32.660000000000004,1.6428571428571388,10,10,True
WPR,JPN,Japan,JP,NH,NH,SENTINEL,2025-07-28,2025,31,202531,13.0,6.0,19.0,1088.0,,19.0,INF_ALL,1.7463235294117647,28.457142857142856,24.080000000000002,33.989999999999995,0.17857142857142705,10,10,True
WPR,JPN,Japan,JP,NH,NH,SENTINEL,2025-08-04,2025,32,202532,12.0,4.0,16.0,975.0,,16.0,INF_ALL,1.641025641025641,27.61714285714286,23.11,33.0,-0.8399999999999963,10,10,True
WPR,JPN,Japan,JP,NH,NH,SENTINEL,2025-08-11,2025,33,202533,8.0,2.0,10.0,569.0,,10.0,INF_ALL,1.7574692442882252,27.08857142857143,23.6,31.73,-0.5285714285714285,10,10,True
WPR,JPN,Japan,JP,NH,NH,SENTINEL,2025-08-18,2025,34,202534,18.0,1.0,19.0,1038.0,,19.0,INF_ALL,1.8304431599229287,27.945714285714285,24.060000000000002,32.589999999999996,0.8571428571428541,10,10,True
WPR,JPN,Japan,JP,NH,NH,SENTINEL,2025-08-25,2025,35,202535,19.0,1.0,20.0,1080.0,,20.0,INF_ALL,1.8518518518518516,27.77857142857143,23.9,32.760000000000005,-0.16714285714285637,10,10,True
WPR,JPN,Japan,JP,NH,NH,SENTINEL,2025-09-01,2025,36,202536,30.0,3.0,33.0,1113.0,,33.0,INF_ALL,2.964959568733154,27.042857142857144,22.919999999999998,32.54,-0.735714285714284,10,10,True
WPR,JPN,Japan,JP,NH,NH,SENTINEL,2025-09-08,2025,37,202537,39.0,4.0,43.0,1185.0,,43.0,INF_ALL,3.6286919831223625,26.018571428571427,22.669999999999998,30.410000000000004,-1.0242857142857176,10,10,True
WPR,JPN,Japan,JP,NH,NH,SENTINEL,2025-09-15,2025,38,202538,27.0,3.0,30.0,1047.0,,30.0,INF_ALL,2.865329512893983,24.924285714285713,20.23,30.22,-1.0942857142857143,10,10,True
WPR,JPN,Japan,JP,NH,NH,SENTINEL,2025-09-22,2025,39,202539,39.0,3.0,42.0,938.0,,42.0,INF_ALL,4.477611940298507,22.814285714285713,18.240000000000002,28.169999999999998,-2.1099999999999994,10,10,True
WPR,JPN,Japan,JP,NH,NH,SENTINEL,2025-09-29,2025,40,202540,66.0,2.0,68.0,1039.0,,68.0,INF_ALL,6.544754571703561,22.35857142857143,17.7,27.01,-0.45571428571428285,10,10,True
WPR,JPN,Japan,JP,NH,NH,SENTINEL,2025-10-06,2025,41,202541,93.0,10.0,103.0,1089.0,,103.0,INF_ALL,9.45821854912764,21.291428571428572,16.75,26.839999999999996,-1.0671428571428585,10,10,True
WPR,JPN,Japan,JP,NH,NH,SENTINEL,2025-10-13,2025,42,202542,117.0,6.0,123.0,1007.0,,123.0,INF_ALL,12.21449851042701,20.475714285714286,16.509999999999998,25.36,-0.8157142857142858,10,10,True
WPR,JPN,Japan,JP,NH,NH,SENTINEL,2025-10-20,2025,43,202543,167.0,7.0,174.0,1102.0,,174.0,INF_ALL,15.789473684210526,15.938571428571427,11.75,21.080000000000002,-4.537142857142859,10,10,True
WPR,JPN,Japan,JP,NH,NH,SENTINEL,2025-10-27,2025,44,202544,243.0,13.0,256.0,1186.0,,256.0,INF_ALL,21.585160202360875,14.454285714285714,8.67,19.66,-1.484285714285713,10,10,True
WPR,JPN,Japan,JP,NH,NH,SENTINEL,2025-11-03,2025,45,202545,351.0,6.0,357.0,1103.0,,357.0,INF_ALL,32.36627379873073,13.731428571428571,8.239999999999998,19.68,-0.7228571428571424,10,10,True
WPR,JPN,Japan,JP,NH,NH,SENTINEL,2025-11-10,2025,46,202546,467.0,9.0,476.0,1218.0,,476.0,INF_ALL,39.08045977011494,12.657142857142857,7.4799999999999995,18.19,-1.0742857142857147,10,10,True
WPR,JPN,Japan,JP,NH,NH,SENTINEL,2025-11-17,2025,47,202547,623.0,8.0,631.0,1273.0,,631.0,INF_ALL,49.56794972505892,10.475714285714286,5.34,18.46,-2.1814285714285706,10,10,True
WPR,JPN,Japan,JP,NH,NH,SENTINEL,2025-11-24,2025,48,202548,594.0,8.0,602.0,1112.0,,602.0,INF_ALL,54.13669064748201,11.047142857142857,5.16,16.82,0.5714285714285712,10,10,True
WPR,JPN,Japan,JP,NH,NH,SENTINEL,2025-12-01,2025,49,202549,587.0,17.0,604.0,1238.0,,604.0,INF_ALL,48.78836833602585,8.574285714285715,2.35,17.880000000000003,-2.4728571428571424,10,10,True
WPR,JPN,Japan,JP,NH,NH,SENTINEL,2025-12-08,2025,50,202550,532.0,21.0,553.0,1181.0,,553.0,INF_ALL,46.824724809483484,7.507142857142857,2.12,14.65,-1.0671428571428576,10,10,True
WPR,JPN,Japan,JP,NH,NH,SENTINEL,2025-12-15,2025,51,202551,509.0,37.0,546.0,1203.0,,546.0,INF_ALL,45.38653366583541,8.415714285714285,2.4899999999999998,16.19,0.9085714285714284,10,10,True
WPR,JPN,Japan,JP,NH,NH,SENTINEL,2025-12-22,2025,52,202552,350.0,40.0,390.0,926.0,,390.0,INF_ALL,42.11663066954643,6.409999999999999,0.55,12.77,-2.0057142857142862,10,10,True
WPR,JPN,Japan,JP,NH,NH,SENTINEL,2025-12-29,2026,1,202601,19.0,2.0,21.0,81.0,,21.0,INF_ALL,25.925925925925924,4.811428571428571,-0.7000000000000001,12.6,-1.5985714285714279,10,10,True
WPR,JPN,Japan,JP,NH,NH,SENTINEL,2026-01-05,2026,2,202602,230.0,85.0,315.0,1045.0,,315.0,INF_ALL,30.14354066985646,4.605714285714285,-0.5900000000000001,12.3,-0.2057142857142864,10,10,True
WPR,JPN,Japan,JP,NH,NH,SENTINEL,2026-01-12,2026,3,202603,159.0,126.0,285.0,988.0,,285.0,INF_ALL,28.846153846153843,5.7371428571428575,-0.2800000000000001,12.89,1.1314285714285726,10,10,True
WPR,JPN,Japan,JP,NH,NH,SENTINEL,2026-01-19,2026,4,202604,118.0,235.0,353.0,1083.0,,353.0,INF_ALL,32.59464450600185,2.6528571428571426,-1.9200000000000004,11.86,-3.084285714285715,10,10,True
WPR,JPN,Japan,JP,NH,NH,SENTINEL,2026-01-26,2026,5,202605,97.0,333.0,430.0,1087.0,,430.0,INF_ALL,39.55841766329347,2.96,-1.0699999999999998,7.890000000000001,0.3071428571428574,10,10,True
WPR,JPN,Japan,JP,NH,NH,SENTINEL,2026-02-02,2026,6,202606,51.0,469.0,520.0,1159.0,,520.0,INF_ALL,44.86626402070751,3.8857142857142852,-2.4900000000000007,11.97,0.9257142857142853,10,10,True
WPR,JPN,Japan,JP,NH,NH,SENTINEL,2026-02-09,2026,7,202607,31.0,484.0,515.0,1064.0,,515.0,INF_ALL,48.402255639097746,5.801428571428572,-1.7399999999999998,14.62,1.9157142857142864,10,10,True
WPR,JPN,Japan,JP,NH,NH,SENTINEL,2026-02-16,2026,8,202608,28.0,472.0,500.0,1068.0,,500.0,INF_ALL,46.81647940074906,6.587142857142856,0.5500000000000002,16.34,0.7857142857142847,10,10,True
WPR,JPN,Japan,JP,NH,NH,SENTINEL,2026-02-23,2026,9,202609,18.0,357.0,375.0,976.0,,375.0,INF_ALL,38.42213114754098,9.522857142857143,3.65,15.64,2.935714285714287,10,10,True
WPR,JPN,Japan,JP,NH,NH,SENTINEL,2026-03-02,2026,10,202610,3.0,281.0,284.0,947.0,,284.0,INF_ALL,29.989440337909183,7.69,2.34,13.89,-1.8328571428571427,10,10,True
WPR,JPN,Japan,JP,NH,NH,SENTINEL,2026-03-09,2026,11,202611,4.0,233.0,237.0,819.0,,237.0,INF_ALL,28.93772893772894,6.248571428571428,0.96,12.57,-1.4414285714285722,10,10,True
WPR,JPN,Japan,JP,NH,NH,SENTINEL,2026-03-16,2026,12,202612,3.0,191.0,194.0,738.0,,194.0,INF_ALL,26.287262872628723,8.801428571428572,2.62,15.05,2.5528571428571434,10,10,True
WPR,JPN,Japan,JP,NH,NH,SENTINEL,2026-03-23,2026,13,202613,10.0,157.0,167.0,738.0,,167.0,INF_ALL,22.628726287262875,11.151428571428571,4.98,17.75,2.3499999999999996,10,10,True
WPR,JPN,Japan,JP,NH,NH,SENTINEL,2026-03-30,2026,14,202614,5.0,116.0,121.0,729.0,,121.0,INF_ALL,16.598079561042525,13.454285714285714,6.5,20.35,2.3028571428571425,10,10,True
WPR,JPN,Japan,JP,NH,NH,SENTINEL,2026-04-06,2026,15,202615,2.0,68.0,70.0,764.0,,70.0,INF_ALL,9.162303664921463,13.871428571428572,5.720000000000001,20.990000000000002,0.41714285714285815,10,10,True
WPR,JPN,Japan,JP,NH,NH,SENTINEL,2026-04-13,2026,16,202616,3.0,40.0,43.0,789.0,,43.0,INF_ALL,5.4499366286438535,15.181428571428572,8.559999999999999,21.580000000000002,1.3100000000000005,10,10,True
WPR,JPN,Japan,JP,NH,NH,SENTINEL,2026-04-20,2026,17,202617,4.0,17.0,21.0,792.0,,21.0,INF_ALL,2.6515151515151514,14.73,7.92,21.330000000000002,-0.45142857142857196,10,10,True
WPR,JPN,Japan,JP,NH,NH,SENTINEL,2026-04-27,2026,18,202618,1.0,9.0,10.0,675.0,,10.0,INF_ALL,1.4814814814814816,15.55,9.47,22.619999999999997,0.8200000000000003,10,10,True
WPR,JPN,Japan,JP,NH,NH,SENTINEL,2026-05-04,2026,19,202619,2.0,1.0,3.0,425.0,,3.0,INF_ALL,0.7058823529411765,16.39,9.32,23.020000000000003,0.8399999999999999,10,10,True
WPR,JPN,Japan,JP,NH,NH,SENTINEL,2026-05-11,2026,20,202620,1.0,5.0,6.0,669.0,,6.0,INF_ALL,0.8968609865470852,18.31142857142857,11.690000000000001,25.59,1.9214285714285708,10,10,True
WPR,JPN,Japan,JP,NH,NH,SENTINEL,2026-05-18,2026,21,202621,1.0,6.0,7.0,654.0,,7.0,INF_ALL,1.0703363914373087,19.484285714285715,13.319999999999999,26.53,1.1728571428571435,10,10,True
WPR,JPN,Japan,JP,NH,NH,SENTINEL,2026-05-25,2026,22,202622,2.0,1.0,3.0,655.0,,3.0,INF_ALL,0.4580152671755725,21.374285714285712,15.15,27.130000000000003,1.889999999999997,10,10,True
WPR,JPN,Japan,JP,NH,NH,SENTINEL,2026-06-01,2026,23,202623,2.0,5.0,7.0,612.0,,7.0,INF_ALL,1.1437908496732023,20.65142857142857,16.580000000000002,27.74,-0.7228571428571406,10,10,True
WPR,JPN,Japan,JP,NH,NH,SENTINEL,2026-06-08,2026,24,202624,,1.0,1.0,606.0,,1.0,INF_ALL,0.165016501650165,20.27285714285714,14.89,25.8,-0.3785714285714299,10,10,True
WPR,JPN,Japan,JP,NH,NH,SENTINEL,2026-06-15,2026,25,202625,1.0,0.0,1.0,568.0,,1.0,INF_ALL,0.176056338028169,22.318571428571428,17.21,27.259999999999998,2.0457142857142863,10,10,True
WPR,JPN,Japan,JP,NH,NH,SENTINEL,2026-06-22,2026,26,202626,3.0,0.0,3.0,542.0,,3.0,INF_ALL,0.5535055350553505,21.298571428571428,17.369999999999997,26.060000000000002,-1.0199999999999996,10,10,True
WPR,JPN,Japan,JP,NH,NH,SENTINEL,2026-06-29,2026,27,202627,1.0,0.0,1.0,535.0,,1.0,INF_ALL,0.1869158878504673,22.955714285714286,19.09,27.439999999999998,1.6571428571428584,10,10,True
WPR,JPN,Japan,JP,NH,NH,SENTINEL,2026-07-06,2026,28,202628,4.0,0.0,4.0,493.0,,4.0,INF_ALL,0.8113590263691683,24.892857142857146,20.880000000000003,29.839999999999996,1.9371428571428595,10,10,True
WPR,JPN,Japan,JP,NH,NH,SENTINEL,2026-07-13,2026,29,202629,3.0,0.0,3.0,418.0,,3.0,INF_ALL,0.7177033492822966,27.28,23.740000000000002,32.0,2.3871428571428552,10,10,True
WPR,JPN,Japan,JP,NH,NH,SENTINEL,2026-07-20,2026,30,202630,3.0,0.0,3.0,285.0,,3.0,INF_ALL,1.0526315789473684,28.092857142857145,23.96,32.980000000000004,0.812857142857144,10,10,True
WPR,JPN,Japan,JP,NH,NH,SENTINEL,2026-07-27,2026,31,202631,4.0,0.0,4.0,194.0,,4.0,INF_ALL,2.061855670103093,27.387142857142855,22.990000000000002,32.82,-0.70571428571429,10,10,True
WPR,JPN,Japan,JP,NH,NH,SENTINEL,2026-08-03,2026,32,202632,3.0,0.0,3.0,54.0,,3.0,INF_ALL,5.555555555555555,27.542857142857144,22.910000000000004,33.38,0.15571428571428925,10,10,True
